settlement_item_id,settlement_batch_id,transaction_id,settlement_date,currency,gross_amount_minor,refund_amount_minor,reversal_amount_minor,net_amount_minor,status
STI-000000001,STB-000134,TXN-00000003,2026-02-16,THB,847,0,0,847,SETTLED
STI-000000002,STB-000098,TXN-00000005,2026-02-04,THB,10673,0,0,10673,SETTLED
STI-000000003,STB-000100,TXN-00000008,2026-02-05,SGD,5872,0,0,5872,SETTLED
STI-000000004,STB-000135,TXN-00000009,2026-02-16,USD,5227,0,0,5227,SETTLED
STI-000000005,STB-000066,TXN-00000010,2026-01-24,USD,6397,0,0,6397,SETTLED
STI-000000006,STB-000092,TXN-00000011,2026-02-02,THB,30114,0,0,30114,SETTLED
STI-000000007,STB-000042,TXN-00000012,2026-01-16,USD,26937,0,0,26937,SETTLED
STI-000000008,STB-000118,TXN-00000013,2026-02-11,SGD,2227,0,2227,0,SETTLED
STI-000000009,STB-000035,TXN-00000014,2026-01-14,THB,5376,0,0,5376,SETTLED
STI-000000010,STB-000174,TXN-00000015,2026-03-01,USD,1692,0,0,1692,SETTLED
STI-000000011,STB-000085,TXN-00000016,2026-01-31,SGD,6408,0,0,6408,SETTLED
STI-000000012,STB-000034,TXN-00000017,2026-01-14,SGD,763,0,0,763,SETTLED
STI-000000013,STB-000035,TXN-00000018,2026-01-14,THB,4566,0,0,4566,SETTLED
STI-000000014,STB-000164,TXN-00000020,2026-02-26,THB,3380,0,0,3380,SETTLED
STI-000000015,STB-000145,TXN-00000021,2026-02-20,SGD,3756,0,0,3756,SETTLED
STI-000000016,STB-000111,TXN-00000022,2026-02-08,USD,5072,0,0,5072,SETTLED
STI-000000017,STB-000099,TXN-00000023,2026-02-04,USD,1395,0,0,1395,SETTLED
STI-000000018,STB-000008,TXN-00000024,2026-01-05,THB,14738,7237,0,7501,SETTLED
STI-000000019,STB-000171,TXN-00000025,2026-02-28,USD,6206,0,0,6206,SETTLED
STI-000000020,STB-000121,TXN-00000026,2026-02-12,SGD,9185,0,0,9185,SETTLED
STI-000000021,STB-000159,TXN-00000028,2026-02-24,USD,24653,0,0,24653,SETTLED
STI-000000022,STB-000003,TXN-00000029,2026-01-03,USD,9647,0,0,9647,SETTLED
STI-000000023,STB-000055,TXN-00000030,2026-01-21,SGD,6655,3960,0,2695,SETTLED
STI-000000024,STB-000033,TXN-00000031,2026-01-13,USD,6876,0,0,6876,SETTLED
STI-000000025,STB-000122,TXN-00000034,2026-02-12,THB,12590,0,0,12590,SETTLED
STI-000000026,STB-000121,TXN-00000035,2026-02-12,SGD,11817,0,0,11817,SETTLED
STI-000000027,STB-000019,TXN-00000036,2026-01-09,SGD,2635,0,0,2635,SETTLED
STI-000000028,STB-000130,TXN-00000037,2026-02-15,SGD,806,0,0,806,SETTLED
STI-000000029,STB-000166,TXN-00000038,2026-02-27,SGD,6248,0,0,6248,SETTLED
STI-000000030,STB-000095,TXN-00000040,2026-02-03,THB,4716,0,0,4716,SETTLED
STI-000000031,STB-000138,TXN-00000041,2026-02-17,USD,1773,0,0,1773,SETTLED
STI-000000032,STB-000052,TXN-00000042,2026-01-20,SGD,14645,0,0,14645,SETTLED
STI-000000033,STB-000017,TXN-00000043,2026-01-08,THB,3180,0,0,3180,SETTLED
STI-000000034,STB-000006,TXN-00000044,2026-01-04,USD,13464,0,0,13464,SETTLED
STI-000000035,STB-000171,TXN-00000045,2026-02-28,USD,2346,0,0,2346,SETTLED
STI-000000036,STB-000082,TXN-00000047,2026-01-30,SGD,1572,1150,0,422,SETTLED
STI-000000037,STB-000114,TXN-00000048,2026-02-09,USD,5937,0,0,5937,SETTLED
STI-000000038,STB-000096,TXN-00000049,2026-02-03,USD,11463,0,0,11463,SETTLED
STI-000000039,STB-000163,TXN-00000050,2026-02-26,SGD,2600,1746,0,854,SETTLED
STI-000000040,STB-000106,TXN-00000051,2026-02-07,SGD,4507,2058,0,2449,SETTLED
STI-000000041,STB-000152,TXN-00000052,2026-02-22,THB,5923,0,0,5923,SETTLED
STI-000000042,STB-000009,TXN-00000053,2026-01-05,USD,10262,0,0,10262,SETTLED
STI-000000043,STB-000025,TXN-00000054,2026-01-11,SGD,960,372,0,588,SETTLED
STI-000000044,STB-000063,TXN-00000055,2026-01-23,USD,1853,0,0,1853,SETTLED
STI-000000045,STB-000098,TXN-00000056,2026-02-04,THB,6906,0,0,6906,SETTLED
STI-000000046,STB-000102,TXN-00000057,2026-02-05,USD,1761,0,1761,0,SETTLED
STI-000000047,STB-000009,TXN-00000058,2026-01-05,USD,4627,0,0,4627,SETTLED
STI-000000048,STB-000056,TXN-00000060,2026-01-21,THB,3264,0,0,3264,SETTLED
STI-000000049,STB-000054,TXN-00000061,2026-01-20,USD,5062,0,0,5062,SETTLED
STI-000000050,STB-000096,TXN-00000062,2026-02-03,USD,6966,0,0,6966,SETTLED
STI-000000051,STB-000039,TXN-00000063,2026-01-15,USD,4212,0,0,4212,SETTLED
STI-000000052,STB-000092,TXN-00000064,2026-02-02,THB,444,0,0,444,SETTLED
STI-000000053,STB-000025,TXN-00000065,2026-01-11,SGD,22667,0,0,22667,SETTLED
STI-000000054,STB-000144,TXN-00000066,2026-02-19,USD,1402,0,0,1402,SETTLED
STI-000000055,STB-000169,TXN-00000067,2026-02-28,SGD,1613,0,0,1613,SETTLED
STI-000000056,STB-000116,TXN-00000069,2026-02-10,THB,15440,0,0,15440,SETTLED
STI-000000057,STB-000158,TXN-00000070,2026-02-24,THB,2155,0,0,2155,SETTLED
STI-000000058,STB-000180,TXN-00000071,2026-03-03,USD,22074,0,0,22074,SETTLED
STI-000000059,STB-000147,TXN-00000072,2026-02-20,USD,4655,4326,0,329,SETTLED
STI-000000060,STB-000101,TXN-00000073,2026-02-05,THB,4118,0,0,4118,SETTLED
STI-000000061,STB-000115,TXN-00000074,2026-02-10,SGD,3788,0,0,3788,SETTLED
STI-000000062,STB-000129,TXN-00000075,2026-02-14,USD,4641,0,0,4641,SETTLED
STI-000000063,STB-000142,TXN-00000076,2026-02-19,SGD,776,0,0,776,SETTLED
STI-000000064,STB-000114,TXN-00000077,2026-02-09,USD,12339,0,0,12339,SETTLED
STI-000000065,STB-000018,TXN-00000078,2026-01-08,USD,15075,0,0,15075,SETTLED
STI-000000066,STB-000034,TXN-00000079,2026-01-14,SGD,2927,0,0,2927,SETTLED
STI-000000067,STB-000134,TXN-00000080,2026-02-16,THB,3371,902,0,2469,SETTLED
STI-000000068,STB-000125,TXN-00000083,2026-02-13,THB,2634,0,0,2634,SETTLED
STI-000000069,STB-000092,TXN-00000084,2026-02-02,THB,1022,0,0,1022,SETTLED
STI-000000070,STB-000057,TXN-00000086,2026-01-21,USD,1152,0,0,1152,SETTLED
STI-000000071,STB-000154,TXN-00000087,2026-02-23,SGD,9834,0,0,9834,SETTLED
STI-000000072,STB-000121,TXN-00000090,2026-02-12,SGD,3193,0,0,3193,SETTLED
STI-000000073,STB-000180,TXN-00000091,2026-03-03,USD,5742,0,0,5742,SETTLED
STI-000000074,STB-000014,TXN-00000092,2026-01-07,THB,3596,0,0,3596,SETTLED
STI-000000075,STB-000173,TXN-00000094,2026-03-01,THB,4619,0,0,4619,SETTLED
STI-000000076,STB-000148,TXN-00000095,2026-02-21,SGD,12339,0,0,12339,SETTLED
STI-000000077,STB-000119,TXN-00000096,2026-02-11,THB,2600,0,0,2600,SETTLED
STI-000000078,STB-000038,TXN-00000098,2026-01-15,THB,3438,1850,0,1588,SETTLED
STI-000000079,STB-000027,TXN-00000100,2026-01-11,USD,2756,0,0,2756,SETTLED
STI-000000080,STB-000104,TXN-00000101,2026-02-06,THB,4312,0,0,4312,SETTLED
STI-000000081,STB-000117,TXN-00000102,2026-02-10,USD,4636,0,0,4636,SETTLED
STI-000000082,STB-000104,TXN-00000104,2026-02-06,THB,8343,0,0,8343,SETTLED
STI-000000083,STB-000075,TXN-00000105,2026-01-27,USD,3583,0,0,3583,SETTLED
STI-000000084,STB-000047,TXN-00000106,2026-01-18,THB,3021,949,0,2072,SETTLED
STI-000000085,STB-000087,TXN-00000107,2026-01-31,USD,4855,0,0,4855,SETTLED
STI-000000086,STB-000051,TXN-00000108,2026-01-19,USD,18036,0,0,18036,SETTLED
STI-000000087,STB-000062,TXN-00000109,2026-01-23,THB,6981,0,6981,0,SETTLED
STI-000000088,STB-000078,TXN-00000110,2026-01-28,USD,8144,0,0,8144,SETTLED
STI-000000089,STB-000074,TXN-00000111,2026-01-27,THB,1694,0,0,1694,SETTLED
STI-000000090,STB-000023,TXN-00000113,2026-01-10,THB,16034,0,0,16034,SETTLED
STI-000000091,STB-000006,TXN-00000114,2026-01-04,USD,13328,0,0,13328,SETTLED
STI-000000092,STB-000070,TXN-00000115,2026-01-26,SGD,2748,0,0,2748,SETTLED
STI-000000093,STB-000003,TXN-00000116,2026-01-03,USD,1168,0,0,1168,SETTLED
STI-000000094,STB-000042,TXN-00000117,2026-01-16,USD,7414,0,0,7414,SETTLED
STI-000000095,STB-000053,TXN-00000118,2026-01-20,THB,41826,0,0,41826,SETTLED
STI-000000096,STB-000032,TXN-00000119,2026-01-13,THB,2346,0,0,2346,SETTLED
STI-000000097,STB-000125,TXN-00000120,2026-02-13,THB,2132,0,0,2132,SETTLED
STI-000000098,STB-000117,TXN-00000121,2026-02-10,USD,1144,0,0,1144,SETTLED
STI-000000099,STB-000005,TXN-00000122,2026-01-04,THB,2998,0,0,2998,SETTLED
STI-000000100,STB-000157,TXN-00000123,2026-02-24,SGD,1048,0,0,1048,SETTLED
STI-000000101,STB-000163,TXN-00000124,2026-02-26,SGD,1632,0,0,1632,SETTLED
STI-000000102,STB-000096,TXN-00000125,2026-02-03,USD,6669,0,0,6669,SETTLED
STI-000000103,STB-000011,TXN-00000128,2026-01-06,THB,2894,0,0,2894,SETTLED
STI-000000104,STB-000158,TXN-00000129,2026-02-24,THB,7532,0,0,7532,SETTLED
STI-000000105,STB-000005,TXN-00000130,2026-01-04,THB,8310,0,0,8310,SETTLED
STI-000000106,STB-000080,TXN-00000131,2026-01-29,THB,9752,0,0,9752,SETTLED
STI-000000107,STB-000154,TXN-00000132,2026-02-23,SGD,14886,0,0,14886,SETTLED
STI-000000108,STB-000169,TXN-00000135,2026-02-28,SGD,4507,0,0,4507,SETTLED
STI-000000109,STB-000141,TXN-00000136,2026-02-18,USD,6644,0,0,6644,SETTLED
STI-000000110,STB-000057,TXN-00000137,2026-01-21,USD,1932,0,0,1932,SETTLED
STI-000000111,STB-000088,TXN-00000138,2026-02-01,SGD,5484,1775,0,3709,SETTLED
STI-000000112,STB-000037,TXN-00000140,2026-01-15,SGD,18796,0,0,18796,SETTLED
STI-000000113,STB-000023,TXN-00000141,2026-01-10,THB,31601,0,0,31601,SETTLED
STI-000000114,STB-000089,TXN-00000142,2026-02-01,THB,3068,0,0,3068,SETTLED
STI-000000115,STB-000069,TXN-00000143,2026-01-25,USD,9430,0,0,9430,SETTLED
STI-000000116,STB-000141,TXN-00000144,2026-02-18,USD,2999,0,0,2999,SETTLED
STI-000000117,STB-000016,TXN-00000148,2026-01-08,SGD,7083,0,0,7083,SETTLED
STI-000000118,STB-000116,TXN-00000149,2026-02-10,THB,5986,0,0,5986,SETTLED
STI-000000119,STB-000048,TXN-00000150,2026-01-18,USD,20607,0,0,20607,SETTLED
STI-000000120,STB-000063,TXN-00000151,2026-01-23,USD,8349,0,0,8349,SETTLED
STI-000000121,STB-000091,TXN-00000152,2026-02-02,SGD,2836,0,0,2836,SETTLED
STI-000000122,STB-000179,TXN-00000153,2026-03-03,THB,3075,0,0,3075,SETTLED
STI-000000123,STB-000175,TXN-00000154,2026-03-02,SGD,585,0,0,585,SETTLED
STI-000000124,STB-000047,TXN-00000155,2026-01-18,THB,4069,0,0,4069,SETTLED
STI-000000125,STB-000107,TXN-00000157,2026-02-07,THB,1955,0,0,1955,SETTLED
STI-000000126,STB-000106,TXN-00000158,2026-02-07,SGD,2434,0,0,2434,SETTLED
STI-000000127,STB-000042,TXN-00000160,2026-01-16,USD,13651,0,0,13651,SETTLED
STI-000000128,STB-000046,TXN-00000161,2026-01-18,SGD,5705,0,0,5705,SETTLED
STI-000000129,STB-000179,TXN-00000162,2026-03-03,THB,2784,0,0,2784,SETTLED
STI-000000130,STB-000116,TXN-00000163,2026-02-10,THB,30805,0,0,30805,SETTLED
STI-000000131,STB-000006,TXN-00000165,2026-01-04,USD,3100,0,0,3100,SETTLED
STI-000000132,STB-000010,TXN-00000166,2026-01-06,SGD,1234,0,0,1234,SETTLED
STI-000000133,STB-000061,TXN-00000167,2026-01-23,SGD,7665,0,0,7665,SETTLED
STI-000000134,STB-000164,TXN-00000168,2026-02-26,THB,3598,0,0,3598,SETTLED
STI-000000135,STB-000163,TXN-00000170,2026-02-26,SGD,6586,0,0,6586,SETTLED
STI-000000136,STB-000113,TXN-00000172,2026-02-09,THB,1997,1608,0,389,SETTLED
STI-000000137,STB-000075,TXN-00000173,2026-01-27,USD,3081,0,0,3081,SETTLED
STI-000000138,STB-000063,TXN-00000174,2026-01-23,USD,30946,0,0,30946,SETTLED
STI-000000139,STB-000079,TXN-00000175,2026-01-29,SGD,3658,0,0,3658,SETTLED
STI-000000140,STB-000077,TXN-00000177,2026-01-28,THB,2276,0,0,2276,SETTLED
STI-000000141,STB-000086,TXN-00000178,2026-01-31,THB,4449,0,0,4449,SETTLED
STI-000000142,STB-000144,TXN-00000179,2026-02-19,USD,3360,0,0,3360,SETTLED
STI-000000143,STB-000056,TXN-00000180,2026-01-21,THB,1931,0,0,1931,SETTLED
STI-000000144,STB-000132,TXN-00000181,2026-02-15,USD,3190,0,0,3190,SETTLED
STI-000000145,STB-000006,TXN-00000182,2026-01-04,USD,5915,3416,0,2499,SETTLED
STI-000000146,STB-000175,TXN-00000183,2026-03-02,SGD,15413,0,0,15413,SETTLED
STI-000000147,STB-000065,TXN-00000184,2026-01-24,THB,1983,867,0,1116,SETTLED
STI-000000148,STB-000121,TXN-00000185,2026-02-12,SGD,4017,0,0,4017,SETTLED
STI-000000149,STB-000059,TXN-00000186,2026-01-22,THB,1340,0,0,1340,SETTLED
STI-000000150,STB-000166,TXN-00000187,2026-02-27,SGD,2717,0,0,2717,SETTLED
STI-000000151,STB-000062,TXN-00000188,2026-01-23,THB,2644,0,0,2644,SETTLED
STI-000000152,STB-000055,TXN-00000190,2026-01-21,SGD,8678,0,0,8678,SETTLED
STI-000000153,STB-000092,TXN-00000191,2026-02-02,THB,1398,0,0,1398,SETTLED
STI-000000154,STB-000164,TXN-00000193,2026-02-26,THB,6523,0,0,6523,SETTLED
STI-000000155,STB-000139,TXN-00000194,2026-02-18,SGD,12770,0,0,12770,SETTLED
STI-000000156,STB-000019,TXN-00000195,2026-01-09,SGD,1651,0,0,1651,SETTLED
STI-000000157,STB-000097,TXN-00000196,2026-02-04,SGD,21723,0,0,21723,SETTLED
STI-000000158,STB-000070,TXN-00000197,2026-01-26,SGD,7507,0,7507,0,SETTLED
STI-000000159,STB-000078,TXN-00000199,2026-01-28,USD,7800,0,0,7800,SETTLED
STI-000000160,STB-000071,TXN-00000201,2026-01-26,THB,454,0,0,454,SETTLED
STI-000000161,STB-000174,TXN-00000202,2026-03-01,USD,15112,0,0,15112,SETTLED
STI-000000162,STB-000042,TXN-00000203,2026-01-16,USD,2682,2012,0,670,SETTLED
STI-000000163,STB-000131,TXN-00000204,2026-02-15,THB,3532,0,0,3532,SETTLED
STI-000000164,STB-000141,TXN-00000205,2026-02-18,USD,2632,0,0,2632,SETTLED
STI-000000165,STB-000007,TXN-00000206,2026-01-05,SGD,17559,0,0,17559,SETTLED
STI-000000166,STB-000017,TXN-00000207,2026-01-08,THB,5326,0,0,5326,SETTLED
STI-000000167,STB-000046,TXN-00000208,2026-01-18,SGD,10282,0,0,10282,SETTLED
STI-000000168,STB-000097,TXN-00000210,2026-02-04,SGD,10833,0,0,10833,SETTLED
STI-000000169,STB-000084,TXN-00000212,2026-01-30,USD,8497,0,0,8497,SETTLED
STI-000000170,STB-000120,TXN-00000213,2026-02-11,USD,1615,0,0,1615,SETTLED
STI-000000171,STB-000139,TXN-00000214,2026-02-18,SGD,1131,0,0,1131,SETTLED
STI-000000172,STB-000173,TXN-00000215,2026-03-01,THB,4820,0,0,4820,SETTLED
STI-000000173,STB-000073,TXN-00000217,2026-01-27,SGD,8721,0,0,8721,SETTLED
STI-000000174,STB-000009,TXN-00000218,2026-01-05,USD,30085,0,0,30085,SETTLED
STI-000000175,STB-000004,TXN-00000219,2026-01-04,SGD,12201,0,0,12201,SETTLED
STI-000000176,STB-000102,TXN-00000220,2026-02-05,USD,3823,0,0,3823,SETTLED
STI-000000177,STB-000122,TXN-00000221,2026-02-12,THB,6514,0,0,6514,SETTLED
STI-000000178,STB-000081,TXN-00000222,2026-01-29,USD,5760,0,0,5760,SETTLED
STI-000000179,STB-000074,TXN-00000223,2026-01-27,THB,7313,0,7313,0,SETTLED
STI-000000180,STB-000167,TXN-00000224,2026-02-27,THB,10719,0,0,10719,SETTLED
STI-000000181,STB-000085,TXN-00000225,2026-01-31,SGD,2879,0,0,2879,SETTLED
STI-000000182,STB-000026,TXN-00000226,2026-01-11,THB,2407,0,0,2407,SETTLED
STI-000000183,STB-000124,TXN-00000227,2026-02-13,SGD,2551,0,0,2551,SETTLED
STI-000000184,STB-000018,TXN-00000228,2026-01-08,USD,17514,0,0,17514,SETTLED
STI-000000185,STB-000127,TXN-00000230,2026-02-14,SGD,5594,0,0,5594,SETTLED
STI-000000186,STB-000064,TXN-00000231,2026-01-24,SGD,3824,0,0,3824,SETTLED
STI-000000187,STB-000003,TXN-00000232,2026-01-03,USD,5867,0,0,5867,SETTLED
STI-000000188,STB-000156,TXN-00000233,2026-02-23,USD,3922,0,0,3922,SETTLED
STI-000000189,STB-000172,TXN-00000234,2026-03-01,SGD,1508,0,0,1508,SETTLED
STI-000000190,STB-000175,TXN-00000235,2026-03-02,SGD,12825,0,0,12825,SETTLED
STI-000000191,STB-000099,TXN-00000237,2026-02-04,USD,6064,0,0,6064,SETTLED
STI-000000192,STB-000096,TXN-00000238,2026-02-03,USD,6013,0,0,6013,SETTLED
STI-000000193,STB-000086,TXN-00000239,2026-01-31,THB,5775,0,0,5775,SETTLED
STI-000000194,STB-000169,TXN-00000240,2026-02-28,SGD,4082,0,0,4082,SETTLED
STI-000000195,STB-000075,TXN-00000241,2026-01-27,USD,4067,0,0,4067,SETTLED
STI-000000196,STB-000135,TXN-00000242,2026-02-16,USD,11250,0,0,11250,SETTLED
STI-000000197,STB-000147,TXN-00000243,2026-02-20,USD,31244,0,0,31244,SETTLED
STI-000000198,STB-000047,TXN-00000244,2026-01-18,THB,3222,0,0,3222,SETTLED
STI-000000199,STB-000059,TXN-00000245,2026-01-22,THB,4024,0,0,4024,SETTLED
STI-000000200,STB-000133,TXN-00000246,2026-02-16,SGD,3271,0,0,3271,SETTLED
STI-000000201,STB-000152,TXN-00000247,2026-02-22,THB,4783,0,0,4783,SETTLED
STI-000000202,STB-000073,TXN-00000248,2026-01-27,SGD,6295,0,0,6295,SETTLED
STI-000000203,STB-000020,TXN-00000249,2026-01-09,THB,16589,0,0,16589,SETTLED
STI-000000204,STB-000025,TXN-00000250,2026-01-11,SGD,10930,0,0,10930,SETTLED
STI-000000205,STB-000005,TXN-00000251,2026-01-04,THB,13557,0,0,13557,SETTLED
STI-000000206,STB-000076,TXN-00000252,2026-01-28,SGD,4207,0,0,4207,SETTLED
STI-000000207,STB-000128,TXN-00000253,2026-02-14,THB,4441,0,0,4441,SETTLED
STI-000000208,STB-000136,TXN-00000254,2026-02-17,SGD,4492,0,0,4492,SETTLED
STI-000000209,STB-000171,TXN-00000255,2026-02-28,USD,1805,0,0,1805,SETTLED
STI-000000210,STB-000139,TXN-00000257,2026-02-18,SGD,3723,0,0,3723,SETTLED
STI-000000211,STB-000167,TXN-00000258,2026-02-27,THB,12068,0,0,12068,SETTLED
STI-000000212,STB-000097,TXN-00000261,2026-02-04,SGD,9890,0,0,9890,SETTLED
STI-000000213,STB-000120,TXN-00000263,2026-02-11,USD,1036,0,0,1036,SETTLED
STI-000000214,STB-000091,TXN-00000264,2026-02-02,SGD,4371,0,0,4371,SETTLED
STI-000000215,STB-000025,TXN-00000266,2026-01-11,SGD,26222,0,26222,0,SETTLED
STI-000000216,STB-000034,TXN-00000267,2026-01-14,SGD,22487,10204,0,12283,SETTLED
STI-000000217,STB-000137,TXN-00000268,2026-02-17,THB,9148,0,0,9148,SETTLED
STI-000000218,STB-000146,TXN-00000269,2026-02-20,THB,3337,655,0,2682,SETTLED
STI-000000219,STB-000138,TXN-00000271,2026-02-17,USD,13474,0,0,13474,SETTLED
STI-000000220,STB-000130,TXN-00000272,2026-02-15,SGD,6627,0,0,6627,SETTLED
STI-000000221,STB-000004,TXN-00000273,2026-01-04,SGD,11402,0,0,11402,SETTLED
STI-000000222,STB-000080,TXN-00000274,2026-01-29,THB,4588,0,0,4588,SETTLED
STI-000000223,STB-000132,TXN-00000275,2026-02-15,USD,3740,0,0,3740,SETTLED
STI-000000224,STB-000025,TXN-00000276,2026-01-11,SGD,1853,1494,0,359,SETTLED
STI-000000225,STB-000015,TXN-00000277,2026-01-07,USD,3642,0,0,3642,SETTLED
STI-000000226,STB-000107,TXN-00000278,2026-02-07,THB,11037,0,0,11037,SETTLED
STI-000000227,STB-000092,TXN-00000280,2026-02-02,THB,6955,0,0,6955,SETTLED
STI-000000228,STB-000112,TXN-00000281,2026-02-09,SGD,3238,0,0,3238,SETTLED
STI-000000229,STB-000053,TXN-00000283,2026-01-20,THB,10645,0,0,10645,SETTLED
STI-000000230,STB-000010,TXN-00000284,2026-01-06,SGD,11933,0,0,11933,SETTLED
STI-000000231,STB-000113,TXN-00000285,2026-02-09,THB,9675,0,0,9675,SETTLED
STI-000000232,STB-000011,TXN-00000286,2026-01-06,THB,8071,0,0,8071,SETTLED
STI-000000233,STB-000087,TXN-00000287,2026-01-31,USD,16874,0,0,16874,SETTLED
STI-000000234,STB-000129,TXN-00000288,2026-02-14,USD,7773,0,0,7773,SETTLED
STI-000000235,STB-000163,TXN-00000289,2026-02-26,SGD,2668,0,0,2668,SETTLED
STI-000000236,STB-000158,TXN-00000290,2026-02-24,THB,3673,0,0,3673,SETTLED
STI-000000237,STB-000016,TXN-00000291,2026-01-08,SGD,8688,0,0,8688,SETTLED
STI-000000238,STB-000116,TXN-00000292,2026-02-10,THB,33897,0,0,33897,SETTLED
STI-000000239,STB-000069,TXN-00000293,2026-01-25,USD,28076,0,0,28076,SETTLED
STI-000000240,STB-000106,TXN-00000294,2026-02-07,SGD,4312,0,0,4312,SETTLED
STI-000000241,STB-000091,TXN-00000295,2026-02-02,SGD,2798,0,0,2798,SETTLED
STI-000000242,STB-000106,TXN-00000296,2026-02-07,SGD,14938,0,0,14938,SETTLED
STI-000000243,STB-000113,TXN-00000299,2026-02-09,THB,16267,0,0,16267,SETTLED
STI-000000244,STB-000057,TXN-00000300,2026-01-21,USD,11394,0,0,11394,SETTLED
STI-000000245,STB-000167,TXN-00000301,2026-02-27,THB,3694,0,0,3694,SETTLED
STI-000000246,STB-000123,TXN-00000302,2026-02-12,USD,8416,0,0,8416,SETTLED
STI-000000247,STB-000172,TXN-00000303,2026-03-01,SGD,2912,0,0,2912,SETTLED
STI-000000248,STB-000082,TXN-00000304,2026-01-30,SGD,7916,0,0,7916,SETTLED
STI-000000249,STB-000092,TXN-00000305,2026-02-02,THB,2344,0,0,2344,SETTLED
STI-000000250,STB-000136,TXN-00000306,2026-02-17,SGD,3091,0,0,3091,SETTLED
STI-000000251,STB-000131,TXN-00000307,2026-02-15,THB,3505,0,0,3505,SETTLED
STI-000000252,STB-000163,TXN-00000308,2026-02-26,SGD,5723,0,0,5723,SETTLED
STI-000000253,STB-000035,TXN-00000309,2026-01-14,THB,10443,0,0,10443,SETTLED
STI-000000254,STB-000134,TXN-00000310,2026-02-16,THB,4155,0,0,4155,SETTLED
STI-000000255,STB-000155,TXN-00000311,2026-02-23,THB,17825,0,0,17825,SETTLED
STI-000000256,STB-000155,TXN-00000312,2026-02-23,THB,30222,0,0,30222,SETTLED
STI-000000257,STB-000083,TXN-00000313,2026-01-30,THB,38195,0,0,38195,SETTLED
STI-000000258,STB-000117,TXN-00000314,2026-02-10,USD,2271,0,0,2271,SETTLED
STI-000000259,STB-000172,TXN-00000316,2026-03-01,SGD,7879,0,0,7879,SETTLED
STI-000000260,STB-000174,TXN-00000318,2026-03-01,USD,5277,0,0,5277,SETTLED
STI-000000261,STB-000147,TXN-00000319,2026-02-20,USD,6971,5663,0,1308,SETTLED
STI-000000262,STB-000008,TXN-00000321,2026-01-05,THB,4989,0,0,4989,SETTLED
STI-000000263,STB-000059,TXN-00000322,2026-01-22,THB,18582,0,0,18582,SETTLED
STI-000000264,STB-000065,TXN-00000323,2026-01-24,THB,2745,0,0,2745,SETTLED
STI-000000265,STB-000061,TXN-00000324,2026-01-23,SGD,13445,0,0,13445,SETTLED
STI-000000266,STB-000066,TXN-00000325,2026-01-24,USD,29024,0,0,29024,SETTLED
STI-000000267,STB-000165,TXN-00000326,2026-02-26,USD,11660,0,0,11660,SETTLED
STI-000000268,STB-000133,TXN-00000327,2026-02-16,SGD,3905,0,0,3905,SETTLED
STI-000000269,STB-000102,TXN-00000328,2026-02-05,USD,1911,0,0,1911,SETTLED
STI-000000270,STB-000120,TXN-00000329,2026-02-11,USD,3281,0,0,3281,SETTLED
STI-000000271,STB-000159,TXN-00000330,2026-02-24,USD,3783,0,0,3783,SETTLED
STI-000000272,STB-000160,TXN-00000331,2026-02-25,SGD,1640,0,0,1640,SETTLED
STI-000000273,STB-000161,TXN-00000332,2026-02-25,THB,5362,0,0,5362,SETTLED
STI-000000274,STB-000092,TXN-00000333,2026-02-02,THB,2689,0,0,2689,SETTLED
STI-000000275,STB-000142,TXN-00000334,2026-02-19,SGD,13256,0,0,13256,SETTLED
STI-000000276,STB-000062,TXN-00000335,2026-01-23,THB,4950,0,0,4950,SETTLED
STI-000000277,STB-000115,TXN-00000338,2026-02-10,SGD,7765,0,0,7765,SETTLED
STI-000000278,STB-000176,TXN-00000339,2026-03-02,THB,7055,0,0,7055,SETTLED
STI-000000279,STB-000170,TXN-00000340,2026-02-28,THB,1797,0,0,1797,SETTLED
STI-000000280,STB-000023,TXN-00000341,2026-01-10,THB,2634,0,0,2634,SETTLED
STI-000000281,STB-000026,TXN-00000342,2026-01-11,THB,2175,0,0,2175,SETTLED
STI-000000282,STB-000055,TXN-00000344,2026-01-21,SGD,1275,0,0,1275,SETTLED
STI-000000283,STB-000136,TXN-00000345,2026-02-17,SGD,10641,0,0,10641,SETTLED
STI-000000284,STB-000005,TXN-00000346,2026-01-04,THB,5512,0,0,5512,SETTLED
STI-000000285,STB-000168,TXN-00000348,2026-02-27,USD,4125,0,0,4125,SETTLED
STI-000000286,STB-000089,TXN-00000349,2026-02-01,THB,2368,0,0,2368,SETTLED
STI-000000287,STB-000174,TXN-00000350,2026-03-01,USD,1673,0,0,1673,SETTLED
STI-000000288,STB-000175,TXN-00000351,2026-03-02,SGD,2405,0,0,2405,SETTLED
STI-000000289,STB-000048,TXN-00000352,2026-01-18,USD,3263,0,0,3263,SETTLED
STI-000000290,STB-000053,TXN-00000355,2026-01-20,THB,21711,0,0,21711,SETTLED
STI-000000291,STB-000161,TXN-00000356,2026-02-25,THB,14376,0,0,14376,SETTLED
STI-000000292,STB-000037,TXN-00000357,2026-01-15,SGD,21447,0,0,21447,SETTLED
STI-000000293,STB-000154,TXN-00000359,2026-02-23,SGD,19124,0,0,19124,SETTLED
STI-000000294,STB-000066,TXN-00000360,2026-01-24,USD,943,0,0,943,SETTLED
STI-000000295,STB-000058,TXN-00000361,2026-01-22,SGD,1004,0,0,1004,SETTLED
STI-000000296,STB-000142,TXN-00000362,2026-02-19,SGD,4442,0,0,4442,SETTLED
STI-000000297,STB-000002,TXN-00000363,2026-01-03,THB,7094,0,0,7094,SETTLED
STI-000000298,STB-000090,TXN-00000364,2026-02-01,USD,7974,0,0,7974,SETTLED
STI-000000299,STB-000112,TXN-00000366,2026-02-09,SGD,1058,0,0,1058,SETTLED
STI-000000300,STB-000075,TXN-00000367,2026-01-27,USD,23030,0,0,23030,SETTLED
STI-000000301,STB-000086,TXN-00000368,2026-01-31,THB,6836,0,0,6836,SETTLED
STI-000000302,STB-000074,TXN-00000369,2026-01-27,THB,12082,0,0,12082,SETTLED
STI-000000303,STB-000154,TXN-00000370,2026-02-23,SGD,1447,718,0,729,SETTLED
STI-000000304,STB-000165,TXN-00000371,2026-02-26,USD,6731,2207,0,4524,SETTLED
STI-000000305,STB-000058,TXN-00000373,2026-01-22,SGD,1708,0,0,1708,SETTLED
STI-000000306,STB-000006,TXN-00000374,2026-01-04,USD,12799,0,0,12799,SETTLED
STI-000000307,STB-000085,TXN-00000377,2026-01-31,SGD,6419,0,0,6419,SETTLED
STI-000000308,STB-000036,TXN-00000378,2026-01-14,USD,1772,0,0,1772,SETTLED
STI-000000309,STB-000132,TXN-00000381,2026-02-15,USD,14706,0,14706,0,SETTLED
STI-000000310,STB-000086,TXN-00000382,2026-01-31,THB,8237,3338,0,4899,SETTLED
STI-000000311,STB-000059,TXN-00000383,2026-01-22,THB,4358,0,0,4358,SETTLED
STI-000000312,STB-000064,TXN-00000384,2026-01-24,SGD,1519,0,1519,0,SETTLED
STI-000000313,STB-000115,TXN-00000385,2026-02-10,SGD,71057,0,0,71057,SETTLED
STI-000000314,STB-000173,TXN-00000386,2026-03-01,THB,6601,0,0,6601,SETTLED
STI-000000315,STB-000095,TXN-00000387,2026-02-03,THB,7417,3635,0,3782,SETTLED
STI-000000316,STB-000099,TXN-00000388,2026-02-04,USD,1801,0,0,1801,SETTLED
STI-000000317,STB-000095,TXN-00000389,2026-02-03,THB,1696,0,0,1696,SETTLED
STI-000000318,STB-000127,TXN-00000390,2026-02-14,SGD,988,0,0,988,SETTLED
STI-000000319,STB-000109,TXN-00000391,2026-02-08,SGD,2724,0,2724,0,SETTLED
STI-000000320,STB-000154,TXN-00000392,2026-02-23,SGD,6435,0,0,6435,SETTLED
STI-000000321,STB-000049,TXN-00000397,2026-01-19,SGD,1961,0,0,1961,SETTLED
STI-000000322,STB-000125,TXN-00000400,2026-02-13,THB,4663,0,0,4663,SETTLED
STI-000000323,STB-000113,TXN-00000401,2026-02-09,THB,9007,0,0,9007,SETTLED
STI-000000324,STB-000163,TXN-00000402,2026-02-26,SGD,5724,0,0,5724,SETTLED
STI-000000325,STB-000096,TXN-00000403,2026-02-03,USD,8185,0,0,8185,SETTLED
STI-000000326,STB-000089,TXN-00000404,2026-02-01,THB,16307,0,0,16307,SETTLED
STI-000000327,STB-000150,TXN-00000405,2026-02-21,USD,7383,0,0,7383,SETTLED
STI-000000328,STB-000016,TXN-00000407,2026-01-08,SGD,782,0,0,782,SETTLED
STI-000000329,STB-000137,TXN-00000408,2026-02-17,THB,1852,0,1852,0,SETTLED
STI-000000330,STB-000168,TXN-00000410,2026-02-27,USD,9700,0,0,9700,SETTLED
STI-000000331,STB-000100,TXN-00000411,2026-02-05,SGD,4671,0,0,4671,SETTLED
STI-000000332,STB-000129,TXN-00000412,2026-02-14,USD,2853,0,0,2853,SETTLED
STI-000000333,STB-000076,TXN-00000413,2026-01-28,SGD,3967,0,0,3967,SETTLED
STI-000000334,STB-000094,TXN-00000415,2026-02-03,SGD,2984,0,0,2984,SETTLED
STI-000000335,STB-000013,TXN-00000416,2026-01-07,SGD,1987,0,0,1987,SETTLED
STI-000000336,STB-000001,TXN-00000417,2026-01-03,SGD,4749,0,0,4749,SETTLED
STI-000000337,STB-000041,TXN-00000418,2026-01-16,THB,40763,0,0,40763,SETTLED
STI-000000338,STB-000166,TXN-00000419,2026-02-27,SGD,2956,0,0,2956,SETTLED
STI-000000339,STB-000049,TXN-00000420,2026-01-19,SGD,8214,0,0,8214,SETTLED
STI-000000340,STB-000042,TXN-00000421,2026-01-16,USD,5760,0,0,5760,SETTLED
STI-000000341,STB-000061,TXN-00000423,2026-01-23,SGD,754,0,0,754,SETTLED
STI-000000342,STB-000061,TXN-00000424,2026-01-23,SGD,8190,0,0,8190,SETTLED
STI-000000343,STB-000003,TXN-00000425,2026-01-03,USD,4072,0,0,4072,SETTLED
STI-000000344,STB-000085,TXN-00000426,2026-01-31,SGD,7316,0,0,7316,SETTLED
STI-000000345,STB-000084,TXN-00000427,2026-01-30,USD,1385,0,0,1385,SETTLED
STI-000000346,STB-000042,TXN-00000429,2026-01-16,USD,1583,0,0,1583,SETTLED
STI-000000347,STB-000114,TXN-00000430,2026-02-09,USD,3504,0,0,3504,SETTLED
STI-000000348,STB-000127,TXN-00000431,2026-02-14,SGD,3322,0,0,3322,SETTLED
STI-000000349,STB-000111,TXN-00000432,2026-02-08,USD,27246,0,0,27246,SETTLED
STI-000000350,STB-000180,TXN-00000435,2026-03-03,USD,7547,0,0,7547,SETTLED
STI-000000351,STB-000145,TXN-00000436,2026-02-20,SGD,15421,0,0,15421,SETTLED
STI-000000352,STB-000167,TXN-00000437,2026-02-27,THB,22886,0,0,22886,SETTLED
STI-000000353,STB-000074,TXN-00000438,2026-01-27,THB,1466,0,0,1466,SETTLED
STI-000000354,STB-000006,TXN-00000439,2026-01-04,USD,1496,789,0,707,SETTLED
STI-000000355,STB-000122,TXN-00000440,2026-02-12,THB,8157,0,0,8157,SETTLED
STI-000000356,STB-000156,TXN-00000441,2026-02-23,USD,37432,0,0,37432,SETTLED
STI-000000357,STB-000058,TXN-00000442,2026-01-22,SGD,3256,0,0,3256,SETTLED
STI-000000358,STB-000094,TXN-00000443,2026-02-03,SGD,3984,0,0,3984,SETTLED
STI-000000359,STB-000085,TXN-00000445,2026-01-31,SGD,10635,0,0,10635,SETTLED
STI-000000360,STB-000165,TXN-00000447,2026-02-26,USD,10315,0,0,10315,SETTLED
STI-000000361,STB-000019,TXN-00000449,2026-01-09,SGD,2533,0,0,2533,SETTLED
STI-000000362,STB-000151,TXN-00000450,2026-02-22,SGD,4277,0,0,4277,SETTLED
STI-000000363,STB-000044,TXN-00000451,2026-01-17,THB,5956,0,0,5956,SETTLED
STI-000000364,STB-000163,TXN-00000452,2026-02-26,SGD,58006,0,0,58006,SETTLED
STI-000000365,STB-000012,TXN-00000453,2026-01-06,USD,2883,0,0,2883,SETTLED
STI-000000366,STB-000117,TXN-00000454,2026-02-10,USD,9344,0,0,9344,SETTLED
STI-000000367,STB-000094,TXN-00000455,2026-02-03,SGD,14745,0,0,14745,SETTLED
STI-000000368,STB-000088,TXN-00000456,2026-02-01,SGD,4526,3552,0,974,SETTLED
STI-000000369,STB-000149,TXN-00000457,2026-02-21,THB,25777,0,0,25777,SETTLED
STI-000000370,STB-000076,TXN-00000460,2026-01-28,SGD,439,0,0,439,SETTLED
STI-000000371,STB-000174,TXN-00000461,2026-03-01,USD,3915,0,0,3915,SETTLED
STI-000000372,STB-000143,TXN-00000462,2026-02-19,THB,12634,0,0,12634,SETTLED
STI-000000373,STB-000016,TXN-00000464,2026-01-08,SGD,4240,0,0,4240,SETTLED
STI-000000374,STB-000171,TXN-00000465,2026-02-28,USD,3141,0,0,3141,SETTLED
STI-000000375,STB-000058,TXN-00000466,2026-01-22,SGD,12239,0,0,12239,SETTLED
STI-000000376,STB-000004,TXN-00000467,2026-01-04,SGD,10500,0,10500,0,SETTLED
STI-000000377,STB-000016,TXN-00000468,2026-01-08,SGD,4341,0,0,4341,SETTLED
STI-000000378,STB-000059,TXN-00000470,2026-01-22,THB,9440,0,0,9440,SETTLED
STI-000000379,STB-000104,TXN-00000471,2026-02-06,THB,4638,0,0,4638,SETTLED
STI-000000380,STB-000078,TXN-00000474,2026-01-28,USD,4328,0,0,4328,SETTLED
STI-000000381,STB-000001,TXN-00000475,2026-01-03,SGD,2097,0,0,2097,SETTLED
STI-000000382,STB-000143,TXN-00000476,2026-02-19,THB,7175,0,0,7175,SETTLED
STI-000000383,STB-000074,TXN-00000477,2026-01-27,THB,14888,0,0,14888,SETTLED
STI-000000384,STB-000152,TXN-00000480,2026-02-22,THB,12638,0,0,12638,SETTLED
STI-000000385,STB-000052,TXN-00000481,2026-01-20,SGD,2437,0,0,2437,SETTLED
STI-000000386,STB-000127,TXN-00000482,2026-02-14,SGD,2545,0,2545,0,SETTLED
STI-000000387,STB-000109,TXN-00000483,2026-02-08,SGD,5443,0,0,5443,SETTLED
STI-000000388,STB-000150,TXN-00000484,2026-02-21,USD,4972,0,0,4972,SETTLED
STI-000000389,STB-000058,TXN-00000486,2026-01-22,SGD,19946,0,0,19946,SETTLED
STI-000000390,STB-000154,TXN-00000488,2026-02-23,SGD,16479,0,0,16479,SETTLED
STI-000000391,STB-000175,TXN-00000489,2026-03-02,SGD,27889,0,0,27889,SETTLED
STI-000000392,STB-000164,TXN-00000490,2026-02-26,THB,14372,0,0,14372,SETTLED
STI-000000393,STB-000159,TXN-00000491,2026-02-24,USD,3352,0,0,3352,SETTLED
STI-000000394,STB-000036,TXN-00000492,2026-01-14,USD,948,0,0,948,SETTLED
STI-000000395,STB-000119,TXN-00000493,2026-02-11,THB,3145,0,0,3145,SETTLED
STI-000000396,STB-000116,TXN-00000495,2026-02-10,THB,10649,0,0,10649,SETTLED
STI-000000397,STB-000018,TXN-00000497,2026-01-08,USD,5622,0,0,5622,SETTLED
STI-000000398,STB-000164,TXN-00000499,2026-02-26,THB,24525,0,0,24525,SETTLED
STI-000000399,STB-000093,TXN-00000500,2026-02-02,USD,861,0,0,861,SETTLED
STI-000000400,STB-000078,TXN-00000501,2026-01-28,USD,3080,0,0,3080,SETTLED
STI-000000401,STB-000150,TXN-00000503,2026-02-21,USD,5165,0,0,5165,SETTLED
STI-000000402,STB-000104,TXN-00000504,2026-02-06,THB,3084,0,0,3084,SETTLED
STI-000000403,STB-000163,TXN-00000506,2026-02-26,SGD,7673,0,0,7673,SETTLED
STI-000000404,STB-000025,TXN-00000507,2026-01-11,SGD,7287,0,0,7287,SETTLED
STI-000000405,STB-000180,TXN-00000508,2026-03-03,USD,12070,0,0,12070,SETTLED
STI-000000406,STB-000134,TXN-00000509,2026-02-16,THB,21971,0,0,21971,SETTLED
STI-000000407,STB-000074,TXN-00000510,2026-01-27,THB,513,0,0,513,SETTLED
STI-000000408,STB-000164,TXN-00000511,2026-02-26,THB,36201,0,0,36201,SETTLED
STI-000000409,STB-000107,TXN-00000513,2026-02-07,THB,18004,0,0,18004,SETTLED
STI-000000410,STB-000097,TXN-00000514,2026-02-04,SGD,4069,1323,0,2746,SETTLED
STI-000000411,STB-000172,TXN-00000515,2026-03-01,SGD,20011,12893,0,7118,SETTLED
STI-000000412,STB-000151,TXN-00000516,2026-02-22,SGD,22458,19761,0,2697,SETTLED
STI-000000413,STB-000054,TXN-00000517,2026-01-20,USD,14968,0,0,14968,SETTLED
STI-000000414,STB-000054,TXN-00000518,2026-01-20,USD,2417,0,0,2417,SETTLED
STI-000000415,STB-000027,TXN-00000519,2026-01-11,USD,3289,0,0,3289,SETTLED
STI-000000416,STB-000084,TXN-00000520,2026-01-30,USD,2270,0,0,2270,SETTLED
STI-000000417,STB-000081,TXN-00000522,2026-01-29,USD,7808,0,0,7808,SETTLED
STI-000000418,STB-000077,TXN-00000523,2026-01-28,THB,5091,0,0,5091,SETTLED
STI-000000419,STB-000178,TXN-00000524,2026-03-03,SGD,2988,0,0,2988,SETTLED
STI-000000420,STB-000143,TXN-00000525,2026-02-19,THB,1579,0,0,1579,SETTLED
STI-000000421,STB-000077,TXN-00000526,2026-01-28,THB,3089,0,0,3089,SETTLED
STI-000000422,STB-000062,TXN-00000527,2026-01-23,THB,16821,0,0,16821,SETTLED
STI-000000423,STB-000121,TXN-00000528,2026-02-12,SGD,2014,0,0,2014,SETTLED
STI-000000424,STB-000090,TXN-00000530,2026-02-01,USD,1909,0,0,1909,SETTLED
STI-000000425,STB-000037,TXN-00000532,2026-01-15,SGD,21779,0,0,21779,SETTLED
STI-000000426,STB-000075,TXN-00000533,2026-01-27,USD,25310,0,0,25310,SETTLED
STI-000000427,STB-000070,TXN-00000534,2026-01-26,SGD,15133,0,0,15133,SETTLED
STI-000000428,STB-000070,TXN-00000535,2026-01-26,SGD,1374,0,0,1374,SETTLED
STI-000000429,STB-000062,TXN-00000536,2026-01-23,THB,3462,0,0,3462,SETTLED
STI-000000430,STB-000162,TXN-00000537,2026-02-25,USD,4409,0,0,4409,SETTLED
STI-000000431,STB-000003,TXN-00000539,2026-01-03,USD,4927,0,0,4927,SETTLED
STI-000000432,STB-000046,TXN-00000541,2026-01-18,SGD,4266,0,0,4266,SETTLED
STI-000000433,STB-000001,TXN-00000542,2026-01-03,SGD,3382,0,0,3382,SETTLED
STI-000000434,STB-000122,TXN-00000543,2026-02-12,THB,8219,0,0,8219,SETTLED
STI-000000435,STB-000136,TXN-00000545,2026-02-17,SGD,5939,0,0,5939,SETTLED
STI-000000436,STB-000176,TXN-00000546,2026-03-02,THB,2466,0,0,2466,SETTLED
STI-000000437,STB-000027,TXN-00000547,2026-01-11,USD,11576,0,11576,0,SETTLED
STI-000000438,STB-000048,TXN-00000548,2026-01-18,USD,2445,0,0,2445,SETTLED
STI-000000439,STB-000041,TXN-00000549,2026-01-16,THB,5872,0,0,5872,SETTLED
STI-000000440,STB-000053,TXN-00000551,2026-01-20,THB,2513,0,0,2513,SETTLED
STI-000000441,STB-000161,TXN-00000553,2026-02-25,THB,1027,0,0,1027,SETTLED
STI-000000442,STB-000050,TXN-00000554,2026-01-19,THB,3773,0,0,3773,SETTLED
STI-000000443,STB-000006,TXN-00000555,2026-01-04,USD,1536,0,0,1536,SETTLED
STI-000000444,STB-000067,TXN-00000556,2026-01-25,SGD,4644,0,0,4644,SETTLED
STI-000000445,STB-000067,TXN-00000557,2026-01-25,SGD,7850,0,0,7850,SETTLED
STI-000000446,STB-000125,TXN-00000558,2026-02-13,THB,6803,0,0,6803,SETTLED
STI-000000447,STB-000008,TXN-00000559,2026-01-05,THB,8739,0,0,8739,SETTLED
STI-000000448,STB-000125,TXN-00000560,2026-02-13,THB,3942,0,0,3942,SETTLED
STI-000000449,STB-000131,TXN-00000561,2026-02-15,THB,4001,0,0,4001,SETTLED
STI-000000450,STB-000079,TXN-00000562,2026-01-29,SGD,7614,0,0,7614,SETTLED
STI-000000451,STB-000137,TXN-00000563,2026-02-17,THB,2878,0,0,2878,SETTLED
STI-000000452,STB-000074,TXN-00000566,2026-01-27,THB,13649,0,0,13649,SETTLED
STI-000000453,STB-000141,TXN-00000567,2026-02-18,USD,10452,0,0,10452,SETTLED
STI-000000454,STB-000139,TXN-00000568,2026-02-18,SGD,1393,0,0,1393,SETTLED
STI-000000455,STB-000141,TXN-00000571,2026-02-18,USD,9968,0,0,9968,SETTLED
STI-000000456,STB-000125,TXN-00000573,2026-02-13,THB,5555,0,0,5555,SETTLED
STI-000000457,STB-000165,TXN-00000574,2026-02-26,USD,4935,0,0,4935,SETTLED
STI-000000458,STB-000014,TXN-00000575,2026-01-07,THB,1555,0,1555,0,SETTLED
STI-000000459,STB-000124,TXN-00000577,2026-02-13,SGD,6399,0,0,6399,SETTLED
STI-000000460,STB-000031,TXN-00000578,2026-01-13,SGD,1799,0,0,1799,SETTLED
STI-000000461,STB-000052,TXN-00000580,2026-01-20,SGD,8428,0,0,8428,SETTLED
STI-000000462,STB-000133,TXN-00000583,2026-02-16,SGD,30184,0,0,30184,SETTLED
STI-000000463,STB-000111,TXN-00000585,2026-02-08,USD,5409,0,0,5409,SETTLED
STI-000000464,STB-000006,TXN-00000586,2026-01-04,USD,3182,0,0,3182,SETTLED
STI-000000465,STB-000046,TXN-00000587,2026-01-18,SGD,873,0,0,873,SETTLED
STI-000000466,STB-000088,TXN-00000588,2026-02-01,SGD,4754,0,0,4754,SETTLED
STI-000000467,STB-000026,TXN-00000590,2026-01-11,THB,12055,0,0,12055,SETTLED
STI-000000468,STB-000073,TXN-00000594,2026-01-27,SGD,3904,0,0,3904,SETTLED
STI-000000469,STB-000046,TXN-00000595,2026-01-18,SGD,1825,0,0,1825,SETTLED
STI-000000470,STB-000162,TXN-00000596,2026-02-25,USD,5353,0,0,5353,SETTLED
STI-000000471,STB-000173,TXN-00000598,2026-03-01,THB,2016,0,0,2016,SETTLED
STI-000000472,STB-000152,TXN-00000599,2026-02-22,THB,5292,0,0,5292,SETTLED
STI-000000473,STB-000029,TXN-00000600,2026-01-12,THB,5947,0,0,5947,SETTLED
STI-000000474,STB-000040,TXN-00000602,2026-01-16,SGD,12132,0,0,12132,SETTLED
STI-000000475,STB-000037,TXN-00000603,2026-01-15,SGD,6688,0,0,6688,SETTLED
STI-000000476,STB-000078,TXN-00000604,2026-01-28,USD,1930,0,0,1930,SETTLED
STI-000000477,STB-000109,TXN-00000605,2026-02-08,SGD,16030,0,16030,0,SETTLED
STI-000000478,STB-000168,TXN-00000606,2026-02-27,USD,2985,0,0,2985,SETTLED
STI-000000479,STB-000046,TXN-00000607,2026-01-18,SGD,2592,0,0,2592,SETTLED
STI-000000480,STB-000023,TXN-00000608,2026-01-10,THB,30098,0,0,30098,SETTLED
STI-000000481,STB-000015,TXN-00000609,2026-01-07,USD,6137,0,0,6137,SETTLED
STI-000000482,STB-000001,TXN-00000610,2026-01-03,SGD,7498,0,0,7498,SETTLED
STI-000000483,STB-000095,TXN-00000611,2026-02-03,THB,9470,0,0,9470,SETTLED
STI-000000484,STB-000031,TXN-00000613,2026-01-13,SGD,54186,0,0,54186,SETTLED
STI-000000485,STB-000117,TXN-00000615,2026-02-10,USD,3470,0,0,3470,SETTLED
STI-000000486,STB-000123,TXN-00000618,2026-02-12,USD,4580,1257,0,3323,SETTLED
STI-000000487,STB-000165,TXN-00000620,2026-02-26,USD,6135,0,0,6135,SETTLED
STI-000000488,STB-000081,TXN-00000621,2026-01-29,USD,918,0,0,918,SETTLED
STI-000000489,STB-000112,TXN-00000623,2026-02-09,SGD,1801,0,0,1801,SETTLED
STI-000000490,STB-000085,TXN-00000624,2026-01-31,SGD,9948,0,9948,0,SETTLED
STI-000000491,STB-000171,TXN-00000625,2026-02-28,USD,3481,0,0,3481,SETTLED
STI-000000492,STB-000090,TXN-00000626,2026-02-01,USD,23882,0,0,23882,SETTLED
STI-000000493,STB-000099,TXN-00000627,2026-02-04,USD,3492,0,0,3492,SETTLED
STI-000000494,STB-000155,TXN-00000628,2026-02-23,THB,5941,0,0,5941,SETTLED
STI-000000495,STB-000021,TXN-00000629,2026-01-09,USD,7435,0,0,7435,SETTLED
STI-000000496,STB-000140,TXN-00000630,2026-02-18,THB,994,0,0,994,SETTLED
STI-000000497,STB-000144,TXN-00000631,2026-02-19,USD,833,0,0,833,SETTLED
STI-000000498,STB-000029,TXN-00000632,2026-01-12,THB,3355,0,0,3355,SETTLED
STI-000000499,STB-000110,TXN-00000633,2026-02-08,THB,8702,0,0,8702,SETTLED
STI-000000500,STB-000173,TXN-00000634,2026-03-01,THB,6513,0,0,6513,SETTLED
STI-000000501,STB-000080,TXN-00000636,2026-01-29,THB,812,0,0,812,SETTLED
STI-000000502,STB-000029,TXN-00000638,2026-01-12,THB,11565,0,11565,0,SETTLED
STI-000000503,STB-000130,TXN-00000639,2026-02-15,SGD,17494,0,0,17494,SETTLED
STI-000000504,STB-000150,TXN-00000640,2026-02-21,USD,2155,0,2155,0,SETTLED
STI-000000505,STB-000038,TXN-00000642,2026-01-15,THB,3760,2251,0,1509,SETTLED
STI-000000506,STB-000015,TXN-00000643,2026-01-07,USD,2676,0,0,2676,SETTLED
STI-000000507,STB-000047,TXN-00000644,2026-01-18,THB,34244,0,0,34244,SETTLED
STI-000000508,STB-000045,TXN-00000646,2026-01-17,USD,23675,0,0,23675,SETTLED
STI-000000509,STB-000108,TXN-00000647,2026-02-07,USD,7944,0,0,7944,SETTLED
STI-000000510,STB-000099,TXN-00000648,2026-02-04,USD,3697,0,0,3697,SETTLED
STI-000000511,STB-000134,TXN-00000649,2026-02-16,THB,1042,0,0,1042,SETTLED
STI-000000512,STB-000095,TXN-00000650,2026-02-03,THB,3893,0,0,3893,SETTLED
STI-000000513,STB-000173,TXN-00000651,2026-03-01,THB,4137,3241,0,896,SETTLED
STI-000000514,STB-000009,TXN-00000653,2026-01-05,USD,2030,0,0,2030,SETTLED
STI-000000515,STB-000047,TXN-00000655,2026-01-18,THB,14222,10121,0,4101,SETTLED
STI-000000516,STB-000053,TXN-00000657,2026-01-20,THB,14184,0,0,14184,SETTLED
STI-000000517,STB-000171,TXN-00000660,2026-02-28,USD,12049,0,0,12049,SETTLED
STI-000000518,STB-000147,TXN-00000663,2026-02-20,USD,3694,0,3694,0,SETTLED
STI-000000519,STB-000017,TXN-00000665,2026-01-08,THB,5881,0,0,5881,SETTLED
STI-000000520,STB-000070,TXN-00000667,2026-01-26,SGD,9209,0,0,9209,SETTLED
STI-000000521,STB-000137,TXN-00000668,2026-02-17,THB,3603,0,0,3603,SETTLED
STI-000000522,STB-000007,TXN-00000669,2026-01-05,SGD,11250,0,0,11250,SETTLED
STI-000000523,STB-000068,TXN-00000670,2026-01-25,THB,1807,0,0,1807,SETTLED
STI-000000524,STB-000128,TXN-00000671,2026-02-14,THB,4120,0,0,4120,SETTLED
STI-000000525,STB-000132,TXN-00000673,2026-02-15,USD,1104,0,0,1104,SETTLED
STI-000000526,STB-000168,TXN-00000674,2026-02-27,USD,9971,0,0,9971,SETTLED
STI-000000527,STB-000064,TXN-00000675,2026-01-24,SGD,8939,0,0,8939,SETTLED
STI-000000528,STB-000112,TXN-00000676,2026-02-09,SGD,4902,0,0,4902,SETTLED
STI-000000529,STB-000075,TXN-00000677,2026-01-27,USD,2856,1631,0,1225,SETTLED
STI-000000530,STB-000031,TXN-00000678,2026-01-13,SGD,2034,0,0,2034,SETTLED
STI-000000531,STB-000007,TXN-00000679,2026-01-05,SGD,22054,0,0,22054,SETTLED
STI-000000532,STB-000164,TXN-00000681,2026-02-26,THB,2833,0,0,2833,SETTLED
STI-000000533,STB-000025,TXN-00000682,2026-01-11,SGD,29914,12740,0,17174,SETTLED
STI-000000534,STB-000158,TXN-00000683,2026-02-24,THB,4354,0,0,4354,SETTLED
STI-000000535,STB-000106,TXN-00000684,2026-02-07,SGD,6403,0,0,6403,SETTLED
STI-000000536,STB-000099,TXN-00000686,2026-02-04,USD,50010,0,0,50010,SETTLED
STI-000000537,STB-000017,TXN-00000687,2026-01-08,THB,3012,0,0,3012,SETTLED
STI-000000538,STB-000032,TXN-00000688,2026-01-13,THB,44992,0,0,44992,SETTLED
STI-000000539,STB-000116,TXN-00000689,2026-02-10,THB,11330,0,0,11330,SETTLED
STI-000000540,STB-000033,TXN-00000690,2026-01-13,USD,3069,0,0,3069,SETTLED
STI-000000541,STB-000170,TXN-00000691,2026-02-28,THB,979,0,0,979,SETTLED
STI-000000542,STB-000002,TXN-00000692,2026-01-03,THB,14675,2388,0,12287,SETTLED
STI-000000543,STB-000096,TXN-00000693,2026-02-03,USD,9323,0,0,9323,SETTLED
STI-000000544,STB-000147,TXN-00000694,2026-02-20,USD,6735,0,0,6735,SETTLED
STI-000000545,STB-000043,TXN-00000695,2026-01-17,SGD,3796,0,0,3796,SETTLED
STI-000000546,STB-000177,TXN-00000696,2026-03-02,USD,7749,0,0,7749,SETTLED
STI-000000547,STB-000046,TXN-00000697,2026-01-18,SGD,2128,0,0,2128,SETTLED
STI-000000548,STB-000082,TXN-00000698,2026-01-30,SGD,11514,0,0,11514,SETTLED
STI-000000549,STB-000160,TXN-00000699,2026-02-25,SGD,3850,0,0,3850,SETTLED
STI-000000550,STB-000151,TXN-00000700,2026-02-22,SGD,2316,0,0,2316,SETTLED
STI-000000551,STB-000158,TXN-00000701,2026-02-24,THB,4281,0,0,4281,SETTLED
STI-000000552,STB-000109,TXN-00000702,2026-02-08,SGD,12000,0,0,12000,SETTLED
STI-000000553,STB-000069,TXN-00000703,2026-01-25,USD,2629,0,2629,0,SETTLED
STI-000000554,STB-000081,TXN-00000704,2026-01-29,USD,13033,0,0,13033,SETTLED
STI-000000555,STB-000120,TXN-00000705,2026-02-11,USD,29413,0,0,29413,SETTLED
STI-000000556,STB-000054,TXN-00000706,2026-01-20,USD,7572,0,0,7572,SETTLED
STI-000000557,STB-000121,TXN-00000707,2026-02-12,SGD,2368,0,0,2368,SETTLED
STI-000000558,STB-000024,TXN-00000708,2026-01-10,USD,10927,0,0,10927,SETTLED
STI-000000559,STB-000042,TXN-00000709,2026-01-16,USD,4998,0,0,4998,SETTLED
STI-000000560,STB-000030,TXN-00000712,2026-01-12,USD,9216,0,0,9216,SETTLED
STI-000000561,STB-000168,TXN-00000713,2026-02-27,USD,4733,0,0,4733,SETTLED
STI-000000562,STB-000034,TXN-00000714,2026-01-14,SGD,15240,0,0,15240,SETTLED
STI-000000563,STB-000005,TXN-00000715,2026-01-04,THB,3772,0,0,3772,SETTLED
STI-000000564,STB-000078,TXN-00000716,2026-01-28,USD,4099,0,0,4099,SETTLED
STI-000000565,STB-000013,TXN-00000717,2026-01-07,SGD,3746,0,0,3746,SETTLED
STI-000000566,STB-000135,TXN-00000718,2026-02-16,USD,1250,0,0,1250,SETTLED
STI-000000567,STB-000132,TXN-00000720,2026-02-15,USD,6528,0,0,6528,SETTLED
STI-000000568,STB-000005,TXN-00000722,2026-01-04,THB,1857,1825,0,32,SETTLED
STI-000000569,STB-000036,TXN-00000723,2026-01-14,USD,4206,0,0,4206,SETTLED
STI-000000570,STB-000014,TXN-00000724,2026-01-07,THB,777,0,0,777,SETTLED
STI-000000571,STB-000062,TXN-00000725,2026-01-23,THB,7554,0,0,7554,SETTLED
STI-000000572,STB-000054,TXN-00000726,2026-01-20,USD,8477,0,0,8477,SETTLED
STI-000000573,STB-000025,TXN-00000728,2026-01-11,SGD,4223,0,0,4223,SETTLED
STI-000000574,STB-000103,TXN-00000729,2026-02-06,SGD,1159,0,0,1159,SETTLED
STI-000000575,STB-000129,TXN-00000730,2026-02-14,USD,8274,0,0,8274,SETTLED
STI-000000576,STB-000006,TXN-00000732,2026-01-04,USD,1138,0,0,1138,SETTLED
STI-000000577,STB-000128,TXN-00000733,2026-02-14,THB,7009,1470,0,5539,SETTLED
STI-000000578,STB-000076,TXN-00000734,2026-01-28,SGD,32217,0,0,32217,SETTLED
STI-000000579,STB-000076,TXN-00000735,2026-01-28,SGD,34297,0,0,34297,SETTLED
STI-000000580,STB-000109,TXN-00000736,2026-02-08,SGD,7274,0,0,7274,SETTLED
STI-000000581,STB-000105,TXN-00000737,2026-02-06,USD,38606,0,0,38606,SETTLED
STI-000000582,STB-000043,TXN-00000738,2026-01-17,SGD,62695,0,0,62695,SETTLED
STI-000000583,STB-000135,TXN-00000739,2026-02-16,USD,17218,0,17218,0,SETTLED
STI-000000584,STB-000117,TXN-00000740,2026-02-10,USD,4857,0,0,4857,SETTLED
STI-000000585,STB-000015,TXN-00000741,2026-01-07,USD,1088,0,0,1088,SETTLED
STI-000000586,STB-000061,TXN-00000742,2026-01-23,SGD,2940,2671,0,269,SETTLED
STI-000000587,STB-000115,TXN-00000743,2026-02-10,SGD,9617,0,0,9617,SETTLED
STI-000000588,STB-000025,TXN-00000744,2026-01-11,SGD,13397,0,0,13397,SETTLED
STI-000000589,STB-000171,TXN-00000745,2026-02-28,USD,26658,0,0,26658,SETTLED
STI-000000590,STB-000160,TXN-00000746,2026-02-25,SGD,1310,0,0,1310,SETTLED
STI-000000591,STB-000160,TXN-00000747,2026-02-25,SGD,2472,0,0,2472,SETTLED
STI-000000592,STB-000143,TXN-00000749,2026-02-19,THB,251,0,0,251,SETTLED
STI-000000593,STB-000061,TXN-00000750,2026-01-23,SGD,4123,0,0,4123,SETTLED
STI-000000594,STB-000123,TXN-00000752,2026-02-12,USD,33582,0,0,33582,SETTLED
STI-000000595,STB-000020,TXN-00000753,2026-01-09,THB,10184,0,0,10184,SETTLED
STI-000000596,STB-000030,TXN-00000754,2026-01-12,USD,21752,0,0,21752,SETTLED
STI-000000597,STB-000028,TXN-00000755,2026-01-12,SGD,11064,0,0,11064,SETTLED
STI-000000598,STB-000133,TXN-00000756,2026-02-16,SGD,39784,0,0,39784,SETTLED
STI-000000599,STB-000057,TXN-00000757,2026-01-21,USD,6874,0,0,6874,SETTLED
STI-000000600,STB-000073,TXN-00000758,2026-01-27,SGD,4948,0,0,4948,SETTLED
STI-000000601,STB-000054,TXN-00000759,2026-01-20,USD,6222,0,0,6222,SETTLED
STI-000000602,STB-000139,TXN-00000760,2026-02-18,SGD,1317,0,0,1317,SETTLED
STI-000000603,STB-000111,TXN-00000761,2026-02-08,USD,5553,0,0,5553,SETTLED
STI-000000604,STB-000045,TXN-00000762,2026-01-17,USD,5235,0,0,5235,SETTLED
STI-000000605,STB-000163,TXN-00000763,2026-02-26,SGD,11873,0,0,11873,SETTLED
STI-000000606,STB-000013,TXN-00000764,2026-01-07,SGD,2587,0,0,2587,SETTLED
STI-000000607,STB-000048,TXN-00000765,2026-01-18,USD,1809,0,0,1809,SETTLED
STI-000000608,STB-000007,TXN-00000766,2026-01-05,SGD,9442,0,0,9442,SETTLED
STI-000000609,STB-000076,TXN-00000767,2026-01-28,SGD,4313,0,0,4313,SETTLED
STI-000000610,STB-000044,TXN-00000768,2026-01-17,THB,1658,0,0,1658,SETTLED
STI-000000611,STB-000067,TXN-00000769,2026-01-25,SGD,4065,0,0,4065,SETTLED
STI-000000612,STB-000058,TXN-00000770,2026-01-22,SGD,3172,0,3172,0,SETTLED
STI-000000613,STB-000094,TXN-00000771,2026-02-03,SGD,3025,0,0,3025,SETTLED
STI-000000614,STB-000092,TXN-00000772,2026-02-02,THB,4980,0,0,4980,SETTLED
STI-000000615,STB-000138,TXN-00000773,2026-02-17,USD,5855,0,0,5855,SETTLED
STI-000000616,STB-000173,TXN-00000774,2026-03-01,THB,2321,0,0,2321,SETTLED
STI-000000617,STB-000021,TXN-00000775,2026-01-09,USD,668,0,0,668,SETTLED
STI-000000618,STB-000086,TXN-00000776,2026-01-31,THB,38011,0,38011,0,SETTLED
STI-000000619,STB-000153,TXN-00000777,2026-02-22,USD,3336,0,0,3336,SETTLED
STI-000000620,STB-000080,TXN-00000778,2026-01-29,THB,14409,0,0,14409,SETTLED
STI-000000621,STB-000001,TXN-00000779,2026-01-03,SGD,489,0,0,489,SETTLED
STI-000000622,STB-000160,TXN-00000780,2026-02-25,SGD,3971,0,0,3971,SETTLED
STI-000000623,STB-000092,TXN-00000781,2026-02-02,THB,5330,0,0,5330,SETTLED
STI-000000624,STB-000038,TXN-00000783,2026-01-15,THB,21146,0,0,21146,SETTLED
STI-000000625,STB-000059,TXN-00000785,2026-01-22,THB,8724,0,0,8724,SETTLED
STI-000000626,STB-000142,TXN-00000786,2026-02-19,SGD,3278,0,0,3278,SETTLED
STI-000000627,STB-000065,TXN-00000787,2026-01-24,THB,14584,0,0,14584,SETTLED
STI-000000628,STB-000136,TXN-00000788,2026-02-17,SGD,5435,0,0,5435,SETTLED
STI-000000629,STB-000147,TXN-00000789,2026-02-20,USD,3163,0,0,3163,SETTLED
STI-000000630,STB-000022,TXN-00000790,2026-01-10,SGD,26232,0,0,26232,SETTLED
STI-000000631,STB-000150,TXN-00000791,2026-02-21,USD,11600,0,0,11600,SETTLED
STI-000000632,STB-000071,TXN-00000795,2026-01-26,THB,3057,0,0,3057,SETTLED
STI-000000633,STB-000051,TXN-00000796,2026-01-19,USD,7850,0,0,7850,SETTLED
STI-000000634,STB-000087,TXN-00000797,2026-01-31,USD,2922,0,0,2922,SETTLED
STI-000000635,STB-000042,TXN-00000798,2026-01-16,USD,5754,0,0,5754,SETTLED
STI-000000636,STB-000027,TXN-00000799,2026-01-11,USD,3191,0,0,3191,SETTLED
STI-000000637,STB-000061,TXN-00000801,2026-01-23,SGD,1889,1336,0,553,SETTLED
STI-000000638,STB-000071,TXN-00000802,2026-01-26,THB,9804,0,0,9804,SETTLED
STI-000000639,STB-000086,TXN-00000803,2026-01-31,THB,46232,0,0,46232,SETTLED
STI-000000640,STB-000046,TXN-00000805,2026-01-18,SGD,2494,0,0,2494,SETTLED
STI-000000641,STB-000027,TXN-00000806,2026-01-11,USD,1864,0,0,1864,SETTLED
STI-000000642,STB-000092,TXN-00000808,2026-02-02,THB,3647,0,0,3647,SETTLED
STI-000000643,STB-000059,TXN-00000810,2026-01-22,THB,1721,0,0,1721,SETTLED
STI-000000644,STB-000050,TXN-00000811,2026-01-19,THB,3492,0,0,3492,SETTLED
STI-000000645,STB-000160,TXN-00000813,2026-02-25,SGD,4214,0,0,4214,SETTLED
STI-000000646,STB-000030,TXN-00000814,2026-01-12,USD,5610,0,5610,0,SETTLED
STI-000000647,STB-000002,TXN-00000815,2026-01-03,THB,6821,0,0,6821,SETTLED
STI-000000648,STB-000173,TXN-00000816,2026-03-01,THB,1377,0,1377,0,SETTLED
STI-000000649,STB-000167,TXN-00000817,2026-02-27,THB,10488,0,0,10488,SETTLED
STI-000000650,STB-000026,TXN-00000818,2026-01-11,THB,5010,0,0,5010,SETTLED
STI-000000651,STB-000099,TXN-00000819,2026-02-04,USD,15256,0,0,15256,SETTLED
STI-000000652,STB-000040,TXN-00000820,2026-01-16,SGD,8390,0,0,8390,SETTLED
STI-000000653,STB-000093,TXN-00000821,2026-02-02,USD,3401,0,0,3401,SETTLED
STI-000000654,STB-000064,TXN-00000822,2026-01-24,SGD,2950,0,0,2950,SETTLED
STI-000000655,STB-000141,TXN-00000824,2026-02-18,USD,2790,0,0,2790,SETTLED
STI-000000656,STB-000169,TXN-00000825,2026-02-28,SGD,2665,0,0,2665,SETTLED
STI-000000657,STB-000063,TXN-00000826,2026-01-23,USD,926,0,0,926,SETTLED
STI-000000658,STB-000070,TXN-00000827,2026-01-26,SGD,3682,0,0,3682,SETTLED
STI-000000659,STB-000009,TXN-00000828,2026-01-05,USD,931,0,0,931,SETTLED
STI-000000660,STB-000139,TXN-00000829,2026-02-18,SGD,6327,0,0,6327,SETTLED
STI-000000661,STB-000092,TXN-00000831,2026-02-02,THB,3738,0,0,3738,SETTLED
STI-000000662,STB-000012,TXN-00000832,2026-01-06,USD,6321,0,0,6321,SETTLED
STI-000000663,STB-000150,TXN-00000833,2026-02-21,USD,2199,0,0,2199,SETTLED
STI-000000664,STB-000081,TXN-00000834,2026-01-29,USD,4633,0,0,4633,SETTLED
STI-000000665,STB-000021,TXN-00000835,2026-01-09,USD,1855,0,0,1855,SETTLED
STI-000000666,STB-000164,TXN-00000836,2026-02-26,THB,4502,0,0,4502,SETTLED
STI-000000667,STB-000164,TXN-00000837,2026-02-26,THB,2039,0,0,2039,SETTLED
STI-000000668,STB-000016,TXN-00000838,2026-01-08,SGD,14704,0,0,14704,SETTLED
STI-000000669,STB-000050,TXN-00000839,2026-01-19,THB,8320,0,0,8320,SETTLED
STI-000000670,STB-000126,TXN-00000840,2026-02-13,USD,949,0,0,949,SETTLED
STI-000000671,STB-000131,TXN-00000841,2026-02-15,THB,40208,0,0,40208,SETTLED
STI-000000672,STB-000094,TXN-00000843,2026-02-03,SGD,1668,0,0,1668,SETTLED
STI-000000673,STB-000067,TXN-00000844,2026-01-25,SGD,5534,0,0,5534,SETTLED
STI-000000674,STB-000093,TXN-00000845,2026-02-02,USD,22469,0,0,22469,SETTLED
STI-000000675,STB-000153,TXN-00000846,2026-02-22,USD,15003,0,0,15003,SETTLED
STI-000000676,STB-000057,TXN-00000848,2026-01-21,USD,9677,0,0,9677,SETTLED
STI-000000677,STB-000040,TXN-00000851,2026-01-16,SGD,7698,6728,0,970,SETTLED
STI-000000678,STB-000110,TXN-00000852,2026-02-08,THB,658,0,0,658,SETTLED
STI-000000679,STB-000166,TXN-00000853,2026-02-27,SGD,25898,0,0,25898,SETTLED
STI-000000680,STB-000004,TXN-00000854,2026-01-04,SGD,9881,0,0,9881,SETTLED
STI-000000681,STB-000100,TXN-00000855,2026-02-05,SGD,5862,0,5862,0,SETTLED
STI-000000682,STB-000038,TXN-00000856,2026-01-15,THB,3437,0,0,3437,SETTLED
STI-000000683,STB-000106,TXN-00000858,2026-02-07,SGD,4618,0,0,4618,SETTLED
STI-000000684,STB-000013,TXN-00000859,2026-01-07,SGD,9600,0,0,9600,SETTLED
STI-000000685,STB-000114,TXN-00000860,2026-02-09,USD,4567,0,0,4567,SETTLED
STI-000000686,STB-000010,TXN-00000861,2026-01-06,SGD,3076,0,0,3076,SETTLED
STI-000000687,STB-000080,TXN-00000862,2026-01-29,THB,247,0,0,247,SETTLED
STI-000000688,STB-000151,TXN-00000864,2026-02-22,SGD,1031,0,0,1031,SETTLED
STI-000000689,STB-000087,TXN-00000865,2026-01-31,USD,1604,0,0,1604,SETTLED
STI-000000690,STB-000077,TXN-00000866,2026-01-28,THB,9007,0,0,9007,SETTLED
STI-000000691,STB-000072,TXN-00000868,2026-01-26,USD,3878,0,0,3878,SETTLED
STI-000000692,STB-000007,TXN-00000870,2026-01-05,SGD,1850,0,0,1850,SETTLED
STI-000000693,STB-000035,TXN-00000871,2026-01-14,THB,3659,0,0,3659,SETTLED
STI-000000694,STB-000031,TXN-00000872,2026-01-13,SGD,1856,0,0,1856,SETTLED
STI-000000695,STB-000060,TXN-00000873,2026-01-22,USD,8272,0,0,8272,SETTLED
STI-000000696,STB-000095,TXN-00000874,2026-02-03,THB,12550,0,0,12550,SETTLED
STI-000000697,STB-000130,TXN-00000875,2026-02-15,SGD,12527,0,0,12527,SETTLED
STI-000000698,STB-000087,TXN-00000877,2026-01-31,USD,25068,0,0,25068,SETTLED
STI-000000699,STB-000044,TXN-00000879,2026-01-17,THB,5888,0,0,5888,SETTLED
STI-000000700,STB-000061,TXN-00000881,2026-01-23,SGD,2225,0,0,2225,SETTLED
STI-000000701,STB-000177,TXN-00000882,2026-03-02,USD,21512,0,0,21512,SETTLED
STI-000000702,STB-000003,TXN-00000883,2026-01-03,USD,2874,0,0,2874,SETTLED
STI-000000703,STB-000082,TXN-00000884,2026-01-30,SGD,5818,0,0,5818,SETTLED
STI-000000704,STB-000028,TXN-00000885,2026-01-12,SGD,463,0,0,463,SETTLED
STI-000000705,STB-000085,TXN-00000886,2026-01-31,SGD,3227,0,0,3227,SETTLED
STI-000000706,STB-000005,TXN-00000887,2026-01-04,THB,4791,0,0,4791,SETTLED
STI-000000707,STB-000046,TXN-00000888,2026-01-18,SGD,1812,0,0,1812,SETTLED
STI-000000708,STB-000121,TXN-00000889,2026-02-12,SGD,14799,0,0,14799,SETTLED
STI-000000709,STB-000180,TXN-00000893,2026-03-03,USD,4213,4021,0,192,SETTLED
STI-000000710,STB-000126,TXN-00000894,2026-02-13,USD,6587,0,0,6587,SETTLED
STI-000000711,STB-000138,TXN-00000895,2026-02-17,USD,3909,0,0,3909,SETTLED
STI-000000712,STB-000085,TXN-00000896,2026-01-31,SGD,1325,0,0,1325,SETTLED
STI-000000713,STB-000081,TXN-00000897,2026-01-29,USD,3797,0,0,3797,SETTLED
STI-000000714,STB-000009,TXN-00000898,2026-01-05,USD,6366,0,0,6366,SETTLED
STI-000000715,STB-000054,TXN-00000899,2026-01-20,USD,5025,0,0,5025,SETTLED
STI-000000716,STB-000150,TXN-00000900,2026-02-21,USD,1776,723,0,1053,SETTLED
STI-000000717,STB-000164,TXN-00000901,2026-02-26,THB,12727,0,0,12727,SETTLED
STI-000000718,STB-000016,TXN-00000902,2026-01-08,SGD,3385,0,0,3385,SETTLED
STI-000000719,STB-000169,TXN-00000903,2026-02-28,SGD,3900,0,0,3900,SETTLED
STI-000000720,STB-000164,TXN-00000904,2026-02-26,THB,588,0,0,588,SETTLED
STI-000000721,STB-000063,TXN-00000905,2026-01-23,USD,13358,0,0,13358,SETTLED
STI-000000722,STB-000077,TXN-00000906,2026-01-28,THB,9672,0,0,9672,SETTLED
STI-000000723,STB-000020,TXN-00000907,2026-01-09,THB,16195,0,0,16195,SETTLED
STI-000000724,STB-000086,TXN-00000909,2026-01-31,THB,6582,0,0,6582,SETTLED
STI-000000725,STB-000165,TXN-00000911,2026-02-26,USD,2270,0,0,2270,SETTLED
STI-000000726,STB-000160,TXN-00000913,2026-02-25,SGD,1875,462,0,1413,SETTLED
STI-000000727,STB-000136,TXN-00000916,2026-02-17,SGD,13446,0,0,13446,SETTLED
STI-000000728,STB-000120,TXN-00000917,2026-02-11,USD,6413,0,0,6413,SETTLED
STI-000000729,STB-000137,TXN-00000918,2026-02-17,THB,9816,0,0,9816,SETTLED
STI-000000730,STB-000147,TXN-00000919,2026-02-20,USD,5753,0,5753,0,SETTLED
STI-000000731,STB-000035,TXN-00000920,2026-01-14,THB,6152,0,0,6152,SETTLED
STI-000000732,STB-000014,TXN-00000922,2026-01-07,THB,7278,0,0,7278,SETTLED
STI-000000733,STB-000076,TXN-00000925,2026-01-28,SGD,4846,0,0,4846,SETTLED
STI-000000734,STB-000013,TXN-00000926,2026-01-07,SGD,7535,0,0,7535,SETTLED
STI-000000735,STB-000027,TXN-00000927,2026-01-11,USD,1040,0,0,1040,SETTLED
STI-000000736,STB-000039,TXN-00000928,2026-01-15,USD,5417,2460,0,2957,SETTLED
STI-000000737,STB-000087,TXN-00000929,2026-01-31,USD,5147,0,0,5147,SETTLED
STI-000000738,STB-000170,TXN-00000930,2026-02-28,THB,1051,0,0,1051,SETTLED
STI-000000739,STB-000148,TXN-00000931,2026-02-21,SGD,1489,0,0,1489,SETTLED
STI-000000740,STB-000117,TXN-00000932,2026-02-10,USD,18168,0,0,18168,SETTLED
STI-000000741,STB-000098,TXN-00000933,2026-02-04,THB,16805,6792,0,10013,SETTLED
STI-000000742,STB-000013,TXN-00000934,2026-01-07,SGD,3704,0,0,3704,SETTLED
STI-000000743,STB-000040,TXN-00000935,2026-01-16,SGD,26677,0,0,26677,SETTLED
STI-000000744,STB-000009,TXN-00000936,2026-01-05,USD,23262,0,0,23262,SETTLED
STI-000000745,STB-000056,TXN-00000937,2026-01-21,THB,2202,0,0,2202,SETTLED
STI-000000746,STB-000052,TXN-00000939,2026-01-20,SGD,1939,0,0,1939,SETTLED
STI-000000747,STB-000073,TXN-00000940,2026-01-27,SGD,1252,0,0,1252,SETTLED
STI-000000748,STB-000100,TXN-00000941,2026-02-05,SGD,4223,0,0,4223,SETTLED
STI-000000749,STB-000049,TXN-00000942,2026-01-19,SGD,6227,0,0,6227,SETTLED
STI-000000750,STB-000050,TXN-00000943,2026-01-19,THB,14877,0,0,14877,SETTLED
STI-000000751,STB-000095,TXN-00000944,2026-02-03,THB,12768,0,0,12768,SETTLED
STI-000000752,STB-000171,TXN-00000945,2026-02-28,USD,11424,10087,0,1337,SETTLED
STI-000000753,STB-000073,TXN-00000946,2026-01-27,SGD,2460,0,0,2460,SETTLED
STI-000000754,STB-000032,TXN-00000947,2026-01-13,THB,13835,0,0,13835,SETTLED
STI-000000755,STB-000129,TXN-00000948,2026-02-14,USD,8088,0,0,8088,SETTLED
STI-000000756,STB-000023,TXN-00000949,2026-01-10,THB,7057,0,0,7057,SETTLED
STI-000000757,STB-000064,TXN-00000950,2026-01-24,SGD,6463,0,0,6463,SETTLED
STI-000000758,STB-000167,TXN-00000951,2026-02-27,THB,2133,0,0,2133,SETTLED
STI-000000759,STB-000089,TXN-00000952,2026-02-01,THB,60142,0,0,60142,SETTLED
STI-000000760,STB-000029,TXN-00000953,2026-01-12,THB,5567,0,5567,0,SETTLED
STI-000000761,STB-000021,TXN-00000954,2026-01-09,USD,3626,0,0,3626,SETTLED
STI-000000762,STB-000175,TXN-00000955,2026-03-02,SGD,2190,0,0,2190,SETTLED
STI-000000763,STB-000093,TXN-00000956,2026-02-02,USD,9894,0,0,9894,SETTLED
STI-000000764,STB-000106,TXN-00000957,2026-02-07,SGD,20441,0,0,20441,SETTLED
STI-000000765,STB-000111,TXN-00000958,2026-02-08,USD,8558,0,0,8558,SETTLED
STI-000000766,STB-000116,TXN-00000959,2026-02-10,THB,5759,0,0,5759,SETTLED
STI-000000767,STB-000052,TXN-00000960,2026-01-20,SGD,3565,0,0,3565,SETTLED
STI-000000768,STB-000049,TXN-00000961,2026-01-19,SGD,3809,0,0,3809,SETTLED
STI-000000769,STB-000131,TXN-00000962,2026-02-15,THB,33400,0,0,33400,SETTLED
STI-000000770,STB-000169,TXN-00000963,2026-02-28,SGD,7179,6207,0,972,SETTLED
STI-000000771,STB-000161,TXN-00000964,2026-02-25,THB,1810,0,0,1810,SETTLED
STI-000000772,STB-000086,TXN-00000965,2026-01-31,THB,5260,0,0,5260,SETTLED
STI-000000773,STB-000148,TXN-00000966,2026-02-21,SGD,15980,0,0,15980,SETTLED
STI-000000774,STB-000029,TXN-00000968,2026-01-12,THB,4441,0,0,4441,SETTLED
STI-000000775,STB-000025,TXN-00000970,2026-01-11,SGD,3695,0,0,3695,SETTLED
STI-000000776,STB-000003,TXN-00000971,2026-01-03,USD,20593,0,0,20593,SETTLED
STI-000000777,STB-000137,TXN-00000972,2026-02-17,THB,6768,0,0,6768,SETTLED
STI-000000778,STB-000044,TXN-00000973,2026-01-17,THB,3019,0,0,3019,SETTLED
STI-000000779,STB-000080,TXN-00000974,2026-01-29,THB,20647,0,0,20647,SETTLED
STI-000000780,STB-000100,TXN-00000975,2026-02-05,SGD,3545,0,0,3545,SETTLED
STI-000000781,STB-000055,TXN-00000978,2026-01-21,SGD,5040,0,0,5040,SETTLED
STI-000000782,STB-000143,TXN-00000979,2026-02-19,THB,5262,0,0,5262,SETTLED
STI-000000783,STB-000073,TXN-00000980,2026-01-27,SGD,9504,0,0,9504,SETTLED
STI-000000784,STB-000080,TXN-00000981,2026-01-29,THB,19824,0,0,19824,SETTLED
STI-000000785,STB-000109,TXN-00000982,2026-02-08,SGD,3176,0,0,3176,SETTLED
STI-000000786,STB-000030,TXN-00000983,2026-01-12,USD,5299,0,0,5299,SETTLED
STI-000000787,STB-000161,TXN-00000984,2026-02-25,THB,2576,0,0,2576,SETTLED
STI-000000788,STB-000086,TXN-00000985,2026-01-31,THB,20706,0,0,20706,SETTLED
STI-000000789,STB-000014,TXN-00000986,2026-01-07,THB,25270,0,0,25270,SETTLED
STI-000000790,STB-000023,TXN-00000987,2026-01-10,THB,10993,0,0,10993,SETTLED
STI-000000791,STB-000033,TXN-00000989,2026-01-13,USD,495,0,0,495,SETTLED
STI-000000792,STB-000035,TXN-00000990,2026-01-14,THB,4321,0,0,4321,SETTLED
STI-000000793,STB-000062,TXN-00000991,2026-01-23,THB,9482,0,0,9482,SETTLED
STI-000000794,STB-000167,TXN-00000992,2026-02-27,THB,18757,0,0,18757,SETTLED
STI-000000795,STB-000136,TXN-00000993,2026-02-17,SGD,634,0,0,634,SETTLED
STI-000000796,STB-000022,TXN-00000995,2026-01-10,SGD,9544,0,0,9544,SETTLED
STI-000000797,STB-000018,TXN-00000996,2026-01-08,USD,6668,0,0,6668,SETTLED
STI-000000798,STB-000052,TXN-00000997,2026-01-20,SGD,4590,0,0,4590,SETTLED
STI-000000799,STB-000010,TXN-00001001,2026-01-06,SGD,3360,0,0,3360,SETTLED
STI-000000800,STB-000081,TXN-00001002,2026-01-29,USD,6387,5474,0,913,SETTLED
STI-000000801,STB-000179,TXN-00001003,2026-03-03,THB,9609,4819,0,4790,SETTLED
STI-000000802,STB-000047,TXN-00001004,2026-01-18,THB,5132,0,0,5132,SETTLED
STI-000000803,STB-000028,TXN-00001007,2026-01-12,SGD,9879,0,0,9879,SETTLED
STI-000000804,STB-000052,TXN-00001008,2026-01-20,SGD,195,0,0,195,SETTLED
STI-000000805,STB-000001,TXN-00001010,2026-01-03,SGD,3555,0,0,3555,SETTLED
STI-000000806,STB-000137,TXN-00001013,2026-02-17,THB,24958,13935,0,11023,SETTLED
STI-000000807,STB-000141,TXN-00001014,2026-02-18,USD,6984,0,0,6984,SETTLED
STI-000000808,STB-000049,TXN-00001015,2026-01-19,SGD,4874,0,0,4874,SETTLED
STI-000000809,STB-000165,TXN-00001016,2026-02-26,USD,3430,0,0,3430,SETTLED
STI-000000810,STB-000073,TXN-00001017,2026-01-27,SGD,5124,0,0,5124,SETTLED
STI-000000811,STB-000133,TXN-00001019,2026-02-16,SGD,3126,0,0,3126,SETTLED
STI-000000812,STB-000128,TXN-00001020,2026-02-14,THB,5321,0,0,5321,SETTLED
STI-000000813,STB-000020,TXN-00001021,2026-01-09,THB,9050,0,0,9050,SETTLED
STI-000000814,STB-000120,TXN-00001022,2026-02-11,USD,2110,0,0,2110,SETTLED
STI-000000815,STB-000020,TXN-00001023,2026-01-09,THB,5436,0,0,5436,SETTLED
STI-000000816,STB-000004,TXN-00001024,2026-01-04,SGD,3342,0,0,3342,SETTLED
STI-000000817,STB-000143,TXN-00001025,2026-02-19,THB,5286,0,0,5286,SETTLED
STI-000000818,STB-000038,TXN-00001026,2026-01-15,THB,17621,0,0,17621,SETTLED
STI-000000819,STB-000179,TXN-00001027,2026-03-03,THB,14200,0,0,14200,SETTLED
STI-000000820,STB-000038,TXN-00001028,2026-01-15,THB,2175,0,0,2175,SETTLED
STI-000000821,STB-000147,TXN-00001029,2026-02-20,USD,39297,0,0,39297,SETTLED
STI-000000822,STB-000067,TXN-00001030,2026-01-25,SGD,24359,0,0,24359,SETTLED
STI-000000823,STB-000154,TXN-00001031,2026-02-23,SGD,38292,0,0,38292,SETTLED
STI-000000824,STB-000046,TXN-00001032,2026-01-18,SGD,2252,0,0,2252,SETTLED
STI-000000825,STB-000010,TXN-00001033,2026-01-06,SGD,2341,0,0,2341,SETTLED
STI-000000826,STB-000135,TXN-00001034,2026-02-16,USD,7220,0,0,7220,SETTLED
STI-000000827,STB-000135,TXN-00001035,2026-02-16,USD,12938,0,0,12938,SETTLED
STI-000000828,STB-000024,TXN-00001036,2026-01-10,USD,8807,0,0,8807,SETTLED
STI-000000829,STB-000076,TXN-00001037,2026-01-28,SGD,6003,0,0,6003,SETTLED
STI-000000830,STB-000158,TXN-00001039,2026-02-24,THB,4966,0,0,4966,SETTLED
STI-000000831,STB-000153,TXN-00001040,2026-02-22,USD,5247,0,0,5247,SETTLED
STI-000000832,STB-000067,TXN-00001041,2026-01-25,SGD,13358,0,0,13358,SETTLED
STI-000000833,STB-000014,TXN-00001042,2026-01-07,THB,28107,0,0,28107,SETTLED
STI-000000834,STB-000062,TXN-00001045,2026-01-23,THB,3558,0,0,3558,SETTLED
STI-000000835,STB-000126,TXN-00001047,2026-02-13,USD,5178,0,5178,0,SETTLED
STI-000000836,STB-000168,TXN-00001048,2026-02-27,USD,8387,0,0,8387,SETTLED
STI-000000837,STB-000007,TXN-00001054,2026-01-05,SGD,65821,0,0,65821,SETTLED
STI-000000838,STB-000041,TXN-00001055,2026-01-16,THB,846,0,0,846,SETTLED
STI-000000839,STB-000091,TXN-00001056,2026-02-02,SGD,4209,0,0,4209,SETTLED
STI-000000840,STB-000165,TXN-00001057,2026-02-26,USD,928,0,0,928,SETTLED
STI-000000841,STB-000158,TXN-00001058,2026-02-24,THB,5339,0,0,5339,SETTLED
STI-000000842,STB-000103,TXN-00001059,2026-02-06,SGD,4182,0,0,4182,SETTLED
STI-000000843,STB-000102,TXN-00001060,2026-02-05,USD,17269,0,0,17269,SETTLED
STI-000000844,STB-000156,TXN-00001061,2026-02-23,USD,10881,0,0,10881,SETTLED
STI-000000845,STB-000032,TXN-00001062,2026-01-13,THB,1512,0,0,1512,SETTLED
STI-000000846,STB-000017,TXN-00001063,2026-01-08,THB,4531,0,0,4531,SETTLED
STI-000000847,STB-000088,TXN-00001064,2026-02-01,SGD,3089,1012,0,2077,SETTLED
STI-000000848,STB-000055,TXN-00001065,2026-01-21,SGD,5046,0,0,5046,SETTLED
STI-000000849,STB-000096,TXN-00001066,2026-02-03,USD,3329,0,0,3329,SETTLED
STI-000000850,STB-000079,TXN-00001067,2026-01-29,SGD,951,0,0,951,SETTLED
STI-000000851,STB-000150,TXN-00001069,2026-02-21,USD,8886,0,0,8886,SETTLED
STI-000000852,STB-000003,TXN-00001070,2026-01-03,USD,13102,0,0,13102,SETTLED
STI-000000853,STB-000033,TXN-00001071,2026-01-13,USD,6560,1877,0,4683,SETTLED
STI-000000854,STB-000071,TXN-00001072,2026-01-26,THB,38077,0,0,38077,SETTLED
STI-000000855,STB-000144,TXN-00001073,2026-02-19,USD,4348,0,0,4348,SETTLED
STI-000000856,STB-000033,TXN-00001074,2026-01-13,USD,4336,0,0,4336,SETTLED
STI-000000857,STB-000153,TXN-00001075,2026-02-22,USD,5002,0,0,5002,SETTLED
STI-000000858,STB-000087,TXN-00001076,2026-01-31,USD,24702,0,0,24702,SETTLED
STI-000000859,STB-000022,TXN-00001077,2026-01-10,SGD,1257,0,0,1257,SETTLED
STI-000000860,STB-000050,TXN-00001078,2026-01-19,THB,1098,0,0,1098,SETTLED
STI-000000861,STB-000015,TXN-00001079,2026-01-07,USD,8092,0,0,8092,SETTLED
STI-000000862,STB-000079,TXN-00001080,2026-01-29,SGD,527,0,0,527,SETTLED
STI-000000863,STB-000151,TXN-00001081,2026-02-22,SGD,14613,0,0,14613,SETTLED
STI-000000864,STB-000175,TXN-00001083,2026-03-02,SGD,13544,0,0,13544,SETTLED
STI-000000865,STB-000164,TXN-00001084,2026-02-26,THB,3632,0,0,3632,SETTLED
STI-000000866,STB-000039,TXN-00001085,2026-01-15,USD,8666,0,0,8666,SETTLED
STI-000000867,STB-000137,TXN-00001086,2026-02-17,THB,1589,0,0,1589,SETTLED
STI-000000868,STB-000026,TXN-00001088,2026-01-11,THB,24125,0,0,24125,SETTLED
STI-000000869,STB-000095,TXN-00001089,2026-02-03,THB,7022,0,0,7022,SETTLED
STI-000000870,STB-000161,TXN-00001090,2026-02-25,THB,15167,0,0,15167,SETTLED
STI-000000871,STB-000144,TXN-00001091,2026-02-19,USD,5491,0,0,5491,SETTLED
STI-000000872,STB-000075,TXN-00001092,2026-01-27,USD,5950,0,0,5950,SETTLED
STI-000000873,STB-000168,TXN-00001093,2026-02-27,USD,2885,0,0,2885,SETTLED
STI-000000874,STB-000131,TXN-00001094,2026-02-15,THB,926,0,0,926,SETTLED
STI-000000875,STB-000170,TXN-00001095,2026-02-28,THB,2006,0,0,2006,SETTLED
STI-000000876,STB-000057,TXN-00001096,2026-01-21,USD,27380,0,0,27380,SETTLED
STI-000000877,STB-000004,TXN-00001097,2026-01-04,SGD,1703,0,0,1703,SETTLED
STI-000000878,STB-000174,TXN-00001098,2026-03-01,USD,10915,0,0,10915,SETTLED
STI-000000879,STB-000105,TXN-00001099,2026-02-06,USD,13372,0,0,13372,SETTLED
STI-000000880,STB-000043,TXN-00001100,2026-01-17,SGD,2472,0,0,2472,SETTLED
STI-000000881,STB-000103,TXN-00001101,2026-02-06,SGD,14776,0,0,14776,SETTLED
STI-000000882,STB-000083,TXN-00001103,2026-01-30,THB,5161,0,0,5161,SETTLED
STI-000000883,STB-000176,TXN-00001104,2026-03-02,THB,10187,0,0,10187,SETTLED
STI-000000884,STB-000014,TXN-00001105,2026-01-07,THB,2424,0,0,2424,SETTLED
STI-000000885,STB-000044,TXN-00001106,2026-01-17,THB,3915,0,0,3915,SETTLED
STI-000000886,STB-000044,TXN-00001108,2026-01-17,THB,4080,3616,0,464,SETTLED
STI-000000887,STB-000162,TXN-00001109,2026-02-25,USD,5210,0,0,5210,SETTLED
STI-000000888,STB-000047,TXN-00001110,2026-01-18,THB,8608,0,0,8608,SETTLED
STI-000000889,STB-000089,TXN-00001112,2026-02-01,THB,382,0,0,382,SETTLED
STI-000000890,STB-000003,TXN-00001113,2026-01-03,USD,2430,0,0,2430,SETTLED
STI-000000891,STB-000104,TXN-00001114,2026-02-06,THB,3698,0,0,3698,SETTLED
STI-000000892,STB-000165,TXN-00001115,2026-02-26,USD,3564,0,0,3564,SETTLED
STI-000000893,STB-000088,TXN-00001116,2026-02-01,SGD,3021,0,0,3021,SETTLED
STI-000000894,STB-000137,TXN-00001117,2026-02-17,THB,1702,0,0,1702,SETTLED
STI-000000895,STB-000021,TXN-00001118,2026-01-09,USD,3032,0,0,3032,SETTLED
STI-000000896,STB-000026,TXN-00001120,2026-01-11,THB,9832,0,0,9832,SETTLED
STI-000000897,STB-000142,TXN-00001121,2026-02-19,SGD,5061,1996,0,3065,SETTLED
STI-000000898,STB-000138,TXN-00001124,2026-02-17,USD,29545,0,0,29545,SETTLED
STI-000000899,STB-000001,TXN-00001127,2026-01-03,SGD,2270,0,0,2270,SETTLED
STI-000000900,STB-000173,TXN-00001128,2026-03-01,THB,25272,0,0,25272,SETTLED
STI-000000901,STB-000076,TXN-00001130,2026-01-28,SGD,3107,0,0,3107,SETTLED
STI-000000902,STB-000031,TXN-00001131,2026-01-13,SGD,2623,0,0,2623,SETTLED
STI-000000903,STB-000040,TXN-00001132,2026-01-16,SGD,2739,0,0,2739,SETTLED
STI-000000904,STB-000060,TXN-00001133,2026-01-22,USD,1234,0,0,1234,SETTLED
STI-000000905,STB-000158,TXN-00001134,2026-02-24,THB,5170,0,0,5170,SETTLED
STI-000000906,STB-000112,TXN-00001135,2026-02-09,SGD,3764,0,0,3764,SETTLED
STI-000000907,STB-000007,TXN-00001138,2026-01-05,SGD,1195,0,0,1195,SETTLED
STI-000000908,STB-000117,TXN-00001139,2026-02-10,USD,399,0,0,399,SETTLED
STI-000000909,STB-000100,TXN-00001140,2026-02-05,SGD,2708,0,0,2708,SETTLED
STI-000000910,STB-000011,TXN-00001141,2026-01-06,THB,3502,0,0,3502,SETTLED
STI-000000911,STB-000110,TXN-00001142,2026-02-08,THB,1371,0,0,1371,SETTLED
STI-000000912,STB-000113,TXN-00001143,2026-02-09,THB,12599,0,0,12599,SETTLED
STI-000000913,STB-000174,TXN-00001144,2026-03-01,USD,10679,0,0,10679,SETTLED
STI-000000914,STB-000083,TXN-00001145,2026-01-30,THB,6630,0,0,6630,SETTLED
STI-000000915,STB-000054,TXN-00001146,2026-01-20,USD,9706,0,0,9706,SETTLED
STI-000000916,STB-000022,TXN-00001147,2026-01-10,SGD,3017,0,0,3017,SETTLED
STI-000000917,STB-000044,TXN-00001149,2026-01-17,THB,5722,0,0,5722,SETTLED
STI-000000918,STB-000105,TXN-00001150,2026-02-06,USD,17015,0,0,17015,SETTLED
STI-000000919,STB-000007,TXN-00001151,2026-01-05,SGD,4242,0,0,4242,SETTLED
STI-000000920,STB-000170,TXN-00001152,2026-02-28,THB,2379,0,0,2379,SETTLED
STI-000000921,STB-000021,TXN-00001153,2026-01-09,USD,10118,0,0,10118,SETTLED
STI-000000922,STB-000035,TXN-00001155,2026-01-14,THB,21988,0,0,21988,SETTLED
STI-000000923,STB-000051,TXN-00001157,2026-01-19,USD,2362,0,0,2362,SETTLED
STI-000000924,STB-000064,TXN-00001158,2026-01-24,SGD,5417,0,0,5417,SETTLED
STI-000000925,STB-000021,TXN-00001159,2026-01-09,USD,2884,0,0,2884,SETTLED
STI-000000926,STB-000131,TXN-00001160,2026-02-15,THB,1601,0,0,1601,SETTLED
STI-000000927,STB-000129,TXN-00001161,2026-02-14,USD,3760,0,0,3760,SETTLED
STI-000000928,STB-000091,TXN-00001163,2026-02-02,SGD,6812,0,0,6812,SETTLED
STI-000000929,STB-000169,TXN-00001164,2026-02-28,SGD,2814,0,0,2814,SETTLED
STI-000000930,STB-000118,TXN-00001165,2026-02-11,SGD,1963,0,0,1963,SETTLED
STI-000000931,STB-000159,TXN-00001166,2026-02-24,USD,555,0,0,555,SETTLED
STI-000000932,STB-000094,TXN-00001167,2026-02-03,SGD,39344,0,0,39344,SETTLED
STI-000000933,STB-000047,TXN-00001168,2026-01-18,THB,22769,0,0,22769,SETTLED
STI-000000934,STB-000058,TXN-00001169,2026-01-22,SGD,4109,0,0,4109,SETTLED
STI-000000935,STB-000166,TXN-00001171,2026-02-27,SGD,712,0,0,712,SETTLED
STI-000000936,STB-000180,TXN-00001172,2026-03-03,USD,7463,5407,0,2056,SETTLED
STI-000000937,STB-000174,TXN-00001173,2026-03-01,USD,31177,0,0,31177,SETTLED
STI-000000938,STB-000083,TXN-00001174,2026-01-30,THB,3282,0,0,3282,SETTLED
STI-000000939,STB-000171,TXN-00001175,2026-02-28,USD,8331,0,0,8331,SETTLED
STI-000000940,STB-000010,TXN-00001177,2026-01-06,SGD,5707,0,0,5707,SETTLED
STI-000000941,STB-000048,TXN-00001178,2026-01-18,USD,18812,0,0,18812,SETTLED
STI-000000942,STB-000130,TXN-00001179,2026-02-15,SGD,4871,0,0,4871,SETTLED
STI-000000943,STB-000075,TXN-00001181,2026-01-27,USD,7973,0,0,7973,SETTLED
STI-000000944,STB-000137,TXN-00001182,2026-02-17,THB,5382,0,0,5382,SETTLED
STI-000000945,STB-000062,TXN-00001183,2026-01-23,THB,4598,0,0,4598,SETTLED
STI-000000946,STB-000175,TXN-00001184,2026-03-02,SGD,1996,0,0,1996,SETTLED
STI-000000947,STB-000170,TXN-00001185,2026-02-28,THB,8509,0,0,8509,SETTLED
STI-000000948,STB-000042,TXN-00001186,2026-01-16,USD,9307,0,0,9307,SETTLED
STI-000000949,STB-000130,TXN-00001187,2026-02-15,SGD,2587,0,0,2587,SETTLED
STI-000000950,STB-000039,TXN-00001189,2026-01-15,USD,13464,0,0,13464,SETTLED
STI-000000951,STB-000017,TXN-00001190,2026-01-08,THB,1444,0,0,1444,SETTLED
STI-000000952,STB-000154,TXN-00001191,2026-02-23,SGD,2559,0,0,2559,SETTLED
STI-000000953,STB-000082,TXN-00001192,2026-01-30,SGD,5962,0,0,5962,SETTLED
STI-000000954,STB-000124,TXN-00001194,2026-02-13,SGD,5641,0,0,5641,SETTLED
STI-000000955,STB-000029,TXN-00001195,2026-01-12,THB,1598,0,0,1598,SETTLED
STI-000000956,STB-000038,TXN-00001197,2026-01-15,THB,4868,0,4868,0,SETTLED
STI-000000957,STB-000155,TXN-00001198,2026-02-23,THB,24191,0,0,24191,SETTLED
STI-000000958,STB-000081,TXN-00001199,2026-01-29,USD,1125,0,0,1125,SETTLED
STI-000000959,STB-000163,TXN-00001201,2026-02-26,SGD,7380,0,0,7380,SETTLED
STI-000000960,STB-000006,TXN-00001204,2026-01-04,USD,1968,0,0,1968,SETTLED
STI-000000961,STB-000101,TXN-00001205,2026-02-05,THB,14758,0,0,14758,SETTLED
STI-000000962,STB-000001,TXN-00001206,2026-01-03,SGD,1656,282,0,1374,SETTLED
STI-000000963,STB-000011,TXN-00001207,2026-01-06,THB,7660,0,0,7660,SETTLED
STI-000000964,STB-000105,TXN-00001208,2026-02-06,USD,14582,0,0,14582,SETTLED
STI-000000965,STB-000081,TXN-00001211,2026-01-29,USD,9806,0,9806,0,SETTLED
STI-000000966,STB-000049,TXN-00001212,2026-01-19,SGD,1156,0,0,1156,SETTLED
STI-000000967,STB-000104,TXN-00001214,2026-02-06,THB,1312,0,1312,0,SETTLED
STI-000000968,STB-000039,TXN-00001215,2026-01-15,USD,4066,0,0,4066,SETTLED
STI-000000969,STB-000092,TXN-00001216,2026-02-02,THB,6625,0,0,6625,SETTLED
STI-000000970,STB-000092,TXN-00001219,2026-02-02,THB,60462,0,0,60462,SETTLED
STI-000000971,STB-000085,TXN-00001220,2026-01-31,SGD,16354,0,16354,0,SETTLED
STI-000000972,STB-000164,TXN-00001221,2026-02-26,THB,6117,0,0,6117,SETTLED
STI-000000973,STB-000138,TXN-00001222,2026-02-17,USD,23418,4722,0,18696,SETTLED
STI-000000974,STB-000026,TXN-00001223,2026-01-11,THB,2673,0,0,2673,SETTLED
STI-000000975,STB-000137,TXN-00001224,2026-02-17,THB,5915,0,0,5915,SETTLED
STI-000000976,STB-000092,TXN-00001225,2026-02-02,THB,1504,0,0,1504,SETTLED
STI-000000977,STB-000148,TXN-00001226,2026-02-21,SGD,18627,0,0,18627,SETTLED
STI-000000978,STB-000059,TXN-00001227,2026-01-22,THB,6829,0,0,6829,SETTLED
STI-000000979,STB-000105,TXN-00001228,2026-02-06,USD,4586,0,0,4586,SETTLED
STI-000000980,STB-000102,TXN-00001229,2026-02-05,USD,519,0,0,519,SETTLED
STI-000000981,STB-000085,TXN-00001230,2026-01-31,SGD,3095,696,0,2399,SETTLED
STI-000000982,STB-000108,TXN-00001231,2026-02-07,USD,4403,0,0,4403,SETTLED
STI-000000983,STB-000150,TXN-00001232,2026-02-21,USD,3044,0,0,3044,SETTLED
STI-000000984,STB-000180,TXN-00001233,2026-03-03,USD,14765,0,0,14765,SETTLED
STI-000000985,STB-000004,TXN-00001236,2026-01-04,SGD,4252,0,0,4252,SETTLED
STI-000000986,STB-000096,TXN-00001237,2026-02-03,USD,8813,0,0,8813,SETTLED
STI-000000987,STB-000065,TXN-00001238,2026-01-24,THB,1073,0,0,1073,SETTLED
STI-000000988,STB-000038,TXN-00001239,2026-01-15,THB,2387,0,0,2387,SETTLED
STI-000000989,STB-000172,TXN-00001240,2026-03-01,SGD,8079,0,0,8079,SETTLED
STI-000000990,STB-000076,TXN-00001241,2026-01-28,SGD,3781,0,0,3781,SETTLED
STI-000000991,STB-000088,TXN-00001242,2026-02-01,SGD,11754,0,0,11754,SETTLED
STI-000000992,STB-000129,TXN-00001243,2026-02-14,USD,2475,0,0,2475,SETTLED
STI-000000993,STB-000154,TXN-00001244,2026-02-23,SGD,8713,0,8713,0,SETTLED
STI-000000994,STB-000082,TXN-00001246,2026-01-30,SGD,5568,0,0,5568,SETTLED
STI-000000995,STB-000055,TXN-00001248,2026-01-21,SGD,2791,0,0,2791,SETTLED
STI-000000996,STB-000170,TXN-00001249,2026-02-28,THB,2602,0,0,2602,SETTLED
STI-000000997,STB-000173,TXN-00001250,2026-03-01,THB,5381,0,0,5381,SETTLED
STI-000000998,STB-000066,TXN-00001251,2026-01-24,USD,2080,0,0,2080,SETTLED
STI-000000999,STB-000135,TXN-00001252,2026-02-16,USD,3015,0,0,3015,SETTLED
STI-000001000,STB-000081,TXN-00001254,2026-01-29,USD,16595,0,0,16595,SETTLED
STI-000001001,STB-000137,TXN-00001259,2026-02-17,THB,8930,0,0,8930,SETTLED
STI-000001002,STB-000010,TXN-00001260,2026-01-06,SGD,9496,0,0,9496,SETTLED
STI-000001003,STB-000078,TXN-00001261,2026-01-28,USD,9521,0,0,9521,SETTLED
STI-000001004,STB-000131,TXN-00001264,2026-02-15,THB,2519,0,0,2519,SETTLED
STI-000001005,STB-000072,TXN-00001265,2026-01-26,USD,7258,0,0,7258,SETTLED
STI-000001006,STB-000179,TXN-00001268,2026-03-03,THB,9820,0,0,9820,SETTLED
STI-000001007,STB-000001,TXN-00001269,2026-01-03,SGD,36944,0,0,36944,SETTLED
STI-000001008,STB-000147,TXN-00001270,2026-02-20,USD,10136,0,0,10136,SETTLED
STI-000001009,STB-000002,TXN-00001271,2026-01-03,THB,30394,0,0,30394,SETTLED
STI-000001010,STB-000040,TXN-00001272,2026-01-16,SGD,2953,0,0,2953,SETTLED
STI-000001011,STB-000156,TXN-00001273,2026-02-23,USD,2430,0,0,2430,SETTLED
STI-000001012,STB-000082,TXN-00001275,2026-01-30,SGD,10549,0,0,10549,SETTLED
STI-000001013,STB-000050,TXN-00001276,2026-01-19,THB,8666,0,0,8666,SETTLED
STI-000001014,STB-000071,TXN-00001277,2026-01-26,THB,1700,0,0,1700,SETTLED
STI-000001015,STB-000072,TXN-00001278,2026-01-26,USD,11691,0,0,11691,SETTLED
STI-000001016,STB-000059,TXN-00001279,2026-01-22,THB,12106,0,0,12106,SETTLED
STI-000001017,STB-000151,TXN-00001280,2026-02-22,SGD,2012,0,0,2012,SETTLED
STI-000001018,STB-000171,TXN-00001281,2026-02-28,USD,12126,0,0,12126,SETTLED
STI-000001019,STB-000170,TXN-00001283,2026-02-28,THB,3204,0,0,3204,SETTLED
STI-000001020,STB-000022,TXN-00001286,2026-01-10,SGD,4525,0,0,4525,SETTLED
STI-000001021,STB-000161,TXN-00001287,2026-02-25,THB,4051,0,0,4051,SETTLED
STI-000001022,STB-000027,TXN-00001289,2026-01-11,USD,10467,0,0,10467,SETTLED
STI-000001023,STB-000173,TXN-00001290,2026-03-01,THB,5995,0,0,5995,SETTLED
STI-000001024,STB-000058,TXN-00001291,2026-01-22,SGD,2233,0,0,2233,SETTLED
STI-000001025,STB-000091,TXN-00001292,2026-02-02,SGD,7936,0,0,7936,SETTLED
STI-000001026,STB-000139,TXN-00001294,2026-02-18,SGD,1737,0,0,1737,SETTLED
STI-000001027,STB-000029,TXN-00001296,2026-01-12,THB,16802,0,0,16802,SETTLED
STI-000001028,STB-000144,TXN-00001299,2026-02-19,USD,4610,0,0,4610,SETTLED
STI-000001029,STB-000079,TXN-00001300,2026-01-29,SGD,14293,0,0,14293,SETTLED
STI-000001030,STB-000082,TXN-00001301,2026-01-30,SGD,3002,0,3002,0,SETTLED
STI-000001031,STB-000106,TXN-00001302,2026-02-07,SGD,6099,0,0,6099,SETTLED
STI-000001032,STB-000109,TXN-00001303,2026-02-08,SGD,2838,0,0,2838,SETTLED
STI-000001033,STB-000039,TXN-00001304,2026-01-15,USD,1014,207,0,807,SETTLED
STI-000001034,STB-000141,TXN-00001305,2026-02-18,USD,5520,0,0,5520,SETTLED
STI-000001035,STB-000036,TXN-00001307,2026-01-14,USD,11394,0,0,11394,SETTLED
STI-000001036,STB-000023,TXN-00001308,2026-01-10,THB,1335,0,0,1335,SETTLED
STI-000001037,STB-000005,TXN-00001309,2026-01-04,THB,4179,0,0,4179,SETTLED
STI-000001038,STB-000099,TXN-00001310,2026-02-04,USD,6241,0,0,6241,SETTLED
STI-000001039,STB-000017,TXN-00001311,2026-01-08,THB,5743,0,0,5743,SETTLED
STI-000001040,STB-000035,TXN-00001315,2026-01-14,THB,6225,0,0,6225,SETTLED
STI-000001041,STB-000145,TXN-00001316,2026-02-20,SGD,673,0,0,673,SETTLED
STI-000001042,STB-000052,TXN-00001317,2026-01-20,SGD,2541,0,0,2541,SETTLED
STI-000001043,STB-000103,TXN-00001318,2026-02-06,SGD,445,0,0,445,SETTLED
STI-000001044,STB-000121,TXN-00001319,2026-02-12,SGD,813,0,0,813,SETTLED
STI-000001045,STB-000142,TXN-00001320,2026-02-19,SGD,5927,0,0,5927,SETTLED
STI-000001046,STB-000152,TXN-00001321,2026-02-22,THB,10882,0,0,10882,SETTLED
STI-000001047,STB-000003,TXN-00001322,2026-01-03,USD,3236,0,0,3236,SETTLED
STI-000001048,STB-000035,TXN-00001323,2026-01-14,THB,8616,0,8616,0,SETTLED
STI-000001049,STB-000047,TXN-00001324,2026-01-18,THB,4090,0,0,4090,SETTLED
STI-000001050,STB-000032,TXN-00001325,2026-01-13,THB,7502,0,0,7502,SETTLED
STI-000001051,STB-000175,TXN-00001326,2026-03-02,SGD,19355,0,0,19355,SETTLED
STI-000001052,STB-000128,TXN-00001327,2026-02-14,THB,17993,0,0,17993,SETTLED
STI-000001053,STB-000006,TXN-00001328,2026-01-04,USD,5786,0,0,5786,SETTLED
STI-000001054,STB-000169,TXN-00001329,2026-02-28,SGD,2885,0,0,2885,SETTLED
STI-000001055,STB-000079,TXN-00001330,2026-01-29,SGD,12065,0,0,12065,SETTLED
STI-000001056,STB-000114,TXN-00001331,2026-02-09,USD,2555,0,0,2555,SETTLED
STI-000001057,STB-000154,TXN-00001332,2026-02-23,SGD,3992,0,0,3992,SETTLED
STI-000001058,STB-000029,TXN-00001335,2026-01-12,THB,2230,0,0,2230,SETTLED
STI-000001059,STB-000079,TXN-00001336,2026-01-29,SGD,25236,0,0,25236,SETTLED
STI-000001060,STB-000034,TXN-00001337,2026-01-14,SGD,4891,4010,0,881,SETTLED
STI-000001061,STB-000026,TXN-00001338,2026-01-11,THB,3211,0,0,3211,SETTLED
STI-000001062,STB-000115,TXN-00001339,2026-02-10,SGD,4974,0,0,4974,SETTLED
STI-000001063,STB-000104,TXN-00001340,2026-02-06,THB,17115,0,0,17115,SETTLED
STI-000001064,STB-000040,TXN-00001341,2026-01-16,SGD,1983,1973,0,10,SETTLED
STI-000001065,STB-000144,TXN-00001343,2026-02-19,USD,3647,0,0,3647,SETTLED
STI-000001066,STB-000143,TXN-00001346,2026-02-19,THB,3365,0,0,3365,SETTLED
STI-000001067,STB-000065,TXN-00001347,2026-01-24,THB,34788,0,0,34788,SETTLED
STI-000001068,STB-000010,TXN-00001348,2026-01-06,SGD,338,0,0,338,SETTLED
STI-000001069,STB-000005,TXN-00001349,2026-01-04,THB,5611,0,0,5611,SETTLED
STI-000001070,STB-000083,TXN-00001350,2026-01-30,THB,1648,0,0,1648,SETTLED
STI-000001071,STB-000049,TXN-00001351,2026-01-19,SGD,25662,0,0,25662,SETTLED
STI-000001072,STB-000060,TXN-00001352,2026-01-22,USD,2717,0,0,2717,SETTLED
STI-000001073,STB-000123,TXN-00001353,2026-02-12,USD,3619,0,0,3619,SETTLED
STI-000001074,STB-000048,TXN-00001354,2026-01-18,USD,8708,0,0,8708,SETTLED
STI-000001075,STB-000174,TXN-00001355,2026-03-01,USD,2760,0,0,2760,SETTLED
STI-000001076,STB-000149,TXN-00001356,2026-02-21,THB,7346,0,0,7346,SETTLED
STI-000001077,STB-000105,TXN-00001357,2026-02-06,USD,975,0,0,975,SETTLED
STI-000001078,STB-000122,TXN-00001358,2026-02-12,THB,1892,0,0,1892,SETTLED
STI-000001079,STB-000080,TXN-00001359,2026-01-29,THB,2462,0,0,2462,SETTLED
STI-000001080,STB-000152,TXN-00001360,2026-02-22,THB,6374,0,0,6374,SETTLED
STI-000001081,STB-000142,TXN-00001361,2026-02-19,SGD,15651,0,0,15651,SETTLED
STI-000001082,STB-000024,TXN-00001362,2026-01-10,USD,9015,0,0,9015,SETTLED
STI-000001083,STB-000032,TXN-00001363,2026-01-13,THB,1539,561,0,978,SETTLED
STI-000001084,STB-000087,TXN-00001364,2026-01-31,USD,4482,0,0,4482,SETTLED
STI-000001085,STB-000035,TXN-00001365,2026-01-14,THB,3394,0,0,3394,SETTLED
STI-000001086,STB-000005,TXN-00001366,2026-01-04,THB,7600,0,0,7600,SETTLED
STI-000001087,STB-000030,TXN-00001367,2026-01-12,USD,2256,0,0,2256,SETTLED
STI-000001088,STB-000167,TXN-00001368,2026-02-27,THB,63001,0,0,63001,SETTLED
STI-000001089,STB-000120,TXN-00001369,2026-02-11,USD,1969,0,0,1969,SETTLED
STI-000001090,STB-000172,TXN-00001370,2026-03-01,SGD,6421,0,0,6421,SETTLED
STI-000001091,STB-000029,TXN-00001371,2026-01-12,THB,2729,0,0,2729,SETTLED
STI-000001092,STB-000037,TXN-00001372,2026-01-15,SGD,16886,0,0,16886,SETTLED
STI-000001093,STB-000040,TXN-00001373,2026-01-16,SGD,2220,0,0,2220,SETTLED
STI-000001094,STB-000037,TXN-00001374,2026-01-15,SGD,1348,0,0,1348,SETTLED
STI-000001095,STB-000009,TXN-00001375,2026-01-05,USD,5400,0,0,5400,SETTLED
STI-000001096,STB-000046,TXN-00001376,2026-01-18,SGD,7174,0,0,7174,SETTLED
STI-000001097,STB-000165,TXN-00001377,2026-02-26,USD,2370,0,0,2370,SETTLED
STI-000001098,STB-000142,TXN-00001378,2026-02-19,SGD,1271,0,0,1271,SETTLED
STI-000001099,STB-000110,TXN-00001379,2026-02-08,THB,7451,0,0,7451,SETTLED
STI-000001100,STB-000083,TXN-00001380,2026-01-30,THB,12569,0,0,12569,SETTLED
STI-000001101,STB-000105,TXN-00001381,2026-02-06,USD,4056,0,0,4056,SETTLED
STI-000001102,STB-000015,TXN-00001382,2026-01-07,USD,2866,0,0,2866,SETTLED
STI-000001103,STB-000174,TXN-00001383,2026-03-01,USD,9762,0,0,9762,SETTLED
STI-000001104,STB-000018,TXN-00001384,2026-01-08,USD,6942,0,0,6942,SETTLED
STI-000001105,STB-000107,TXN-00001385,2026-02-07,THB,9144,0,0,9144,SETTLED
STI-000001106,STB-000155,TXN-00001386,2026-02-23,THB,6272,0,0,6272,SETTLED
STI-000001107,STB-000156,TXN-00001387,2026-02-23,USD,6269,0,0,6269,SETTLED
STI-000001108,STB-000170,TXN-00001388,2026-02-28,THB,1902,0,0,1902,SETTLED
STI-000001109,STB-000046,TXN-00001390,2026-01-18,SGD,3623,0,0,3623,SETTLED
STI-000001110,STB-000065,TXN-00001391,2026-01-24,THB,67548,0,0,67548,SETTLED
STI-000001111,STB-000147,TXN-00001392,2026-02-20,USD,1939,0,0,1939,SETTLED
STI-000001112,STB-000135,TXN-00001393,2026-02-16,USD,1225,0,0,1225,SETTLED
STI-000001113,STB-000085,TXN-00001394,2026-01-31,SGD,7304,0,0,7304,SETTLED
STI-000001114,STB-000056,TXN-00001395,2026-01-21,THB,1222,0,0,1222,SETTLED
STI-000001115,STB-000059,TXN-00001396,2026-01-22,THB,2356,0,0,2356,SETTLED
STI-000001116,STB-000058,TXN-00001399,2026-01-22,SGD,14888,0,0,14888,SETTLED
STI-000001117,STB-000168,TXN-00001400,2026-02-27,USD,9437,0,0,9437,SETTLED
STI-000001118,STB-000129,TXN-00001401,2026-02-14,USD,6092,0,0,6092,SETTLED
STI-000001119,STB-000036,TXN-00001402,2026-01-14,USD,3650,0,0,3650,SETTLED
STI-000001120,STB-000150,TXN-00001403,2026-02-21,USD,6058,0,0,6058,SETTLED
STI-000001121,STB-000047,TXN-00001405,2026-01-18,THB,1950,0,0,1950,SETTLED
STI-000001122,STB-000090,TXN-00001406,2026-02-01,USD,10401,0,0,10401,SETTLED
STI-000001123,STB-000120,TXN-00001407,2026-02-11,USD,3454,0,0,3454,SETTLED
STI-000001124,STB-000081,TXN-00001408,2026-01-29,USD,6074,0,0,6074,SETTLED
STI-000001125,STB-000127,TXN-00001409,2026-02-14,SGD,22188,0,0,22188,SETTLED
STI-000001126,STB-000075,TXN-00001410,2026-01-27,USD,8991,0,0,8991,SETTLED
STI-000001127,STB-000166,TXN-00001411,2026-02-27,SGD,1131,0,0,1131,SETTLED
STI-000001128,STB-000060,TXN-00001412,2026-01-22,USD,3733,0,3733,0,SETTLED
STI-000001129,STB-000015,TXN-00001413,2026-01-07,USD,2816,1240,0,1576,SETTLED
STI-000001130,STB-000093,TXN-00001414,2026-02-02,USD,3309,0,0,3309,SETTLED
STI-000001131,STB-000066,TXN-00001416,2026-01-24,USD,7595,0,0,7595,SETTLED
STI-000001132,STB-000082,TXN-00001417,2026-01-30,SGD,10847,0,0,10847,SETTLED
STI-000001133,STB-000167,TXN-00001418,2026-02-27,THB,2628,1993,0,635,SETTLED
STI-000001134,STB-000090,TXN-00001419,2026-02-01,USD,2639,0,0,2639,SETTLED
STI-000001135,STB-000156,TXN-00001421,2026-02-23,USD,4081,0,0,4081,SETTLED
STI-000001136,STB-000077,TXN-00001422,2026-01-28,THB,5313,0,0,5313,SETTLED
STI-000001137,STB-000056,TXN-00001423,2026-01-21,THB,2080,0,0,2080,SETTLED
STI-000001138,STB-000003,TXN-00001424,2026-01-03,USD,6762,0,0,6762,SETTLED
STI-000001139,STB-000060,TXN-00001425,2026-01-22,USD,5533,0,0,5533,SETTLED
STI-000001140,STB-000056,TXN-00001426,2026-01-21,THB,7155,0,0,7155,SETTLED
STI-000001141,STB-000172,TXN-00001428,2026-03-01,SGD,2317,0,0,2317,SETTLED
STI-000001142,STB-000018,TXN-00001429,2026-01-08,USD,7298,0,0,7298,SETTLED
STI-000001143,STB-000061,TXN-00001430,2026-01-23,SGD,735,0,0,735,SETTLED
STI-000001144,STB-000016,TXN-00001431,2026-01-08,SGD,3668,0,3668,0,SETTLED
STI-000001145,STB-000179,TXN-00001433,2026-03-03,THB,8201,0,0,8201,SETTLED
STI-000001146,STB-000111,TXN-00001434,2026-02-08,USD,30791,0,0,30791,SETTLED
STI-000001147,STB-000122,TXN-00001436,2026-02-12,THB,12371,3798,0,8573,SETTLED
STI-000001148,STB-000067,TXN-00001437,2026-01-25,SGD,40179,0,0,40179,SETTLED
STI-000001149,STB-000090,TXN-00001439,2026-02-01,USD,17074,0,0,17074,SETTLED
STI-000001150,STB-000117,TXN-00001441,2026-02-10,USD,14963,7432,0,7531,SETTLED
STI-000001151,STB-000079,TXN-00001442,2026-01-29,SGD,3086,0,0,3086,SETTLED
STI-000001152,STB-000066,TXN-00001443,2026-01-24,USD,4571,0,0,4571,SETTLED
STI-000001153,STB-000148,TXN-00001445,2026-02-21,SGD,13770,0,0,13770,SETTLED
STI-000001154,STB-000069,TXN-00001447,2026-01-25,USD,2720,0,0,2720,SETTLED
STI-000001155,STB-000124,TXN-00001448,2026-02-13,SGD,4015,0,0,4015,SETTLED
STI-000001156,STB-000076,TXN-00001449,2026-01-28,SGD,10721,0,0,10721,SETTLED
STI-000001157,STB-000008,TXN-00001450,2026-01-05,THB,19754,0,0,19754,SETTLED
STI-000001158,STB-000102,TXN-00001452,2026-02-05,USD,1785,0,0,1785,SETTLED
STI-000001159,STB-000059,TXN-00001453,2026-01-22,THB,2115,0,2115,0,SETTLED
STI-000001160,STB-000107,TXN-00001454,2026-02-07,THB,6489,0,0,6489,SETTLED
STI-000001161,STB-000079,TXN-00001455,2026-01-29,SGD,4294,0,0,4294,SETTLED
STI-000001162,STB-000044,TXN-00001456,2026-01-17,THB,6172,0,0,6172,SETTLED
STI-000001163,STB-000052,TXN-00001457,2026-01-20,SGD,13154,5431,0,7723,SETTLED
STI-000001164,STB-000114,TXN-00001459,2026-02-09,USD,8811,0,8811,0,SETTLED
STI-000001165,STB-000112,TXN-00001460,2026-02-09,SGD,2286,0,0,2286,SETTLED
STI-000001166,STB-000162,TXN-00001461,2026-02-25,USD,3548,0,0,3548,SETTLED
STI-000001167,STB-000039,TXN-00001463,2026-01-15,USD,3737,0,0,3737,SETTLED
STI-000001168,STB-000124,TXN-00001464,2026-02-13,SGD,2016,0,0,2016,SETTLED
STI-000001169,STB-000008,TXN-00001465,2026-01-05,THB,3754,0,0,3754,SETTLED
STI-000001170,STB-000065,TXN-00001466,2026-01-24,THB,28630,0,0,28630,SETTLED
STI-000001171,STB-000064,TXN-00001467,2026-01-24,SGD,6402,0,0,6402,SETTLED
STI-000001172,STB-000007,TXN-00001468,2026-01-05,SGD,13313,0,0,13313,SETTLED
STI-000001173,STB-000008,TXN-00001469,2026-01-05,THB,14294,0,0,14294,SETTLED
STI-000001174,STB-000063,TXN-00001472,2026-01-23,USD,8239,0,0,8239,SETTLED
STI-000001175,STB-000132,TXN-00001473,2026-02-15,USD,1785,0,0,1785,SETTLED
STI-000001176,STB-000054,TXN-00001474,2026-01-20,USD,11431,0,0,11431,SETTLED
STI-000001177,STB-000012,TXN-00001476,2026-01-06,USD,5705,0,0,5705,SETTLED
STI-000001178,STB-000091,TXN-00001477,2026-02-02,SGD,4412,0,0,4412,SETTLED
STI-000001179,STB-000006,TXN-00001479,2026-01-04,USD,6444,0,0,6444,SETTLED
STI-000001180,STB-000126,TXN-00001480,2026-02-13,USD,20532,0,0,20532,SETTLED
STI-000001181,STB-000149,TXN-00001482,2026-02-21,THB,1700,0,0,1700,SETTLED
STI-000001182,STB-000112,TXN-00001483,2026-02-09,SGD,5503,0,0,5503,SETTLED
STI-000001183,STB-000004,TXN-00001485,2026-01-04,SGD,21294,0,0,21294,SETTLED
STI-000001184,STB-000025,TXN-00001486,2026-01-11,SGD,4434,0,0,4434,SETTLED
STI-000001185,STB-000139,TXN-00001487,2026-02-18,SGD,2448,0,0,2448,SETTLED
STI-000001186,STB-000048,TXN-00001489,2026-01-18,USD,1874,1423,0,451,SETTLED
STI-000001187,STB-000020,TXN-00001491,2026-01-09,THB,4397,0,0,4397,SETTLED
STI-000001188,STB-000123,TXN-00001492,2026-02-12,USD,21781,0,0,21781,SETTLED
STI-000001189,STB-000039,TXN-00001493,2026-01-15,USD,4776,0,0,4776,SETTLED
STI-000001190,STB-000036,TXN-00001494,2026-01-14,USD,7024,0,0,7024,SETTLED
STI-000001191,STB-000092,TXN-00001495,2026-02-02,THB,13448,0,0,13448,SETTLED
STI-000001192,STB-000154,TXN-00001496,2026-02-23,SGD,14317,0,0,14317,SETTLED
STI-000001193,STB-000028,TXN-00001497,2026-01-12,SGD,1243,0,0,1243,SETTLED
STI-000001194,STB-000063,TXN-00001498,2026-01-23,USD,10868,0,0,10868,SETTLED
STI-000001195,STB-000071,TXN-00001499,2026-01-26,THB,13918,0,0,13918,SETTLED
STI-000001196,STB-000016,TXN-00001500,2026-01-08,SGD,5531,0,0,5531,SETTLED
STI-000001197,STB-000168,TXN-00001501,2026-02-27,USD,4758,0,0,4758,SETTLED
STI-000001198,STB-000144,TXN-00001502,2026-02-19,USD,1526,0,0,1526,SETTLED
STI-000001199,STB-000028,TXN-00001503,2026-01-12,SGD,7293,0,0,7293,SETTLED
STI-000001200,STB-000180,TXN-00001504,2026-03-03,USD,2385,0,0,2385,SETTLED
STI-000001201,STB-000138,TXN-00001505,2026-02-17,USD,1415,0,0,1415,SETTLED
STI-000001202,STB-000146,TXN-00001506,2026-02-20,THB,1880,0,0,1880,SETTLED
STI-000001203,STB-000086,TXN-00001507,2026-01-31,THB,5068,0,0,5068,SETTLED
STI-000001204,STB-000006,TXN-00001508,2026-01-04,USD,595,0,0,595,SETTLED
STI-000001205,STB-000030,TXN-00001509,2026-01-12,USD,6012,3826,0,2186,SETTLED
STI-000001206,STB-000143,TXN-00001510,2026-02-19,THB,2305,0,0,2305,SETTLED
STI-000001207,STB-000126,TXN-00001511,2026-02-13,USD,3154,0,0,3154,SETTLED
STI-000001208,STB-000175,TXN-00001512,2026-03-02,SGD,7270,0,0,7270,SETTLED
STI-000001209,STB-000175,TXN-00001513,2026-03-02,SGD,4372,0,0,4372,SETTLED
STI-000001210,STB-000103,TXN-00001514,2026-02-06,SGD,5928,0,0,5928,SETTLED
STI-000001211,STB-000035,TXN-00001516,2026-01-14,THB,8009,0,0,8009,SETTLED
STI-000001212,STB-000100,TXN-00001517,2026-02-05,SGD,997,0,0,997,SETTLED
STI-000001213,STB-000050,TXN-00001518,2026-01-19,THB,982,0,0,982,SETTLED
STI-000001214,STB-000069,TXN-00001519,2026-01-25,USD,2842,0,0,2842,SETTLED
STI-000001215,STB-000038,TXN-00001520,2026-01-15,THB,5859,0,0,5859,SETTLED
STI-000001216,STB-000074,TXN-00001521,2026-01-27,THB,4436,0,0,4436,SETTLED
STI-000001217,STB-000059,TXN-00001522,2026-01-22,THB,4974,0,0,4974,SETTLED
STI-000001218,STB-000032,TXN-00001523,2026-01-13,THB,601,0,0,601,SETTLED
STI-000001219,STB-000162,TXN-00001525,2026-02-25,USD,6312,0,0,6312,SETTLED
STI-000001220,STB-000043,TXN-00001526,2026-01-17,SGD,14737,0,0,14737,SETTLED
STI-000001221,STB-000177,TXN-00001527,2026-03-02,USD,13486,0,13486,0,SETTLED
STI-000001222,STB-000109,TXN-00001530,2026-02-08,SGD,6721,0,0,6721,SETTLED
STI-000001223,STB-000016,TXN-00001531,2026-01-08,SGD,6978,0,0,6978,SETTLED
STI-000001224,STB-000092,TXN-00001532,2026-02-02,THB,26735,0,0,26735,SETTLED
STI-000001225,STB-000148,TXN-00001533,2026-02-21,SGD,785,0,0,785,SETTLED
STI-000001226,STB-000027,TXN-00001534,2026-01-11,USD,3615,0,0,3615,SETTLED
STI-000001227,STB-000164,TXN-00001535,2026-02-26,THB,15046,0,0,15046,SETTLED
STI-000001228,STB-000108,TXN-00001536,2026-02-07,USD,9753,0,0,9753,SETTLED
STI-000001229,STB-000158,TXN-00001537,2026-02-24,THB,2430,0,0,2430,SETTLED
STI-000001230,STB-000043,TXN-00001538,2026-01-17,SGD,11966,0,0,11966,SETTLED
STI-000001231,STB-000076,TXN-00001539,2026-01-28,SGD,8876,0,8876,0,SETTLED
STI-000001232,STB-000156,TXN-00001540,2026-02-23,USD,5259,0,0,5259,SETTLED
STI-000001233,STB-000016,TXN-00001541,2026-01-08,SGD,5811,0,0,5811,SETTLED
STI-000001234,STB-000153,TXN-00001542,2026-02-22,USD,1777,0,0,1777,SETTLED
STI-000001235,STB-000084,TXN-00001543,2026-01-30,USD,1891,0,0,1891,SETTLED
STI-000001236,STB-000004,TXN-00001544,2026-01-04,SGD,446,0,0,446,SETTLED
STI-000001237,STB-000103,TXN-00001545,2026-02-06,SGD,5028,0,0,5028,SETTLED
STI-000001238,STB-000106,TXN-00001547,2026-02-07,SGD,5077,0,0,5077,SETTLED
STI-000001239,STB-000079,TXN-00001548,2026-01-29,SGD,20187,0,0,20187,SETTLED
STI-000001240,STB-000148,TXN-00001549,2026-02-21,SGD,4562,0,0,4562,SETTLED
STI-000001241,STB-000124,TXN-00001551,2026-02-13,SGD,5904,0,0,5904,SETTLED
STI-000001242,STB-000088,TXN-00001552,2026-02-01,SGD,16683,0,0,16683,SETTLED
STI-000001243,STB-000051,TXN-00001553,2026-01-19,USD,4040,1505,0,2535,SETTLED
STI-000001244,STB-000114,TXN-00001554,2026-02-09,USD,3328,0,0,3328,SETTLED
STI-000001245,STB-000160,TXN-00001555,2026-02-25,SGD,4814,0,0,4814,SETTLED
STI-000001246,STB-000039,TXN-00001556,2026-01-15,USD,4362,0,0,4362,SETTLED
STI-000001247,STB-000104,TXN-00001557,2026-02-06,THB,14721,0,0,14721,SETTLED
STI-000001248,STB-000145,TXN-00001558,2026-02-20,SGD,10535,0,0,10535,SETTLED
STI-000001249,STB-000005,TXN-00001560,2026-01-04,THB,8073,0,0,8073,SETTLED
STI-000001250,STB-000059,TXN-00001561,2026-01-22,THB,55410,0,0,55410,SETTLED
STI-000001251,STB-000068,TXN-00001562,2026-01-25,THB,29565,0,0,29565,SETTLED
STI-000001252,STB-000106,TXN-00001563,2026-02-07,SGD,6165,0,0,6165,SETTLED
STI-000001253,STB-000154,TXN-00001564,2026-02-23,SGD,13471,0,0,13471,SETTLED
STI-000001254,STB-000136,TXN-00001565,2026-02-17,SGD,9985,0,0,9985,SETTLED
STI-000001255,STB-000108,TXN-00001566,2026-02-07,USD,2958,0,0,2958,SETTLED
STI-000001256,STB-000094,TXN-00001567,2026-02-03,SGD,1114,0,0,1114,SETTLED
STI-000001257,STB-000049,TXN-00001568,2026-01-19,SGD,15167,0,0,15167,SETTLED
STI-000001258,STB-000043,TXN-00001569,2026-01-17,SGD,2743,593,0,2150,SETTLED
STI-000001259,STB-000057,TXN-00001570,2026-01-21,USD,11910,0,0,11910,SETTLED
STI-000001260,STB-000054,TXN-00001571,2026-01-20,USD,4909,0,0,4909,SETTLED
STI-000001261,STB-000055,TXN-00001572,2026-01-21,SGD,1424,0,0,1424,SETTLED
STI-000001262,STB-000079,TXN-00001573,2026-01-29,SGD,2173,0,0,2173,SETTLED
STI-000001263,STB-000126,TXN-00001574,2026-02-13,USD,15780,0,0,15780,SETTLED
STI-000001264,STB-000129,TXN-00001575,2026-02-14,USD,7763,0,0,7763,SETTLED
STI-000001265,STB-000064,TXN-00001576,2026-01-24,SGD,1258,0,0,1258,SETTLED
STI-000001266,STB-000073,TXN-00001577,2026-01-27,SGD,545,0,0,545,SETTLED
STI-000001267,STB-000133,TXN-00001578,2026-02-16,SGD,31955,0,0,31955,SETTLED
STI-000001268,STB-000146,TXN-00001579,2026-02-20,THB,1036,0,0,1036,SETTLED
STI-000001269,STB-000110,TXN-00001580,2026-02-08,THB,2514,0,0,2514,SETTLED
STI-000001270,STB-000146,TXN-00001581,2026-02-20,THB,7811,0,0,7811,SETTLED
STI-000001271,STB-000149,TXN-00001583,2026-02-21,THB,4530,0,0,4530,SETTLED
STI-000001272,STB-000087,TXN-00001585,2026-01-31,USD,440,0,0,440,SETTLED
STI-000001273,STB-000156,TXN-00001586,2026-02-23,USD,1941,747,0,1194,SETTLED
STI-000001274,STB-000052,TXN-00001587,2026-01-20,SGD,9712,0,0,9712,SETTLED
STI-000001275,STB-000116,TXN-00001588,2026-02-10,THB,12417,0,0,12417,SETTLED
STI-000001276,STB-000142,TXN-00001589,2026-02-19,SGD,10405,0,0,10405,SETTLED
STI-000001277,STB-000027,TXN-00001590,2026-01-11,USD,11411,0,0,11411,SETTLED
STI-000001278,STB-000155,TXN-00001591,2026-02-23,THB,20938,0,0,20938,SETTLED
STI-000001279,STB-000061,TXN-00001593,2026-01-23,SGD,3354,0,0,3354,SETTLED
STI-000001280,STB-000133,TXN-00001594,2026-02-16,SGD,4878,0,0,4878,SETTLED
STI-000001281,STB-000034,TXN-00001595,2026-01-14,SGD,5757,0,0,5757,SETTLED
STI-000001282,STB-000057,TXN-00001596,2026-01-21,USD,1749,0,0,1749,SETTLED
STI-000001283,STB-000135,TXN-00001599,2026-02-16,USD,14295,0,0,14295,SETTLED
STI-000001284,STB-000133,TXN-00001600,2026-02-16,SGD,6435,0,0,6435,SETTLED
STI-000001285,STB-000109,TXN-00001601,2026-02-08,SGD,903,0,0,903,SETTLED
STI-000001286,STB-000161,TXN-00001603,2026-02-25,THB,2748,0,0,2748,SETTLED
STI-000001287,STB-000123,TXN-00001604,2026-02-12,USD,3503,0,0,3503,SETTLED
STI-000001288,STB-000165,TXN-00001605,2026-02-26,USD,1299,0,0,1299,SETTLED
STI-000001289,STB-000026,TXN-00001606,2026-01-11,THB,2662,1851,0,811,SETTLED
STI-000001290,STB-000138,TXN-00001607,2026-02-17,USD,7436,0,0,7436,SETTLED
STI-000001291,STB-000082,TXN-00001608,2026-01-30,SGD,789,0,0,789,SETTLED
STI-000001292,STB-000154,TXN-00001609,2026-02-23,SGD,954,0,0,954,SETTLED
STI-000001293,STB-000174,TXN-00001610,2026-03-01,USD,11581,0,0,11581,SETTLED
STI-000001294,STB-000018,TXN-00001612,2026-01-08,USD,7903,0,0,7903,SETTLED
STI-000001295,STB-000007,TXN-00001613,2026-01-05,SGD,9480,0,0,9480,SETTLED
STI-000001296,STB-000066,TXN-00001614,2026-01-24,USD,6610,0,0,6610,SETTLED
STI-000001297,STB-000034,TXN-00001615,2026-01-14,SGD,4263,0,0,4263,SETTLED
STI-000001298,STB-000131,TXN-00001617,2026-02-15,THB,6246,0,0,6246,SETTLED
STI-000001299,STB-000116,TXN-00001618,2026-02-10,THB,6796,0,0,6796,SETTLED
STI-000001300,STB-000029,TXN-00001619,2026-01-12,THB,963,0,0,963,SETTLED
STI-000001301,STB-000064,TXN-00001620,2026-01-24,SGD,3965,0,0,3965,SETTLED
STI-000001302,STB-000030,TXN-00001621,2026-01-12,USD,8087,0,0,8087,SETTLED
STI-000001303,STB-000115,TXN-00001622,2026-02-10,SGD,1793,0,0,1793,SETTLED
STI-000001304,STB-000029,TXN-00001623,2026-01-12,THB,4115,0,0,4115,SETTLED
STI-000001305,STB-000065,TXN-00001624,2026-01-24,THB,3107,0,0,3107,SETTLED
STI-000001306,STB-000115,TXN-00001626,2026-02-10,SGD,2392,0,0,2392,SETTLED
STI-000001307,STB-000180,TXN-00001627,2026-03-03,USD,4193,0,0,4193,SETTLED
STI-000001308,STB-000133,TXN-00001630,2026-02-16,SGD,3942,0,0,3942,SETTLED
STI-000001309,STB-000062,TXN-00001631,2026-01-23,THB,845,477,0,368,SETTLED
STI-000001310,STB-000083,TXN-00001632,2026-01-30,THB,9995,0,0,9995,SETTLED
STI-000001311,STB-000119,TXN-00001633,2026-02-11,THB,17685,0,0,17685,SETTLED
STI-000001312,STB-000145,TXN-00001634,2026-02-20,SGD,5374,0,0,5374,SETTLED
STI-000001313,STB-000055,TXN-00001636,2026-01-21,SGD,3029,0,0,3029,SETTLED
STI-000001314,STB-000091,TXN-00001637,2026-02-02,SGD,2425,0,0,2425,SETTLED
STI-000001315,STB-000116,TXN-00001638,2026-02-10,THB,8265,0,0,8265,SETTLED
STI-000001316,STB-000175,TXN-00001639,2026-03-02,SGD,1955,0,0,1955,SETTLED
STI-000001317,STB-000146,TXN-00001641,2026-02-20,THB,2723,0,0,2723,SETTLED
STI-000001318,STB-000014,TXN-00001642,2026-01-07,THB,3714,0,0,3714,SETTLED
STI-000001319,STB-000118,TXN-00001643,2026-02-11,SGD,19610,0,0,19610,SETTLED
STI-000001320,STB-000176,TXN-00001646,2026-03-02,THB,1254,0,0,1254,SETTLED
STI-000001321,STB-000073,TXN-00001647,2026-01-27,SGD,16812,0,0,16812,SETTLED
STI-000001322,STB-000053,TXN-00001649,2026-01-20,THB,7861,0,0,7861,SETTLED
STI-000001323,STB-000055,TXN-00001650,2026-01-21,SGD,10817,0,0,10817,SETTLED
STI-000001324,STB-000176,TXN-00001651,2026-03-02,THB,2407,0,0,2407,SETTLED
STI-000001325,STB-000016,TXN-00001652,2026-01-08,SGD,8828,0,0,8828,SETTLED
STI-000001326,STB-000157,TXN-00001653,2026-02-24,SGD,16414,13064,0,3350,SETTLED
STI-000001327,STB-000169,TXN-00001654,2026-02-28,SGD,3479,1515,0,1964,SETTLED
STI-000001328,STB-000061,TXN-00001655,2026-01-23,SGD,31336,0,0,31336,SETTLED
STI-000001329,STB-000013,TXN-00001656,2026-01-07,SGD,7491,0,0,7491,SETTLED
STI-000001330,STB-000093,TXN-00001657,2026-02-02,USD,16060,0,0,16060,SETTLED
STI-000001331,STB-000094,TXN-00001659,2026-02-03,SGD,6013,0,6013,0,SETTLED
STI-000001332,STB-000160,TXN-00001660,2026-02-25,SGD,19511,0,0,19511,SETTLED
STI-000001333,STB-000051,TXN-00001661,2026-01-19,USD,11875,0,0,11875,SETTLED
STI-000001334,STB-000080,TXN-00001662,2026-01-29,THB,9307,0,0,9307,SETTLED
STI-000001335,STB-000106,TXN-00001664,2026-02-07,SGD,6566,0,0,6566,SETTLED
STI-000001336,STB-000172,TXN-00001665,2026-03-01,SGD,6844,0,0,6844,SETTLED
STI-000001337,STB-000153,TXN-00001666,2026-02-22,USD,8333,0,0,8333,SETTLED
STI-000001338,STB-000067,TXN-00001668,2026-01-25,SGD,2306,0,0,2306,SETTLED
STI-000001339,STB-000046,TXN-00001669,2026-01-18,SGD,12592,0,0,12592,SETTLED
STI-000001340,STB-000179,TXN-00001671,2026-03-03,THB,602,0,0,602,SETTLED
STI-000001341,STB-000148,TXN-00001672,2026-02-21,SGD,9278,0,0,9278,SETTLED
STI-000001342,STB-000013,TXN-00001673,2026-01-07,SGD,9319,0,0,9319,SETTLED
STI-000001343,STB-000057,TXN-00001675,2026-01-21,USD,1672,0,0,1672,SETTLED
STI-000001344,STB-000061,TXN-00001677,2026-01-23,SGD,6033,0,0,6033,SETTLED
STI-000001345,STB-000086,TXN-00001678,2026-01-31,THB,2005,0,0,2005,SETTLED
STI-000001346,STB-000130,TXN-00001679,2026-02-15,SGD,1306,0,0,1306,SETTLED
STI-000001347,STB-000132,TXN-00001680,2026-02-15,USD,3025,0,0,3025,SETTLED
STI-000001348,STB-000007,TXN-00001681,2026-01-05,SGD,4539,0,0,4539,SETTLED
STI-000001349,STB-000002,TXN-00001682,2026-01-03,THB,1141,0,0,1141,SETTLED
STI-000001350,STB-000144,TXN-00001683,2026-02-19,USD,2035,0,0,2035,SETTLED
STI-000001351,STB-000116,TXN-00001684,2026-02-10,THB,1043,627,0,416,SETTLED
STI-000001352,STB-000126,TXN-00001685,2026-02-13,USD,5905,0,5905,0,SETTLED
STI-000001353,STB-000173,TXN-00001686,2026-03-01,THB,2988,825,0,2163,SETTLED
STI-000001354,STB-000038,TXN-00001689,2026-01-15,THB,3550,0,0,3550,SETTLED
STI-000001355,STB-000007,TXN-00001691,2026-01-05,SGD,11092,0,0,11092,SETTLED
STI-000001356,STB-000004,TXN-00001692,2026-01-04,SGD,13116,0,0,13116,SETTLED
STI-000001357,STB-000014,TXN-00001693,2026-01-07,THB,13216,0,0,13216,SETTLED
STI-000001358,STB-000099,TXN-00001694,2026-02-04,USD,8529,0,0,8529,SETTLED
STI-000001359,STB-000080,TXN-00001695,2026-01-29,THB,651,0,0,651,SETTLED
STI-000001360,STB-000177,TXN-00001696,2026-03-02,USD,3657,0,0,3657,SETTLED
STI-000001361,STB-000147,TXN-00001698,2026-02-20,USD,2663,0,0,2663,SETTLED
STI-000001362,STB-000033,TXN-00001699,2026-01-13,USD,1873,0,0,1873,SETTLED
STI-000001363,STB-000081,TXN-00001701,2026-01-29,USD,198,0,0,198,SETTLED
STI-000001364,STB-000156,TXN-00001705,2026-02-23,USD,991,395,0,596,SETTLED
STI-000001365,STB-000055,TXN-00001707,2026-01-21,SGD,2723,0,0,2723,SETTLED
STI-000001366,STB-000063,TXN-00001709,2026-01-23,USD,2805,0,0,2805,SETTLED
STI-000001367,STB-000020,TXN-00001710,2026-01-09,THB,1375,0,0,1375,SETTLED
STI-000001368,STB-000094,TXN-00001711,2026-02-03,SGD,11345,0,0,11345,SETTLED
STI-000001369,STB-000126,TXN-00001713,2026-02-13,USD,3387,0,0,3387,SETTLED
STI-000001370,STB-000072,TXN-00001714,2026-01-26,USD,27100,0,0,27100,SETTLED
STI-000001371,STB-000074,TXN-00001715,2026-01-27,THB,37229,0,0,37229,SETTLED
STI-000001372,STB-000055,TXN-00001716,2026-01-21,SGD,13070,0,0,13070,SETTLED
STI-000001373,STB-000123,TXN-00001717,2026-02-12,USD,3087,0,0,3087,SETTLED
STI-000001374,STB-000024,TXN-00001718,2026-01-10,USD,8066,0,0,8066,SETTLED
STI-000001375,STB-000105,TXN-00001719,2026-02-06,USD,960,0,0,960,SETTLED
STI-000001376,STB-000123,TXN-00001720,2026-02-12,USD,12887,0,0,12887,SETTLED
STI-000001377,STB-000129,TXN-00001721,2026-02-14,USD,19137,0,0,19137,SETTLED
STI-000001378,STB-000154,TXN-00001723,2026-02-23,SGD,27555,0,0,27555,SETTLED
STI-000001379,STB-000122,TXN-00001724,2026-02-12,THB,3426,0,0,3426,SETTLED
STI-000001380,STB-000069,TXN-00001725,2026-01-25,USD,3932,0,0,3932,SETTLED
STI-000001381,STB-000053,TXN-00001728,2026-01-20,THB,7769,0,0,7769,SETTLED
STI-000001382,STB-000145,TXN-00001729,2026-02-20,SGD,1531,0,0,1531,SETTLED
STI-000001383,STB-000077,TXN-00001730,2026-01-28,THB,1591,0,0,1591,SETTLED
STI-000001384,STB-000121,TXN-00001731,2026-02-12,SGD,4949,0,0,4949,SETTLED
STI-000001385,STB-000109,TXN-00001734,2026-02-08,SGD,991,0,0,991,SETTLED
STI-000001386,STB-000157,TXN-00001735,2026-02-24,SGD,15000,0,0,15000,SETTLED
STI-000001387,STB-000129,TXN-00001736,2026-02-14,USD,160,0,0,160,SETTLED
STI-000001388,STB-000054,TXN-00001737,2026-01-20,USD,5603,0,0,5603,SETTLED
STI-000001389,STB-000059,TXN-00001738,2026-01-22,THB,8858,0,0,8858,SETTLED
STI-000001390,STB-000180,TXN-00001739,2026-03-03,USD,18577,0,0,18577,SETTLED
STI-000001391,STB-000084,TXN-00001740,2026-01-30,USD,1515,0,0,1515,SETTLED
STI-000001392,STB-000047,TXN-00001741,2026-01-18,THB,12525,0,0,12525,SETTLED
STI-000001393,STB-000046,TXN-00001742,2026-01-18,SGD,3170,0,0,3170,SETTLED
STI-000001394,STB-000115,TXN-00001743,2026-02-10,SGD,7660,0,0,7660,SETTLED
STI-000001395,STB-000065,TXN-00001744,2026-01-24,THB,5780,0,0,5780,SETTLED
STI-000001396,STB-000117,TXN-00001745,2026-02-10,USD,20568,0,0,20568,SETTLED
STI-000001397,STB-000001,TXN-00001746,2026-01-03,SGD,2027,0,0,2027,SETTLED
STI-000001398,STB-000040,TXN-00001747,2026-01-16,SGD,8861,0,0,8861,SETTLED
STI-000001399,STB-000047,TXN-00001748,2026-01-18,THB,107507,0,0,107507,SETTLED
STI-000001400,STB-000110,TXN-00001749,2026-02-08,THB,7223,0,0,7223,SETTLED
STI-000001401,STB-000091,TXN-00001751,2026-02-02,SGD,17476,0,0,17476,SETTLED
STI-000001402,STB-000050,TXN-00001752,2026-01-19,THB,3415,0,0,3415,SETTLED
STI-000001403,STB-000003,TXN-00001753,2026-01-03,USD,1330,0,0,1330,SETTLED
STI-000001404,STB-000167,TXN-00001754,2026-02-27,THB,14286,0,0,14286,SETTLED
STI-000001405,STB-000037,TXN-00001755,2026-01-15,SGD,11223,0,0,11223,SETTLED
STI-000001406,STB-000057,TXN-00001757,2026-01-21,USD,33572,13679,0,19893,SETTLED
STI-000001407,STB-000011,TXN-00001758,2026-01-06,THB,22343,0,0,22343,SETTLED
STI-000001408,STB-000079,TXN-00001759,2026-01-29,SGD,13335,10939,0,2396,SETTLED
STI-000001409,STB-000052,TXN-00001760,2026-01-20,SGD,2307,0,0,2307,SETTLED
STI-000001410,STB-000118,TXN-00001761,2026-02-11,SGD,6221,0,0,6221,SETTLED
STI-000001411,STB-000157,TXN-00001762,2026-02-24,SGD,5824,0,0,5824,SETTLED
STI-000001412,STB-000154,TXN-00001763,2026-02-23,SGD,11436,0,0,11436,SETTLED
STI-000001413,STB-000156,TXN-00001766,2026-02-23,USD,18072,14831,0,3241,SETTLED
STI-000001414,STB-000034,TXN-00001767,2026-01-14,SGD,4135,0,0,4135,SETTLED
STI-000001415,STB-000149,TXN-00001768,2026-02-21,THB,2092,0,0,2092,SETTLED
STI-000001416,STB-000056,TXN-00001770,2026-01-21,THB,45981,0,0,45981,SETTLED
STI-000001417,STB-000086,TXN-00001771,2026-01-31,THB,4258,0,0,4258,SETTLED
STI-000001418,STB-000153,TXN-00001772,2026-02-22,USD,5662,0,0,5662,SETTLED
STI-000001419,STB-000005,TXN-00001774,2026-01-04,THB,9164,0,0,9164,SETTLED
STI-000001420,STB-000074,TXN-00001775,2026-01-27,THB,1385,0,0,1385,SETTLED
STI-000001421,STB-000155,TXN-00001776,2026-02-23,THB,7184,0,0,7184,SETTLED
STI-000001422,STB-000046,TXN-00001777,2026-01-18,SGD,4606,0,0,4606,SETTLED
STI-000001423,STB-000056,TXN-00001778,2026-01-21,THB,14759,0,0,14759,SETTLED
STI-000001424,STB-000099,TXN-00001779,2026-02-04,USD,5477,0,0,5477,SETTLED
STI-000001425,STB-000118,TXN-00001781,2026-02-11,SGD,2899,2326,0,573,SETTLED
STI-000001426,STB-000033,TXN-00001782,2026-01-13,USD,39779,0,0,39779,SETTLED
STI-000001427,STB-000053,TXN-00001784,2026-01-20,THB,5104,0,0,5104,SETTLED
STI-000001428,STB-000065,TXN-00001785,2026-01-24,THB,4112,0,0,4112,SETTLED
STI-000001429,STB-000178,TXN-00001786,2026-03-03,SGD,4782,0,0,4782,SETTLED
STI-000001430,STB-000108,TXN-00001787,2026-02-07,USD,1802,0,0,1802,SETTLED
STI-000001431,STB-000087,TXN-00001788,2026-01-31,USD,7227,0,0,7227,SETTLED
STI-000001432,STB-000096,TXN-00001789,2026-02-03,USD,2037,0,0,2037,SETTLED
STI-000001433,STB-000082,TXN-00001790,2026-01-30,SGD,1154,489,0,665,SETTLED
STI-000001434,STB-000094,TXN-00001791,2026-02-03,SGD,6735,1217,0,5518,SETTLED
STI-000001435,STB-000137,TXN-00001792,2026-02-17,THB,1491,0,0,1491,SETTLED
STI-000001436,STB-000026,TXN-00001793,2026-01-11,THB,378,0,0,378,SETTLED
STI-000001437,STB-000009,TXN-00001795,2026-01-05,USD,3136,0,0,3136,SETTLED
STI-000001438,STB-000162,TXN-00001796,2026-02-25,USD,15090,9662,0,5428,SETTLED
STI-000001439,STB-000162,TXN-00001797,2026-02-25,USD,4684,725,0,3959,SETTLED
STI-000001440,STB-000119,TXN-00001798,2026-02-11,THB,978,0,0,978,SETTLED
STI-000001441,STB-000128,TXN-00001799,2026-02-14,THB,10252,0,0,10252,SETTLED
STI-000001442,STB-000097,TXN-00001801,2026-02-04,SGD,12968,0,0,12968,SETTLED
STI-000001443,STB-000159,TXN-00001802,2026-02-24,USD,8193,3013,0,5180,SETTLED
STI-000001444,STB-000121,TXN-00001805,2026-02-12,SGD,17336,0,0,17336,SETTLED
STI-000001445,STB-000091,TXN-00001806,2026-02-02,SGD,2295,0,0,2295,SETTLED
STI-000001446,STB-000113,TXN-00001808,2026-02-09,THB,38127,0,0,38127,SETTLED
STI-000001447,STB-000160,TXN-00001810,2026-02-25,SGD,977,0,0,977,SETTLED
STI-000001448,STB-000134,TXN-00001811,2026-02-16,THB,5766,0,0,5766,SETTLED
STI-000001449,STB-000026,TXN-00001812,2026-01-11,THB,4208,0,0,4208,SETTLED
STI-000001450,STB-000031,TXN-00001813,2026-01-13,SGD,5954,0,5954,0,SETTLED
STI-000001451,STB-000007,TXN-00001815,2026-01-05,SGD,11134,0,0,11134,SETTLED
STI-000001452,STB-000099,TXN-00001816,2026-02-04,USD,1572,0,0,1572,SETTLED
STI-000001453,STB-000143,TXN-00001817,2026-02-19,THB,1300,0,0,1300,SETTLED
STI-000001454,STB-000171,TXN-00001818,2026-02-28,USD,2733,0,0,2733,SETTLED
STI-000001455,STB-000109,TXN-00001819,2026-02-08,SGD,7359,0,0,7359,SETTLED
STI-000001456,STB-000090,TXN-00001820,2026-02-01,USD,8684,0,0,8684,SETTLED
STI-000001457,STB-000073,TXN-00001821,2026-01-27,SGD,5376,0,0,5376,SETTLED
STI-000001458,STB-000169,TXN-00001822,2026-02-28,SGD,2582,0,0,2582,SETTLED
STI-000001459,STB-000117,TXN-00001823,2026-02-10,USD,20649,0,0,20649,SETTLED
STI-000001460,STB-000168,TXN-00001824,2026-02-27,USD,1131,0,0,1131,SETTLED
STI-000001461,STB-000070,TXN-00001826,2026-01-26,SGD,2929,0,0,2929,SETTLED
STI-000001462,STB-000077,TXN-00001827,2026-01-28,THB,6468,5099,0,1369,SETTLED
STI-000001463,STB-000135,TXN-00001828,2026-02-16,USD,1845,0,0,1845,SETTLED
STI-000001464,STB-000134,TXN-00001829,2026-02-16,THB,7568,0,0,7568,SETTLED
STI-000001465,STB-000083,TXN-00001830,2026-01-30,THB,3596,0,0,3596,SETTLED
STI-000001466,STB-000150,TXN-00001831,2026-02-21,USD,5975,0,0,5975,SETTLED
STI-000001467,STB-000074,TXN-00001832,2026-01-27,THB,1012,0,0,1012,SETTLED
STI-000001468,STB-000148,TXN-00001833,2026-02-21,SGD,2556,0,0,2556,SETTLED
STI-000001469,STB-000028,TXN-00001834,2026-01-12,SGD,10286,0,0,10286,SETTLED
STI-000001470,STB-000016,TXN-00001835,2026-01-08,SGD,6249,0,0,6249,SETTLED
STI-000001471,STB-000108,TXN-00001837,2026-02-07,USD,6180,0,0,6180,SETTLED
STI-000001472,STB-000001,TXN-00001838,2026-01-03,SGD,476,0,0,476,SETTLED
STI-000001473,STB-000016,TXN-00001839,2026-01-08,SGD,2350,0,0,2350,SETTLED
STI-000001474,STB-000178,TXN-00001840,2026-03-03,SGD,5295,0,0,5295,SETTLED
STI-000001475,STB-000022,TXN-00001841,2026-01-10,SGD,4709,0,0,4709,SETTLED
STI-000001476,STB-000104,TXN-00001842,2026-02-06,THB,1994,0,1994,0,SETTLED
STI-000001477,STB-000029,TXN-00001843,2026-01-12,THB,4123,0,0,4123,SETTLED
STI-000001478,STB-000033,TXN-00001844,2026-01-13,USD,4992,0,0,4992,SETTLED
STI-000001479,STB-000062,TXN-00001845,2026-01-23,THB,6439,1925,0,4514,SETTLED
STI-000001480,STB-000079,TXN-00001846,2026-01-29,SGD,5017,0,0,5017,SETTLED
STI-000001481,STB-000109,TXN-00001848,2026-02-08,SGD,4343,0,0,4343,SETTLED
STI-000001482,STB-000143,TXN-00001849,2026-02-19,THB,1990,0,0,1990,SETTLED
STI-000001483,STB-000033,TXN-00001852,2026-01-13,USD,7312,0,0,7312,SETTLED
STI-000001484,STB-000025,TXN-00001853,2026-01-11,SGD,593,0,0,593,SETTLED
STI-000001485,STB-000097,TXN-00001854,2026-02-04,SGD,715,0,0,715,SETTLED
STI-000001486,STB-000126,TXN-00001855,2026-02-13,USD,1272,0,0,1272,SETTLED
STI-000001487,STB-000163,TXN-00001856,2026-02-26,SGD,938,0,0,938,SETTLED
STI-000001488,STB-000053,TXN-00001858,2026-01-20,THB,3103,0,0,3103,SETTLED
STI-000001489,STB-000034,TXN-00001860,2026-01-14,SGD,14302,0,0,14302,SETTLED
STI-000001490,STB-000152,TXN-00001861,2026-02-22,THB,1953,0,0,1953,SETTLED
STI-000001491,STB-000099,TXN-00001862,2026-02-04,USD,6936,0,0,6936,SETTLED
STI-000001492,STB-000015,TXN-00001863,2026-01-07,USD,10492,0,0,10492,SETTLED
STI-000001493,STB-000168,TXN-00001864,2026-02-27,USD,8085,0,0,8085,SETTLED
STI-000001494,STB-000086,TXN-00001865,2026-01-31,THB,5262,0,0,5262,SETTLED
STI-000001495,STB-000132,TXN-00001866,2026-02-15,USD,1546,0,0,1546,SETTLED
STI-000001496,STB-000092,TXN-00001867,2026-02-02,THB,3187,0,0,3187,SETTLED
STI-000001497,STB-000002,TXN-00001868,2026-01-03,THB,3188,0,0,3188,SETTLED
STI-000001498,STB-000148,TXN-00001870,2026-02-21,SGD,5458,0,5458,0,SETTLED
STI-000001499,STB-000077,TXN-00001873,2026-01-28,THB,1950,0,1950,0,SETTLED
STI-000001500,STB-000177,TXN-00001874,2026-03-02,USD,44725,0,0,44725,SETTLED
STI-000001501,STB-000101,TXN-00001876,2026-02-05,THB,2965,0,0,2965,SETTLED
STI-000001502,STB-000070,TXN-00001877,2026-01-26,SGD,4250,0,0,4250,SETTLED
STI-000001503,STB-000152,TXN-00001878,2026-02-22,THB,3311,0,0,3311,SETTLED
STI-000001504,STB-000012,TXN-00001879,2026-01-06,USD,1790,0,0,1790,SETTLED
STI-000001505,STB-000067,TXN-00001880,2026-01-25,SGD,6146,5193,0,953,SETTLED
STI-000001506,STB-000140,TXN-00001881,2026-02-18,THB,704,0,704,0,SETTLED
STI-000001507,STB-000151,TXN-00001883,2026-02-22,SGD,4447,0,0,4447,SETTLED
STI-000001508,STB-000087,TXN-00001884,2026-01-31,USD,7610,0,0,7610,SETTLED
STI-000001509,STB-000089,TXN-00001885,2026-02-01,THB,9986,0,0,9986,SETTLED
STI-000001510,STB-000112,TXN-00001886,2026-02-09,SGD,2813,0,0,2813,SETTLED
STI-000001511,STB-000074,TXN-00001887,2026-01-27,THB,7655,0,0,7655,SETTLED
STI-000001512,STB-000150,TXN-00001890,2026-02-21,USD,3499,1309,0,2190,SETTLED
STI-000001513,STB-000126,TXN-00001891,2026-02-13,USD,3140,0,0,3140,SETTLED
STI-000001514,STB-000058,TXN-00001892,2026-01-22,SGD,3862,0,0,3862,SETTLED
STI-000001515,STB-000087,TXN-00001893,2026-01-31,USD,2904,0,0,2904,SETTLED
STI-000001516,STB-000022,TXN-00001894,2026-01-10,SGD,2659,0,0,2659,SETTLED
STI-000001517,STB-000002,TXN-00001896,2026-01-03,THB,14595,0,0,14595,SETTLED
STI-000001518,STB-000178,TXN-00001897,2026-03-03,SGD,2515,0,0,2515,SETTLED
STI-000001519,STB-000009,TXN-00001898,2026-01-05,USD,5757,0,0,5757,SETTLED
STI-000001520,STB-000163,TXN-00001899,2026-02-26,SGD,3197,0,0,3197,SETTLED
STI-000001521,STB-000062,TXN-00001901,2026-01-23,THB,5942,3387,0,2555,SETTLED
STI-000001522,STB-000071,TXN-00001902,2026-01-26,THB,10934,0,0,10934,SETTLED
STI-000001523,STB-000039,TXN-00001903,2026-01-15,USD,1318,0,0,1318,SETTLED
STI-000001524,STB-000051,TXN-00001904,2026-01-19,USD,2717,0,0,2717,SETTLED
STI-000001525,STB-000094,TXN-00001905,2026-02-03,SGD,10722,0,0,10722,SETTLED
STI-000001526,STB-000106,TXN-00001907,2026-02-07,SGD,3637,0,0,3637,SETTLED
STI-000001527,STB-000110,TXN-00001908,2026-02-08,THB,1692,0,0,1692,SETTLED
STI-000001528,STB-000049,TXN-00001909,2026-01-19,SGD,5501,0,0,5501,SETTLED
STI-000001529,STB-000057,TXN-00001910,2026-01-21,USD,654,0,0,654,SETTLED
STI-000001530,STB-000070,TXN-00001913,2026-01-26,SGD,18646,10102,0,8544,SETTLED
STI-000001531,STB-000162,TXN-00001914,2026-02-25,USD,1579,0,0,1579,SETTLED
STI-000001532,STB-000062,TXN-00001915,2026-01-23,THB,2519,0,0,2519,SETTLED
STI-000001533,STB-000062,TXN-00001917,2026-01-23,THB,1406,0,0,1406,SETTLED
STI-000001534,STB-000084,TXN-00001918,2026-01-30,USD,3813,0,0,3813,SETTLED
STI-000001535,STB-000092,TXN-00001919,2026-02-02,THB,2576,0,0,2576,SETTLED
STI-000001536,STB-000066,TXN-00001920,2026-01-24,USD,4151,0,0,4151,SETTLED
STI-000001537,STB-000149,TXN-00001921,2026-02-21,THB,4024,0,0,4024,SETTLED
STI-000001538,STB-000030,TXN-00001922,2026-01-12,USD,3117,0,0,3117,SETTLED
STI-000001539,STB-000101,TXN-00001923,2026-02-05,THB,11156,0,0,11156,SETTLED
STI-000001540,STB-000022,TXN-00001924,2026-01-10,SGD,11291,0,0,11291,SETTLED
STI-000001541,STB-000161,TXN-00001926,2026-02-25,THB,4178,0,0,4178,SETTLED
STI-000001542,STB-000147,TXN-00001927,2026-02-20,USD,3612,0,0,3612,SETTLED
STI-000001543,STB-000029,TXN-00001928,2026-01-12,THB,1672,965,0,707,SETTLED
STI-000001544,STB-000052,TXN-00001929,2026-01-20,SGD,2159,0,0,2159,SETTLED
STI-000001545,STB-000090,TXN-00001930,2026-02-01,USD,28336,11422,0,16914,SETTLED
STI-000001546,STB-000080,TXN-00001931,2026-01-29,THB,1437,0,0,1437,SETTLED
STI-000001547,STB-000146,TXN-00001933,2026-02-20,THB,11633,0,0,11633,SETTLED
STI-000001548,STB-000177,TXN-00001934,2026-03-02,USD,4008,0,0,4008,SETTLED
STI-000001549,STB-000030,TXN-00001936,2026-01-12,USD,10782,0,0,10782,SETTLED
STI-000001550,STB-000119,TXN-00001937,2026-02-11,THB,10605,0,10605,0,SETTLED
STI-000001551,STB-000155,TXN-00001939,2026-02-23,THB,2608,678,0,1930,SETTLED
STI-000001552,STB-000074,TXN-00001940,2026-01-27,THB,2529,0,0,2529,SETTLED
STI-000001553,STB-000018,TXN-00001941,2026-01-08,USD,2097,0,0,2097,SETTLED
STI-000001554,STB-000048,TXN-00001943,2026-01-18,USD,7126,0,0,7126,SETTLED
STI-000001555,STB-000096,TXN-00001946,2026-02-03,USD,5252,0,0,5252,SETTLED
STI-000001556,STB-000160,TXN-00001948,2026-02-25,SGD,7283,0,0,7283,SETTLED
STI-000001557,STB-000056,TXN-00001949,2026-01-21,THB,4122,0,0,4122,SETTLED
STI-000001558,STB-000086,TXN-00001950,2026-01-31,THB,36825,0,0,36825,SETTLED
STI-000001559,STB-000045,TXN-00001951,2026-01-17,USD,2786,0,0,2786,SETTLED
STI-000001560,STB-000154,TXN-00001955,2026-02-23,SGD,19602,0,0,19602,SETTLED
STI-000001561,STB-000003,TXN-00001956,2026-01-03,USD,15118,0,0,15118,SETTLED
STI-000001562,STB-000006,TXN-00001957,2026-01-04,USD,15187,0,0,15187,SETTLED
STI-000001563,STB-000150,TXN-00001958,2026-02-21,USD,2781,0,0,2781,SETTLED
STI-000001564,STB-000154,TXN-00001959,2026-02-23,SGD,13778,0,0,13778,SETTLED
STI-000001565,STB-000110,TXN-00001960,2026-02-08,THB,2749,0,0,2749,SETTLED
STI-000001566,STB-000130,TXN-00001961,2026-02-15,SGD,4041,743,0,3298,SETTLED
STI-000001567,STB-000064,TXN-00001962,2026-01-24,SGD,6421,0,0,6421,SETTLED
STI-000001568,STB-000144,TXN-00001963,2026-02-19,USD,12529,0,0,12529,SETTLED
STI-000001569,STB-000175,TXN-00001964,2026-03-02,SGD,5135,0,0,5135,SETTLED
STI-000001570,STB-000044,TXN-00001966,2026-01-17,THB,3499,0,0,3499,SETTLED
STI-000001571,STB-000084,TXN-00001968,2026-01-30,USD,3318,0,3318,0,SETTLED
STI-000001572,STB-000021,TXN-00001969,2026-01-09,USD,12656,0,0,12656,SETTLED
STI-000001573,STB-000124,TXN-00001970,2026-02-13,SGD,11266,0,11266,0,SETTLED
STI-000001574,STB-000063,TXN-00001972,2026-01-23,USD,7698,0,0,7698,SETTLED
STI-000001575,STB-000139,TXN-00001975,2026-02-18,SGD,4473,0,0,4473,SETTLED
STI-000001576,STB-000005,TXN-00001977,2026-01-04,THB,9305,0,0,9305,SETTLED
STI-000001577,STB-000127,TXN-00001979,2026-02-14,SGD,8530,0,0,8530,SETTLED
STI-000001578,STB-000040,TXN-00001980,2026-01-16,SGD,2466,0,0,2466,SETTLED
STI-000001579,STB-000052,TXN-00001981,2026-01-20,SGD,4004,0,0,4004,SETTLED
STI-000001580,STB-000086,TXN-00001982,2026-01-31,THB,3731,0,0,3731,SETTLED
STI-000001581,STB-000077,TXN-00001983,2026-01-28,THB,2248,0,0,2248,SETTLED
STI-000001582,STB-000139,TXN-00001984,2026-02-18,SGD,2675,0,0,2675,SETTLED
STI-000001583,STB-000096,TXN-00001985,2026-02-03,USD,7762,0,0,7762,SETTLED
STI-000001584,STB-000116,TXN-00001987,2026-02-10,THB,15179,0,0,15179,SETTLED
STI-000001585,STB-000123,TXN-00001988,2026-02-12,USD,320,0,0,320,SETTLED
STI-000001586,STB-000047,TXN-00001989,2026-01-18,THB,4487,0,0,4487,SETTLED
STI-000001587,STB-000168,TXN-00001990,2026-02-27,USD,13181,0,0,13181,SETTLED
STI-000001588,STB-000025,TXN-00001991,2026-01-11,SGD,2263,0,0,2263,SETTLED
STI-000001589,STB-000040,TXN-00001992,2026-01-16,SGD,1134,0,0,1134,SETTLED
STI-000001590,STB-000163,TXN-00001994,2026-02-26,SGD,2978,0,0,2978,SETTLED
STI-000001591,STB-000150,TXN-00001995,2026-02-21,USD,2521,1416,0,1105,SETTLED
STI-000001592,STB-000172,TXN-00001996,2026-03-01,SGD,4026,0,0,4026,SETTLED
STI-000001593,STB-000160,TXN-00001997,2026-02-25,SGD,17390,0,0,17390,SETTLED
STI-000001594,STB-000071,TXN-00001998,2026-01-26,THB,645,0,0,645,SETTLED
STI-000001595,STB-000089,TXN-00001999,2026-02-01,THB,7800,0,0,7800,SETTLED
STI-000001596,STB-000054,TXN-00002000,2026-01-20,USD,2992,0,0,2992,SETTLED
STI-000001597,STB-000017,TXN-00002002,2026-01-08,THB,2498,0,0,2498,SETTLED
STI-000001598,STB-000073,TXN-00002003,2026-01-27,SGD,4130,0,0,4130,SETTLED
STI-000001599,STB-000002,TXN-00002004,2026-01-03,THB,37138,0,0,37138,SETTLED
STI-000001600,STB-000174,TXN-00002005,2026-03-01,USD,1562,1234,0,328,SETTLED
STI-000001601,STB-000027,TXN-00002006,2026-01-11,USD,1765,0,0,1765,SETTLED
STI-000001602,STB-000139,TXN-00002007,2026-02-18,SGD,3419,0,0,3419,SETTLED
STI-000001603,STB-000072,TXN-00002008,2026-01-26,USD,33401,0,0,33401,SETTLED
STI-000001604,STB-000022,TXN-00002009,2026-01-10,SGD,12916,0,0,12916,SETTLED
STI-000001605,STB-000055,TXN-00002010,2026-01-21,SGD,651,0,0,651,SETTLED
STI-000001606,STB-000087,TXN-00002011,2026-01-31,USD,7999,0,0,7999,SETTLED
STI-000001607,STB-000108,TXN-00002012,2026-02-07,USD,4000,0,0,4000,SETTLED
STI-000001608,STB-000105,TXN-00002013,2026-02-06,USD,4660,0,0,4660,SETTLED
STI-000001609,STB-000127,TXN-00002014,2026-02-14,SGD,10529,0,0,10529,SETTLED
STI-000001610,STB-000152,TXN-00002016,2026-02-22,THB,6087,0,0,6087,SETTLED
STI-000001611,STB-000046,TXN-00002017,2026-01-18,SGD,1733,0,0,1733,SETTLED
STI-000001612,STB-000103,TXN-00002018,2026-02-06,SGD,1125,0,0,1125,SETTLED
STI-000001613,STB-000087,TXN-00002021,2026-01-31,USD,23521,0,0,23521,SETTLED
STI-000001614,STB-000003,TXN-00002022,2026-01-03,USD,25284,0,0,25284,SETTLED
STI-000001615,STB-000094,TXN-00002023,2026-02-03,SGD,10827,0,0,10827,SETTLED
STI-000001616,STB-000060,TXN-00002024,2026-01-22,USD,3041,0,0,3041,SETTLED
STI-000001617,STB-000021,TXN-00002026,2026-01-09,USD,324,0,0,324,SETTLED
STI-000001618,STB-000177,TXN-00002027,2026-03-02,USD,831,0,0,831,SETTLED
STI-000001619,STB-000055,TXN-00002029,2026-01-21,SGD,3136,0,0,3136,SETTLED
STI-000001620,STB-000048,TXN-00002032,2026-01-18,USD,19231,0,0,19231,SETTLED
STI-000001621,STB-000153,TXN-00002033,2026-02-22,USD,4499,0,0,4499,SETTLED
STI-000001622,STB-000157,TXN-00002034,2026-02-24,SGD,14426,0,0,14426,SETTLED
STI-000001623,STB-000070,TXN-00002035,2026-01-26,SGD,16815,0,0,16815,SETTLED
STI-000001624,STB-000109,TXN-00002037,2026-02-08,SGD,9587,0,0,9587,SETTLED
STI-000001625,STB-000180,TXN-00002038,2026-03-03,USD,2505,0,0,2505,SETTLED
STI-000001626,STB-000108,TXN-00002039,2026-02-07,USD,5632,0,0,5632,SETTLED
STI-000001627,STB-000164,TXN-00002040,2026-02-26,THB,2685,0,0,2685,SETTLED
STI-000001628,STB-000074,TXN-00002041,2026-01-27,THB,5605,0,0,5605,SETTLED
STI-000001629,STB-000169,TXN-00002042,2026-02-28,SGD,6532,0,0,6532,SETTLED
STI-000001630,STB-000097,TXN-00002043,2026-02-04,SGD,6561,0,0,6561,SETTLED
STI-000001631,STB-000056,TXN-00002044,2026-01-21,THB,3746,0,0,3746,SETTLED
STI-000001632,STB-000097,TXN-00002045,2026-02-04,SGD,6305,0,0,6305,SETTLED
STI-000001633,STB-000118,TXN-00002048,2026-02-11,SGD,3901,0,0,3901,SETTLED
STI-000001634,STB-000171,TXN-00002050,2026-02-28,USD,3755,0,0,3755,SETTLED
STI-000001635,STB-000015,TXN-00002051,2026-01-07,USD,1993,0,0,1993,SETTLED
STI-000001636,STB-000031,TXN-00002052,2026-01-13,SGD,7330,0,0,7330,SETTLED
STI-000001637,STB-000043,TXN-00002053,2026-01-17,SGD,2738,0,0,2738,SETTLED
STI-000001638,STB-000150,TXN-00002055,2026-02-21,USD,1457,0,1457,0,SETTLED
STI-000001639,STB-000048,TXN-00002056,2026-01-18,USD,21143,0,0,21143,SETTLED
STI-000001640,STB-000133,TXN-00002057,2026-02-16,SGD,2194,0,0,2194,SETTLED
STI-000001641,STB-000146,TXN-00002058,2026-02-20,THB,11125,4232,0,6893,SETTLED
STI-000001642,STB-000039,TXN-00002059,2026-01-15,USD,4614,0,0,4614,SETTLED
STI-000001643,STB-000071,TXN-00002060,2026-01-26,THB,33040,0,0,33040,SETTLED
STI-000001644,STB-000023,TXN-00002061,2026-01-10,THB,1633,0,0,1633,SETTLED
STI-000001645,STB-000115,TXN-00002062,2026-02-10,SGD,5122,0,0,5122,SETTLED
STI-000001646,STB-000058,TXN-00002063,2026-01-22,SGD,9742,0,0,9742,SETTLED
STI-000001647,STB-000122,TXN-00002065,2026-02-12,THB,13482,8568,0,4914,SETTLED
STI-000001648,STB-000041,TXN-00002066,2026-01-16,THB,7248,0,0,7248,SETTLED
STI-000001649,STB-000110,TXN-00002067,2026-02-08,THB,4843,0,0,4843,SETTLED
STI-000001650,STB-000155,TXN-00002068,2026-02-23,THB,9963,9766,0,197,SETTLED
STI-000001651,STB-000010,TXN-00002070,2026-01-06,SGD,5221,0,0,5221,SETTLED
STI-000001652,STB-000130,TXN-00002071,2026-02-15,SGD,10319,0,0,10319,SETTLED
STI-000001653,STB-000129,TXN-00002073,2026-02-14,USD,12920,0,0,12920,SETTLED
STI-000001654,STB-000154,TXN-00002074,2026-02-23,SGD,3713,0,0,3713,SETTLED
STI-000001655,STB-000059,TXN-00002077,2026-01-22,THB,14529,0,0,14529,SETTLED
STI-000001656,STB-000103,TXN-00002078,2026-02-06,SGD,42930,0,0,42930,SETTLED
STI-000001657,STB-000099,TXN-00002079,2026-02-04,USD,2143,1202,0,941,SETTLED
STI-000001658,STB-000028,TXN-00002080,2026-01-12,SGD,23457,0,0,23457,SETTLED
STI-000001659,STB-000113,TXN-00002083,2026-02-09,THB,6307,1471,0,4836,SETTLED
STI-000001660,STB-000076,TXN-00002084,2026-01-28,SGD,436,0,0,436,SETTLED
STI-000001661,STB-000023,TXN-00002085,2026-01-10,THB,28337,0,0,28337,SETTLED
STI-000001662,STB-000044,TXN-00002087,2026-01-17,THB,5189,0,0,5189,SETTLED
STI-000001663,STB-000100,TXN-00002088,2026-02-05,SGD,3793,0,0,3793,SETTLED
STI-000001664,STB-000079,TXN-00002089,2026-01-29,SGD,3729,0,0,3729,SETTLED
STI-000001665,STB-000130,TXN-00002090,2026-02-15,SGD,2673,0,0,2673,SETTLED
STI-000001666,STB-000014,TXN-00002091,2026-01-07,THB,4064,639,0,3425,SETTLED
STI-000001667,STB-000130,TXN-00002092,2026-02-15,SGD,7231,0,0,7231,SETTLED
STI-000001668,STB-000038,TXN-00002093,2026-01-15,THB,18251,0,0,18251,SETTLED
STI-000001669,STB-000137,TXN-00002094,2026-02-17,THB,4326,0,0,4326,SETTLED
STI-000001670,STB-000167,TXN-00002095,2026-02-27,THB,11582,11076,0,506,SETTLED
STI-000001671,STB-000095,TXN-00002097,2026-02-03,THB,2639,0,0,2639,SETTLED
STI-000001672,STB-000063,TXN-00002098,2026-01-23,USD,907,0,0,907,SETTLED
STI-000001673,STB-000155,TXN-00002099,2026-02-23,THB,7026,0,0,7026,SETTLED
STI-000001674,STB-000052,TXN-00002102,2026-01-20,SGD,3024,0,0,3024,SETTLED
STI-000001675,STB-000041,TXN-00002103,2026-01-16,THB,8475,0,0,8475,SETTLED
STI-000001676,STB-000037,TXN-00002104,2026-01-15,SGD,10048,0,0,10048,SETTLED
STI-000001677,STB-000091,TXN-00002105,2026-02-02,SGD,3219,0,0,3219,SETTLED
STI-000001678,STB-000133,TXN-00002106,2026-02-16,SGD,2079,0,0,2079,SETTLED
STI-000001679,STB-000062,TXN-00002107,2026-01-23,THB,6482,0,0,6482,SETTLED
STI-000001680,STB-000154,TXN-00002108,2026-02-23,SGD,826,0,0,826,SETTLED
STI-000001681,STB-000127,TXN-00002109,2026-02-14,SGD,1753,0,1753,0,SETTLED
STI-000001682,STB-000023,TXN-00002111,2026-01-10,THB,29366,0,0,29366,SETTLED
STI-000001683,STB-000120,TXN-00002113,2026-02-11,USD,12788,0,0,12788,SETTLED
STI-000001684,STB-000105,TXN-00002114,2026-02-06,USD,2117,0,0,2117,SETTLED
STI-000001685,STB-000024,TXN-00002115,2026-01-10,USD,2588,0,0,2588,SETTLED
STI-000001686,STB-000005,TXN-00002116,2026-01-04,THB,34580,0,0,34580,SETTLED
STI-000001687,STB-000137,TXN-00002117,2026-02-17,THB,1431,0,1431,0,SETTLED
STI-000001688,STB-000163,TXN-00002118,2026-02-26,SGD,10863,0,0,10863,SETTLED
STI-000001689,STB-000145,TXN-00002119,2026-02-20,SGD,846,0,0,846,SETTLED
STI-000001690,STB-000080,TXN-00002120,2026-01-29,THB,7349,0,0,7349,SETTLED
STI-000001691,STB-000085,TXN-00002121,2026-01-31,SGD,3752,0,0,3752,SETTLED
STI-000001692,STB-000124,TXN-00002122,2026-02-13,SGD,3463,0,0,3463,SETTLED
STI-000001693,STB-000124,TXN-00002123,2026-02-13,SGD,1132,0,0,1132,SETTLED
STI-000001694,STB-000053,TXN-00002125,2026-01-20,THB,10234,0,0,10234,SETTLED
STI-000001695,STB-000170,TXN-00002126,2026-02-28,THB,3857,0,3857,0,SETTLED
STI-000001696,STB-000115,TXN-00002127,2026-02-10,SGD,4979,0,0,4979,SETTLED
STI-000001697,STB-000171,TXN-00002128,2026-02-28,USD,17638,0,0,17638,SETTLED
STI-000001698,STB-000004,TXN-00002129,2026-01-04,SGD,858,0,0,858,SETTLED
STI-000001699,STB-000025,TXN-00002130,2026-01-11,SGD,18399,0,0,18399,SETTLED
STI-000001700,STB-000025,TXN-00002131,2026-01-11,SGD,3790,0,0,3790,SETTLED
STI-000001701,STB-000019,TXN-00002132,2026-01-09,SGD,2258,0,0,2258,SETTLED
STI-000001702,STB-000176,TXN-00002134,2026-03-02,THB,13751,0,0,13751,SETTLED
STI-000001703,STB-000007,TXN-00002135,2026-01-05,SGD,15635,0,0,15635,SETTLED
STI-000001704,STB-000133,TXN-00002136,2026-02-16,SGD,1628,0,0,1628,SETTLED
STI-000001705,STB-000070,TXN-00002137,2026-01-26,SGD,7339,2400,0,4939,SETTLED
STI-000001706,STB-000052,TXN-00002139,2026-01-20,SGD,9501,0,0,9501,SETTLED
STI-000001707,STB-000003,TXN-00002140,2026-01-03,USD,10640,0,0,10640,SETTLED
STI-000001708,STB-000129,TXN-00002141,2026-02-14,USD,1215,0,0,1215,SETTLED
STI-000001709,STB-000014,TXN-00002142,2026-01-07,THB,7881,0,0,7881,SETTLED
STI-000001710,STB-000148,TXN-00002143,2026-02-21,SGD,16235,11142,0,5093,SETTLED
STI-000001711,STB-000085,TXN-00002144,2026-01-31,SGD,4356,0,0,4356,SETTLED
STI-000001712,STB-000016,TXN-00002146,2026-01-08,SGD,2567,0,0,2567,SETTLED
STI-000001713,STB-000146,TXN-00002148,2026-02-20,THB,2900,0,2900,0,SETTLED
STI-000001714,STB-000025,TXN-00002149,2026-01-11,SGD,3542,0,0,3542,SETTLED
STI-000001715,STB-000158,TXN-00002150,2026-02-24,THB,6499,0,0,6499,SETTLED
STI-000001716,STB-000091,TXN-00002151,2026-02-02,SGD,3884,0,0,3884,SETTLED
STI-000001717,STB-000054,TXN-00002152,2026-01-20,USD,5077,0,0,5077,SETTLED
STI-000001718,STB-000079,TXN-00002153,2026-01-29,SGD,2665,1966,0,699,SETTLED
STI-000001719,STB-000020,TXN-00002154,2026-01-09,THB,6891,0,0,6891,SETTLED
STI-000001720,STB-000099,TXN-00002155,2026-02-04,USD,2785,1884,0,901,SETTLED
STI-000001721,STB-000034,TXN-00002156,2026-01-14,SGD,1929,0,0,1929,SETTLED
STI-000001722,STB-000046,TXN-00002157,2026-01-18,SGD,6107,0,0,6107,SETTLED
STI-000001723,STB-000155,TXN-00002158,2026-02-23,THB,4358,0,0,4358,SETTLED
STI-000001724,STB-000027,TXN-00002159,2026-01-11,USD,589,0,0,589,SETTLED
STI-000001725,STB-000097,TXN-00002160,2026-02-04,SGD,16150,0,0,16150,SETTLED
STI-000001726,STB-000104,TXN-00002161,2026-02-06,THB,8429,0,0,8429,SETTLED
STI-000001727,STB-000122,TXN-00002162,2026-02-12,THB,766,0,0,766,SETTLED
STI-000001728,STB-000030,TXN-00002163,2026-01-12,USD,18769,0,0,18769,SETTLED
STI-000001729,STB-000028,TXN-00002164,2026-01-12,SGD,4945,0,0,4945,SETTLED
STI-000001730,STB-000144,TXN-00002165,2026-02-19,USD,4141,0,0,4141,SETTLED
STI-000001731,STB-000056,TXN-00002166,2026-01-21,THB,2900,0,0,2900,SETTLED
STI-000001732,STB-000082,TXN-00002167,2026-01-30,SGD,2739,0,0,2739,SETTLED
STI-000001733,STB-000139,TXN-00002168,2026-02-18,SGD,9763,0,0,9763,SETTLED
STI-000001734,STB-000095,TXN-00002169,2026-02-03,THB,4660,0,0,4660,SETTLED
STI-000001735,STB-000132,TXN-00002170,2026-02-15,USD,5594,0,0,5594,SETTLED
STI-000001736,STB-000115,TXN-00002171,2026-02-10,SGD,11423,0,0,11423,SETTLED
STI-000001737,STB-000179,TXN-00002172,2026-03-03,THB,3890,0,0,3890,SETTLED
STI-000001738,STB-000155,TXN-00002173,2026-02-23,THB,8012,0,0,8012,SETTLED
STI-000001739,STB-000080,TXN-00002174,2026-01-29,THB,10008,0,0,10008,SETTLED
STI-000001740,STB-000082,TXN-00002175,2026-01-30,SGD,745,378,0,367,SETTLED
STI-000001741,STB-000110,TXN-00002176,2026-02-08,THB,6761,0,0,6761,SETTLED
STI-000001742,STB-000029,TXN-00002177,2026-01-12,THB,2371,0,0,2371,SETTLED
STI-000001743,STB-000100,TXN-00002178,2026-02-05,SGD,6089,0,0,6089,SETTLED
STI-000001744,STB-000072,TXN-00002181,2026-01-26,USD,2849,0,2849,0,SETTLED
STI-000001745,STB-000017,TXN-00002182,2026-01-08,THB,2204,0,0,2204,SETTLED
STI-000001746,STB-000090,TXN-00002183,2026-02-01,USD,50062,0,0,50062,SETTLED
STI-000001747,STB-000077,TXN-00002184,2026-01-28,THB,43621,0,0,43621,SETTLED
STI-000001748,STB-000175,TXN-00002185,2026-03-02,SGD,7727,0,0,7727,SETTLED
STI-000001749,STB-000092,TXN-00002186,2026-02-02,THB,17153,0,0,17153,SETTLED
STI-000001750,STB-000151,TXN-00002188,2026-02-22,SGD,12354,0,0,12354,SETTLED
STI-000001751,STB-000075,TXN-00002189,2026-01-27,USD,8059,0,8059,0,SETTLED
STI-000001752,STB-000104,TXN-00002190,2026-02-06,THB,5462,0,0,5462,SETTLED
STI-000001753,STB-000135,TXN-00002191,2026-02-16,USD,10136,0,0,10136,SETTLED
STI-000001754,STB-000160,TXN-00002193,2026-02-25,SGD,3099,0,0,3099,SETTLED
STI-000001755,STB-000059,TXN-00002194,2026-01-22,THB,4000,0,0,4000,SETTLED
STI-000001756,STB-000081,TXN-00002195,2026-01-29,USD,2786,0,0,2786,SETTLED
STI-000001757,STB-000157,TXN-00002196,2026-02-24,SGD,1963,620,0,1343,SETTLED
STI-000001758,STB-000133,TXN-00002198,2026-02-16,SGD,14066,0,0,14066,SETTLED
STI-000001759,STB-000138,TXN-00002199,2026-02-17,USD,3092,0,0,3092,SETTLED
STI-000001760,STB-000090,TXN-00002202,2026-02-01,USD,4810,0,0,4810,SETTLED
STI-000001761,STB-000125,TXN-00002203,2026-02-13,THB,713,0,0,713,SETTLED
STI-000001762,STB-000026,TXN-00002204,2026-01-11,THB,4698,3437,0,1261,SETTLED
STI-000001763,STB-000178,TXN-00002205,2026-03-03,SGD,4839,0,0,4839,SETTLED
STI-000001764,STB-000106,TXN-00002206,2026-02-07,SGD,6469,0,0,6469,SETTLED
STI-000001765,STB-000154,TXN-00002208,2026-02-23,SGD,1472,0,0,1472,SETTLED
STI-000001766,STB-000021,TXN-00002209,2026-01-09,USD,25496,0,0,25496,SETTLED
STI-000001767,STB-000132,TXN-00002210,2026-02-15,USD,5389,0,5389,0,SETTLED
STI-000001768,STB-000030,TXN-00002211,2026-01-12,USD,9686,0,0,9686,SETTLED
STI-000001769,STB-000116,TXN-00002212,2026-02-10,THB,1486,0,0,1486,SETTLED
STI-000001770,STB-000090,TXN-00002213,2026-02-01,USD,11386,0,0,11386,SETTLED
STI-000001771,STB-000035,TXN-00002215,2026-01-14,THB,10606,0,0,10606,SETTLED
STI-000001772,STB-000126,TXN-00002216,2026-02-13,USD,2900,0,0,2900,SETTLED
STI-000001773,STB-000128,TXN-00002217,2026-02-14,THB,1229,0,0,1229,SETTLED
STI-000001774,STB-000150,TXN-00002219,2026-02-21,USD,857,270,0,587,SETTLED
STI-000001775,STB-000072,TXN-00002221,2026-01-26,USD,7814,0,7814,0,SETTLED
STI-000001776,STB-000100,TXN-00002222,2026-02-05,SGD,5468,2965,0,2503,SETTLED
STI-000001777,STB-000079,TXN-00002223,2026-01-29,SGD,5646,0,0,5646,SETTLED
STI-000001778,STB-000109,TXN-00002224,2026-02-08,SGD,27471,20621,0,6850,SETTLED
STI-000001779,STB-000123,TXN-00002225,2026-02-12,USD,704,0,0,704,SETTLED
STI-000001780,STB-000041,TXN-00002226,2026-01-16,THB,7361,0,0,7361,SETTLED
STI-000001781,STB-000060,TXN-00002227,2026-01-22,USD,2491,0,0,2491,SETTLED
STI-000001782,STB-000031,TXN-00002228,2026-01-13,SGD,5442,0,5442,0,SETTLED
STI-000001783,STB-000168,TXN-00002229,2026-02-27,USD,7227,0,0,7227,SETTLED
STI-000001784,STB-000078,TXN-00002230,2026-01-28,USD,3820,0,0,3820,SETTLED
STI-000001785,STB-000026,TXN-00002232,2026-01-11,THB,6015,0,0,6015,SETTLED
STI-000001786,STB-000062,TXN-00002233,2026-01-23,THB,917,0,0,917,SETTLED
STI-000001787,STB-000152,TXN-00002234,2026-02-22,THB,13156,0,0,13156,SETTLED
STI-000001788,STB-000058,TXN-00002235,2026-01-22,SGD,18748,0,0,18748,SETTLED
STI-000001789,STB-000029,TXN-00002236,2026-01-12,THB,7955,0,0,7955,SETTLED
STI-000001790,STB-000164,TXN-00002237,2026-02-26,THB,5780,0,0,5780,SETTLED
STI-000001791,STB-000126,TXN-00002239,2026-02-13,USD,16842,0,0,16842,SETTLED
STI-000001792,STB-000078,TXN-00002240,2026-01-28,USD,468,0,0,468,SETTLED
STI-000001793,STB-000046,TXN-00002242,2026-01-18,SGD,2413,0,0,2413,SETTLED
STI-000001794,STB-000057,TXN-00002243,2026-01-21,USD,2266,0,0,2266,SETTLED
STI-000001795,STB-000113,TXN-00002244,2026-02-09,THB,104192,0,0,104192,SETTLED
STI-000001796,STB-000178,TXN-00002246,2026-03-03,SGD,2703,0,0,2703,SETTLED
STI-000001797,STB-000083,TXN-00002247,2026-01-30,THB,2262,0,0,2262,SETTLED
STI-000001798,STB-000175,TXN-00002248,2026-03-02,SGD,2426,0,0,2426,SETTLED
STI-000001799,STB-000088,TXN-00002250,2026-02-01,SGD,912,0,0,912,SETTLED
STI-000001800,STB-000083,TXN-00002251,2026-01-30,THB,5570,0,0,5570,SETTLED
STI-000001801,STB-000014,TXN-00002253,2026-01-07,THB,7908,0,0,7908,SETTLED
STI-000001802,STB-000013,TXN-00002254,2026-01-07,SGD,17677,0,0,17677,SETTLED
STI-000001803,STB-000147,TXN-00002256,2026-02-20,USD,18426,0,0,18426,SETTLED
STI-000001804,STB-000147,TXN-00002257,2026-02-20,USD,13081,0,0,13081,SETTLED
STI-000001805,STB-000050,TXN-00002258,2026-01-19,THB,2195,0,0,2195,SETTLED
STI-000001806,STB-000020,TXN-00002259,2026-01-09,THB,5020,4546,0,474,SETTLED
STI-000001807,STB-000008,TXN-00002260,2026-01-05,THB,6352,0,0,6352,SETTLED
STI-000001808,STB-000100,TXN-00002261,2026-02-05,SGD,10425,7582,0,2843,SETTLED
STI-000001809,STB-000156,TXN-00002262,2026-02-23,USD,3809,0,0,3809,SETTLED
STI-000001810,STB-000139,TXN-00002264,2026-02-18,SGD,5629,0,0,5629,SETTLED
STI-000001811,STB-000032,TXN-00002267,2026-01-13,THB,3780,0,0,3780,SETTLED
STI-000001812,STB-000093,TXN-00002269,2026-02-02,USD,3311,0,0,3311,SETTLED
STI-000001813,STB-000129,TXN-00002270,2026-02-14,USD,13391,0,0,13391,SETTLED
STI-000001814,STB-000090,TXN-00002271,2026-02-01,USD,2394,0,0,2394,SETTLED
STI-000001815,STB-000162,TXN-00002272,2026-02-25,USD,2451,435,0,2016,SETTLED
STI-000001816,STB-000055,TXN-00002274,2026-01-21,SGD,5577,0,0,5577,SETTLED
STI-000001817,STB-000072,TXN-00002275,2026-01-26,USD,2414,0,0,2414,SETTLED
STI-000001818,STB-000042,TXN-00002276,2026-01-16,USD,4678,0,0,4678,SETTLED
STI-000001819,STB-000111,TXN-00002278,2026-02-08,USD,3211,0,0,3211,SETTLED
STI-000001820,STB-000097,TXN-00002279,2026-02-04,SGD,8636,0,0,8636,SETTLED
STI-000001821,STB-000045,TXN-00002280,2026-01-17,USD,1621,0,0,1621,SETTLED
STI-000001822,STB-000007,TXN-00002281,2026-01-05,SGD,5912,0,0,5912,SETTLED
STI-000001823,STB-000158,TXN-00002282,2026-02-24,THB,4243,0,0,4243,SETTLED
STI-000001824,STB-000055,TXN-00002283,2026-01-21,SGD,3084,0,0,3084,SETTLED
STI-000001825,STB-000110,TXN-00002284,2026-02-08,THB,14514,0,0,14514,SETTLED
STI-000001826,STB-000038,TXN-00002285,2026-01-15,THB,5453,0,5453,0,SETTLED
STI-000001827,STB-000012,TXN-00002286,2026-01-06,USD,4639,0,0,4639,SETTLED
STI-000001828,STB-000138,TXN-00002287,2026-02-17,USD,4628,0,0,4628,SETTLED
STI-000001829,STB-000049,TXN-00002289,2026-01-19,SGD,2404,1414,0,990,SETTLED
STI-000001830,STB-000092,TXN-00002290,2026-02-02,THB,5558,0,0,5558,SETTLED
STI-000001831,STB-000147,TXN-00002291,2026-02-20,USD,39034,0,0,39034,SETTLED
STI-000001832,STB-000055,TXN-00002293,2026-01-21,SGD,11190,0,0,11190,SETTLED
STI-000001833,STB-000115,TXN-00002294,2026-02-10,SGD,3349,0,0,3349,SETTLED
STI-000001834,STB-000093,TXN-00002295,2026-02-02,USD,11817,0,0,11817,SETTLED
STI-000001835,STB-000081,TXN-00002296,2026-01-29,USD,9215,0,0,9215,SETTLED
STI-000001836,STB-000044,TXN-00002297,2026-01-17,THB,34494,0,0,34494,SETTLED
STI-000001837,STB-000007,TXN-00002298,2026-01-05,SGD,14679,0,0,14679,SETTLED
STI-000001838,STB-000050,TXN-00002301,2026-01-19,THB,1906,0,0,1906,SETTLED
STI-000001839,STB-000009,TXN-00002302,2026-01-05,USD,8504,0,0,8504,SETTLED
STI-000001840,STB-000080,TXN-00002303,2026-01-29,THB,12057,0,0,12057,SETTLED
STI-000001841,STB-000026,TXN-00002304,2026-01-11,THB,10669,4734,0,5935,SETTLED
STI-000001842,STB-000018,TXN-00002305,2026-01-08,USD,3157,0,0,3157,SETTLED
STI-000001843,STB-000071,TXN-00002307,2026-01-26,THB,77554,0,0,77554,SETTLED
STI-000001844,STB-000155,TXN-00002310,2026-02-23,THB,19560,0,0,19560,SETTLED
STI-000001845,STB-000098,TXN-00002312,2026-02-04,THB,52730,0,0,52730,SETTLED
STI-000001846,STB-000108,TXN-00002313,2026-02-07,USD,2652,0,0,2652,SETTLED
STI-000001847,STB-000013,TXN-00002314,2026-01-07,SGD,2725,0,0,2725,SETTLED
STI-000001848,STB-000152,TXN-00002315,2026-02-22,THB,3104,2967,0,137,SETTLED
STI-000001849,STB-000123,TXN-00002316,2026-02-12,USD,3126,0,0,3126,SETTLED
STI-000001850,STB-000112,TXN-00002317,2026-02-09,SGD,3649,0,0,3649,SETTLED
STI-000001851,STB-000064,TXN-00002318,2026-01-24,SGD,8861,0,0,8861,SETTLED
STI-000001852,STB-000100,TXN-00002319,2026-02-05,SGD,17570,0,0,17570,SETTLED
STI-000001853,STB-000158,TXN-00002320,2026-02-24,THB,96924,0,0,96924,SETTLED
STI-000001854,STB-000013,TXN-00002321,2026-01-07,SGD,1503,0,0,1503,SETTLED
STI-000001855,STB-000063,TXN-00002322,2026-01-23,USD,5744,4510,0,1234,SETTLED
STI-000001856,STB-000179,TXN-00002323,2026-03-03,THB,2578,0,2578,0,SETTLED
STI-000001857,STB-000151,TXN-00002324,2026-02-22,SGD,1642,0,0,1642,SETTLED
STI-000001858,STB-000146,TXN-00002325,2026-02-20,THB,2031,0,0,2031,SETTLED
STI-000001859,STB-000147,TXN-00002326,2026-02-20,USD,1708,0,0,1708,SETTLED
STI-000001860,STB-000051,TXN-00002328,2026-01-19,USD,3340,0,0,3340,SETTLED
STI-000001861,STB-000009,TXN-00002329,2026-01-05,USD,688,0,0,688,SETTLED
STI-000001862,STB-000171,TXN-00002330,2026-02-28,USD,1916,0,0,1916,SETTLED
STI-000001863,STB-000118,TXN-00002331,2026-02-11,SGD,3126,0,0,3126,SETTLED
STI-000001864,STB-000058,TXN-00002332,2026-01-22,SGD,3048,0,0,3048,SETTLED
STI-000001865,STB-000172,TXN-00002334,2026-03-01,SGD,4259,0,0,4259,SETTLED
STI-000001866,STB-000020,TXN-00002335,2026-01-09,THB,2300,0,0,2300,SETTLED
STI-000001867,STB-000135,TXN-00002336,2026-02-16,USD,3699,0,0,3699,SETTLED
STI-000001868,STB-000171,TXN-00002338,2026-02-28,USD,2199,0,0,2199,SETTLED
STI-000001869,STB-000016,TXN-00002341,2026-01-08,SGD,5668,0,0,5668,SETTLED
STI-000001870,STB-000053,TXN-00002342,2026-01-20,THB,12636,0,0,12636,SETTLED
STI-000001871,STB-000019,TXN-00002343,2026-01-09,SGD,1618,0,0,1618,SETTLED
STI-000001872,STB-000036,TXN-00002345,2026-01-14,USD,2730,611,0,2119,SETTLED
STI-000001873,STB-000136,TXN-00002346,2026-02-17,SGD,1284,0,0,1284,SETTLED
STI-000001874,STB-000071,TXN-00002347,2026-01-26,THB,2671,0,0,2671,SETTLED
STI-000001875,STB-000028,TXN-00002348,2026-01-12,SGD,1225,0,0,1225,SETTLED
STI-000001876,STB-000085,TXN-00002349,2026-01-31,SGD,3391,0,0,3391,SETTLED
STI-000001877,STB-000073,TXN-00002351,2026-01-27,SGD,554,0,0,554,SETTLED
STI-000001878,STB-000018,TXN-00002352,2026-01-08,USD,3833,0,0,3833,SETTLED
STI-000001879,STB-000094,TXN-00002353,2026-02-03,SGD,3177,0,0,3177,SETTLED
STI-000001880,STB-000144,TXN-00002355,2026-02-19,USD,8531,0,0,8531,SETTLED
STI-000001881,STB-000055,TXN-00002356,2026-01-21,SGD,44505,26584,0,17921,SETTLED
STI-000001882,STB-000142,TXN-00002357,2026-02-19,SGD,12730,0,0,12730,SETTLED
STI-000001883,STB-000172,TXN-00002358,2026-03-01,SGD,2401,0,0,2401,SETTLED
STI-000001884,STB-000162,TXN-00002359,2026-02-25,USD,1523,0,0,1523,SETTLED
STI-000001885,STB-000113,TXN-00002360,2026-02-09,THB,4502,0,4502,0,SETTLED
STI-000001886,STB-000128,TXN-00002361,2026-02-14,THB,42472,0,0,42472,SETTLED
STI-000001887,STB-000053,TXN-00002362,2026-01-20,THB,3988,0,0,3988,SETTLED
STI-000001888,STB-000118,TXN-00002363,2026-02-11,SGD,14339,0,0,14339,SETTLED
STI-000001889,STB-000009,TXN-00002364,2026-01-05,USD,11064,0,0,11064,SETTLED
STI-000001890,STB-000059,TXN-00002365,2026-01-22,THB,3454,0,0,3454,SETTLED
STI-000001891,STB-000045,TXN-00002366,2026-01-17,USD,4562,0,0,4562,SETTLED
STI-000001892,STB-000112,TXN-00002367,2026-02-09,SGD,8923,0,0,8923,SETTLED
STI-000001893,STB-000135,TXN-00002368,2026-02-16,USD,2073,0,0,2073,SETTLED
STI-000001894,STB-000010,TXN-00002369,2026-01-06,SGD,1444,0,0,1444,SETTLED
STI-000001895,STB-000084,TXN-00002370,2026-01-30,USD,4125,0,0,4125,SETTLED
STI-000001896,STB-000055,TXN-00002371,2026-01-21,SGD,2806,0,0,2806,SETTLED
STI-000001897,STB-000065,TXN-00002372,2026-01-24,THB,5539,0,0,5539,SETTLED
STI-000001898,STB-000144,TXN-00002373,2026-02-19,USD,3993,0,0,3993,SETTLED
STI-000001899,STB-000067,TXN-00002375,2026-01-25,SGD,14555,0,0,14555,SETTLED
STI-000001900,STB-000136,TXN-00002376,2026-02-17,SGD,1357,0,0,1357,SETTLED
STI-000001901,STB-000105,TXN-00002377,2026-02-06,USD,2799,0,0,2799,SETTLED
STI-000001902,STB-000010,TXN-00002378,2026-01-06,SGD,20788,0,0,20788,SETTLED
STI-000001903,STB-000087,TXN-00002379,2026-01-31,USD,3386,0,0,3386,SETTLED
STI-000001904,STB-000056,TXN-00002380,2026-01-21,THB,2056,0,0,2056,SETTLED
STI-000001905,STB-000134,TXN-00002381,2026-02-16,THB,27026,0,0,27026,SETTLED
STI-000001906,STB-000160,TXN-00002382,2026-02-25,SGD,3475,0,0,3475,SETTLED
STI-000001907,STB-000132,TXN-00002383,2026-02-15,USD,6614,0,0,6614,SETTLED
STI-000001908,STB-000078,TXN-00002384,2026-01-28,USD,4600,0,0,4600,SETTLED
STI-000001909,STB-000067,TXN-00002385,2026-01-25,SGD,10166,0,0,10166,SETTLED
STI-000001910,STB-000002,TXN-00002386,2026-01-03,THB,1187,973,0,214,SETTLED
STI-000001911,STB-000024,TXN-00002387,2026-01-10,USD,1920,0,0,1920,SETTLED
STI-000001912,STB-000015,TXN-00002388,2026-01-07,USD,5147,0,0,5147,SETTLED
STI-000001913,STB-000137,TXN-00002389,2026-02-17,THB,715,208,0,507,SETTLED
STI-000001914,STB-000179,TXN-00002390,2026-03-03,THB,7546,0,0,7546,SETTLED
STI-000001915,STB-000095,TXN-00002391,2026-02-03,THB,4002,0,0,4002,SETTLED
STI-000001916,STB-000095,TXN-00002395,2026-02-03,THB,5522,0,0,5522,SETTLED
STI-000001917,STB-000070,TXN-00002396,2026-01-26,SGD,6034,5324,0,710,SETTLED
STI-000001918,STB-000148,TXN-00002397,2026-02-21,SGD,2429,0,0,2429,SETTLED
STI-000001919,STB-000092,TXN-00002398,2026-02-02,THB,1601,0,0,1601,SETTLED
STI-000001920,STB-000102,TXN-00002399,2026-02-05,USD,5745,3534,0,2211,SETTLED
STI-000001921,STB-000112,TXN-00002400,2026-02-09,SGD,1608,0,0,1608,SETTLED
STI-000001922,STB-000082,TXN-00002401,2026-01-30,SGD,5191,0,0,5191,SETTLED
STI-000001923,STB-000014,TXN-00002402,2026-01-07,THB,5865,0,0,5865,SETTLED
STI-000001924,STB-000179,TXN-00002403,2026-03-03,THB,5417,0,0,5417,SETTLED
STI-000001925,STB-000070,TXN-00002404,2026-01-26,SGD,23982,0,0,23982,SETTLED
STI-000001926,STB-000091,TXN-00002405,2026-02-02,SGD,512,0,0,512,SETTLED
STI-000001927,STB-000136,TXN-00002407,2026-02-17,SGD,4125,0,0,4125,SETTLED
STI-000001928,STB-000112,TXN-00002408,2026-02-09,SGD,3620,0,0,3620,SETTLED
STI-000001929,STB-000058,TXN-00002409,2026-01-22,SGD,2914,0,0,2914,SETTLED
STI-000001930,STB-000102,TXN-00002410,2026-02-05,USD,1101,0,0,1101,SETTLED
STI-000001931,STB-000154,TXN-00002411,2026-02-23,SGD,3323,0,0,3323,SETTLED
STI-000001932,STB-000003,TXN-00002412,2026-01-03,USD,1419,0,0,1419,SETTLED
STI-000001933,STB-000096,TXN-00002413,2026-02-03,USD,933,0,0,933,SETTLED
STI-000001934,STB-000020,TXN-00002414,2026-01-09,THB,7360,0,0,7360,SETTLED
STI-000001935,STB-000065,TXN-00002415,2026-01-24,THB,6604,0,0,6604,SETTLED
STI-000001936,STB-000047,TXN-00002416,2026-01-18,THB,13988,10252,0,3736,SETTLED
STI-000001937,STB-000056,TXN-00002418,2026-01-21,THB,4953,0,0,4953,SETTLED
STI-000001938,STB-000146,TXN-00002419,2026-02-20,THB,4730,0,0,4730,SETTLED
STI-000001939,STB-000156,TXN-00002420,2026-02-23,USD,4234,0,0,4234,SETTLED
STI-000001940,STB-000149,TXN-00002421,2026-02-21,THB,3990,0,0,3990,SETTLED
STI-000001941,STB-000074,TXN-00002422,2026-01-27,THB,3237,0,0,3237,SETTLED
STI-000001942,STB-000118,TXN-00002424,2026-02-11,SGD,6495,0,0,6495,SETTLED
STI-000001943,STB-000093,TXN-00002425,2026-02-02,USD,1820,0,0,1820,SETTLED
STI-000001944,STB-000047,TXN-00002426,2026-01-18,THB,11690,0,0,11690,SETTLED
STI-000001945,STB-000007,TXN-00002427,2026-01-05,SGD,3243,0,0,3243,SETTLED
STI-000001946,STB-000026,TXN-00002428,2026-01-11,THB,574,0,0,574,SETTLED
STI-000001947,STB-000105,TXN-00002430,2026-02-06,USD,1815,0,0,1815,SETTLED
STI-000001948,STB-000018,TXN-00002432,2026-01-08,USD,2645,0,0,2645,SETTLED
STI-000001949,STB-000051,TXN-00002433,2026-01-19,USD,5214,0,0,5214,SETTLED
STI-000001950,STB-000047,TXN-00002434,2026-01-18,THB,11103,0,0,11103,SETTLED
STI-000001951,STB-000028,TXN-00002435,2026-01-12,SGD,6315,0,0,6315,SETTLED
STI-000001952,STB-000017,TXN-00002436,2026-01-08,THB,11914,0,0,11914,SETTLED
STI-000001953,STB-000167,TXN-00002437,2026-02-27,THB,3974,2216,0,1758,SETTLED
STI-000001954,STB-000107,TXN-00002438,2026-02-07,THB,4180,0,0,4180,SETTLED
STI-000001955,STB-000106,TXN-00002440,2026-02-07,SGD,11931,0,0,11931,SETTLED
STI-000001956,STB-000060,TXN-00002441,2026-01-22,USD,10250,0,0,10250,SETTLED
STI-000001957,STB-000029,TXN-00002442,2026-01-12,THB,14739,0,0,14739,SETTLED
STI-000001958,STB-000088,TXN-00002443,2026-02-01,SGD,12031,0,0,12031,SETTLED
STI-000001959,STB-000119,TXN-00002445,2026-02-11,THB,2896,0,0,2896,SETTLED
STI-000001960,STB-000030,TXN-00002448,2026-01-12,USD,902,0,0,902,SETTLED
STI-000001961,STB-000008,TXN-00002449,2026-01-05,THB,1013,270,0,743,SETTLED
STI-000001962,STB-000034,TXN-00002450,2026-01-14,SGD,2623,0,0,2623,SETTLED
STI-000001963,STB-000159,TXN-00002451,2026-02-24,USD,4317,0,0,4317,SETTLED
STI-000001964,STB-000031,TXN-00002452,2026-01-13,SGD,4383,0,0,4383,SETTLED
STI-000001965,STB-000165,TXN-00002453,2026-02-26,USD,1625,0,0,1625,SETTLED
STI-000001966,STB-000142,TXN-00002454,2026-02-19,SGD,9106,0,0,9106,SETTLED
STI-000001967,STB-000031,TXN-00002455,2026-01-13,SGD,4398,0,0,4398,SETTLED
STI-000001968,STB-000036,TXN-00002458,2026-01-14,USD,5826,0,0,5826,SETTLED
STI-000001969,STB-000081,TXN-00002459,2026-01-29,USD,1507,0,0,1507,SETTLED
STI-000001970,STB-000152,TXN-00002461,2026-02-22,THB,1883,0,0,1883,SETTLED
STI-000001971,STB-000003,TXN-00002462,2026-01-03,USD,3157,0,0,3157,SETTLED
STI-000001972,STB-000148,TXN-00002463,2026-02-21,SGD,6851,0,6851,0,SETTLED
STI-000001973,STB-000164,TXN-00002466,2026-02-26,THB,10734,0,0,10734,SETTLED
STI-000001974,STB-000144,TXN-00002467,2026-02-19,USD,9323,0,0,9323,SETTLED
STI-000001975,STB-000144,TXN-00002468,2026-02-19,USD,11024,0,0,11024,SETTLED
STI-000001976,STB-000083,TXN-00002470,2026-01-30,THB,5777,0,0,5777,SETTLED
STI-000001977,STB-000154,TXN-00002471,2026-02-23,SGD,4292,3489,0,803,SETTLED
STI-000001978,STB-000136,TXN-00002473,2026-02-17,SGD,23649,0,0,23649,SETTLED
STI-000001979,STB-000111,TXN-00002475,2026-02-08,USD,16554,0,0,16554,SETTLED
STI-000001980,STB-000004,TXN-00002476,2026-01-04,SGD,1120,964,0,156,SETTLED
STI-000001981,STB-000118,TXN-00002477,2026-02-11,SGD,2753,0,0,2753,SETTLED
STI-000001982,STB-000167,TXN-00002478,2026-02-27,THB,12446,0,0,12446,SETTLED
STI-000001983,STB-000112,TXN-00002479,2026-02-09,SGD,3296,0,0,3296,SETTLED
STI-000001984,STB-000063,TXN-00002480,2026-01-23,USD,835,0,0,835,SETTLED
STI-000001985,STB-000004,TXN-00002481,2026-01-04,SGD,2624,0,0,2624,SETTLED
STI-000001986,STB-000023,TXN-00002482,2026-01-10,THB,5264,0,0,5264,SETTLED
STI-000001987,STB-000061,TXN-00002483,2026-01-23,SGD,7112,0,0,7112,SETTLED
STI-000001988,STB-000056,TXN-00002484,2026-01-21,THB,3199,2567,0,632,SETTLED
STI-000001989,STB-000087,TXN-00002488,2026-01-31,USD,1732,0,0,1732,SETTLED
STI-000001990,STB-000080,TXN-00002489,2026-01-29,THB,13612,0,0,13612,SETTLED
STI-000001991,STB-000156,TXN-00002490,2026-02-23,USD,2154,0,0,2154,SETTLED
STI-000001992,STB-000170,TXN-00002491,2026-02-28,THB,10568,0,0,10568,SETTLED
STI-000001993,STB-000007,TXN-00002492,2026-01-05,SGD,2357,0,0,2357,SETTLED
STI-000001994,STB-000066,TXN-00002493,2026-01-24,USD,872,135,0,737,SETTLED
STI-000001995,STB-000163,TXN-00002494,2026-02-26,SGD,2915,0,0,2915,SETTLED
STI-000001996,STB-000155,TXN-00002495,2026-02-23,THB,10580,0,0,10580,SETTLED
STI-000001997,STB-000048,TXN-00002496,2026-01-18,USD,14524,0,0,14524,SETTLED
STI-000001998,STB-000014,TXN-00002497,2026-01-07,THB,1167,0,0,1167,SETTLED
STI-000001999,STB-000080,TXN-00002498,2026-01-29,THB,14076,0,0,14076,SETTLED
STI-000002000,STB-000046,TXN-00002499,2026-01-18,SGD,709,0,0,709,SETTLED
STI-000002001,STB-000130,TXN-00002500,2026-02-15,SGD,9821,0,0,9821,SETTLED
STI-000002002,STB-000076,TXN-00002501,2026-01-28,SGD,5692,0,0,5692,SETTLED
STI-000002003,STB-000145,TXN-00002502,2026-02-20,SGD,6192,0,0,6192,SETTLED
STI-000002004,STB-000004,TXN-00002503,2026-01-04,SGD,315,0,0,315,SETTLED
STI-000002005,STB-000039,TXN-00002504,2026-01-15,USD,6199,0,0,6199,SETTLED
STI-000002006,STB-000008,TXN-00002505,2026-01-05,THB,15954,0,0,15954,SETTLED
STI-000002007,STB-000007,TXN-00002506,2026-01-05,SGD,578,0,0,578,SETTLED
STI-000002008,STB-000150,TXN-00002507,2026-02-21,USD,4209,0,0,4209,SETTLED
STI-000002009,STB-000036,TXN-00002508,2026-01-14,USD,1767,0,0,1767,SETTLED
STI-000002010,STB-000117,TXN-00002510,2026-02-10,USD,3308,0,0,3308,SETTLED
STI-000002011,STB-000010,TXN-00002512,2026-01-06,SGD,1882,0,0,1882,SETTLED
STI-000002012,STB-000146,TXN-00002513,2026-02-20,THB,8740,0,0,8740,SETTLED
STI-000002013,STB-000074,TXN-00002514,2026-01-27,THB,1079,0,0,1079,SETTLED
STI-000002014,STB-000100,TXN-00002515,2026-02-05,SGD,6655,0,0,6655,SETTLED
STI-000002015,STB-000010,TXN-00002516,2026-01-06,SGD,3496,1240,0,2256,SETTLED
STI-000002016,STB-000165,TXN-00002518,2026-02-26,USD,407,0,0,407,SETTLED
STI-000002017,STB-000106,TXN-00002520,2026-02-07,SGD,12676,0,0,12676,SETTLED
STI-000002018,STB-000112,TXN-00002521,2026-02-09,SGD,9948,9689,0,259,SETTLED
STI-000002019,STB-000120,TXN-00002522,2026-02-11,USD,4309,0,0,4309,SETTLED
STI-000002020,STB-000119,TXN-00002523,2026-02-11,THB,5099,0,0,5099,SETTLED
STI-000002021,STB-000003,TXN-00002524,2026-01-03,USD,4632,0,0,4632,SETTLED
STI-000002022,STB-000021,TXN-00002525,2026-01-09,USD,5728,0,0,5728,SETTLED
STI-000002023,STB-000140,TXN-00002526,2026-02-18,THB,3216,0,0,3216,SETTLED
STI-000002024,STB-000132,TXN-00002527,2026-02-15,USD,1137,0,0,1137,SETTLED
STI-000002025,STB-000062,TXN-00002528,2026-01-23,THB,10554,0,0,10554,SETTLED
STI-000002026,STB-000066,TXN-00002530,2026-01-24,USD,684,0,0,684,SETTLED
STI-000002027,STB-000126,TXN-00002531,2026-02-13,USD,8125,0,0,8125,SETTLED
STI-000002028,STB-000173,TXN-00002532,2026-03-01,THB,6109,0,0,6109,SETTLED
STI-000002029,STB-000170,TXN-00002533,2026-02-28,THB,1696,0,0,1696,SETTLED
STI-000002030,STB-000141,TXN-00002534,2026-02-18,USD,3576,0,0,3576,SETTLED
STI-000002031,STB-000064,TXN-00002536,2026-01-24,SGD,3354,0,0,3354,SETTLED
STI-000002032,STB-000087,TXN-00002537,2026-01-31,USD,2383,0,0,2383,SETTLED
STI-000002033,STB-000037,TXN-00002538,2026-01-15,SGD,1597,0,0,1597,SETTLED
STI-000002034,STB-000070,TXN-00002539,2026-01-26,SGD,4938,0,0,4938,SETTLED
STI-000002035,STB-000121,TXN-00002540,2026-02-12,SGD,5088,3714,0,1374,SETTLED
STI-000002036,STB-000056,TXN-00002542,2026-01-21,THB,949,0,949,0,SETTLED
STI-000002037,STB-000015,TXN-00002544,2026-01-07,USD,3569,0,0,3569,SETTLED
STI-000002038,STB-000109,TXN-00002545,2026-02-08,SGD,8388,0,8388,0,SETTLED
STI-000002039,STB-000146,TXN-00002547,2026-02-20,THB,6414,0,0,6414,SETTLED
STI-000002040,STB-000119,TXN-00002549,2026-02-11,THB,310,0,0,310,SETTLED
STI-000002041,STB-000034,TXN-00002550,2026-01-14,SGD,1144,189,0,955,SETTLED
STI-000002042,STB-000093,TXN-00002551,2026-02-02,USD,20295,0,0,20295,SETTLED
STI-000002043,STB-000122,TXN-00002553,2026-02-12,THB,11224,0,0,11224,SETTLED
STI-000002044,STB-000013,TXN-00002554,2026-01-07,SGD,883,0,0,883,SETTLED
STI-000002045,STB-000124,TXN-00002555,2026-02-13,SGD,6571,0,0,6571,SETTLED
STI-000002046,STB-000101,TXN-00002557,2026-02-05,THB,4569,0,0,4569,SETTLED
STI-000002047,STB-000015,TXN-00002558,2026-01-07,USD,1402,0,0,1402,SETTLED
STI-000002048,STB-000061,TXN-00002559,2026-01-23,SGD,4776,0,0,4776,SETTLED
STI-000002049,STB-000006,TXN-00002560,2026-01-04,USD,7866,0,0,7866,SETTLED
STI-000002050,STB-000135,TXN-00002561,2026-02-16,USD,1598,0,0,1598,SETTLED
STI-000002051,STB-000146,TXN-00002562,2026-02-20,THB,551,0,0,551,SETTLED
STI-000002052,STB-000093,TXN-00002563,2026-02-02,USD,11088,0,0,11088,SETTLED
STI-000002053,STB-000028,TXN-00002564,2026-01-12,SGD,2020,0,0,2020,SETTLED
STI-000002054,STB-000035,TXN-00002565,2026-01-14,THB,6253,0,0,6253,SETTLED
STI-000002055,STB-000079,TXN-00002566,2026-01-29,SGD,4758,0,0,4758,SETTLED
STI-000002056,STB-000118,TXN-00002567,2026-02-11,SGD,3778,0,0,3778,SETTLED
STI-000002057,STB-000085,TXN-00002569,2026-01-31,SGD,4825,0,0,4825,SETTLED
STI-000002058,STB-000058,TXN-00002570,2026-01-22,SGD,8116,0,0,8116,SETTLED
STI-000002059,STB-000121,TXN-00002572,2026-02-12,SGD,1535,0,0,1535,SETTLED
STI-000002060,STB-000155,TXN-00002574,2026-02-23,THB,2165,0,0,2165,SETTLED
STI-000002061,STB-000060,TXN-00002576,2026-01-22,USD,14267,0,0,14267,SETTLED
STI-000002062,STB-000130,TXN-00002577,2026-02-15,SGD,7679,0,0,7679,SETTLED
STI-000002063,STB-000089,TXN-00002579,2026-02-01,THB,1287,0,0,1287,SETTLED
STI-000002064,STB-000034,TXN-00002581,2026-01-14,SGD,483,0,0,483,SETTLED
STI-000002065,STB-000103,TXN-00002582,2026-02-06,SGD,2672,0,0,2672,SETTLED
STI-000002066,STB-000134,TXN-00002583,2026-02-16,THB,12575,0,0,12575,SETTLED
STI-000002067,STB-000043,TXN-00002584,2026-01-17,SGD,8314,0,0,8314,SETTLED
STI-000002068,STB-000082,TXN-00002585,2026-01-30,SGD,4024,0,0,4024,SETTLED
STI-000002069,STB-000119,TXN-00002587,2026-02-11,THB,2668,0,0,2668,SETTLED
STI-000002070,STB-000089,TXN-00002589,2026-02-01,THB,1790,0,0,1790,SETTLED
STI-000002071,STB-000023,TXN-00002590,2026-01-10,THB,2102,0,0,2102,SETTLED
STI-000002072,STB-000012,TXN-00002592,2026-01-06,USD,5113,0,0,5113,SETTLED
STI-000002073,STB-000174,TXN-00002593,2026-03-01,USD,7382,6260,0,1122,SETTLED
STI-000002074,STB-000030,TXN-00002594,2026-01-12,USD,15472,0,0,15472,SETTLED
STI-000002075,STB-000134,TXN-00002595,2026-02-16,THB,533,0,0,533,SETTLED
STI-000002076,STB-000078,TXN-00002596,2026-01-28,USD,3601,0,0,3601,SETTLED
STI-000002077,STB-000043,TXN-00002597,2026-01-17,SGD,5688,0,0,5688,SETTLED
STI-000002078,STB-000128,TXN-00002598,2026-02-14,THB,5698,4367,0,1331,SETTLED
STI-000002079,STB-000041,TXN-00002599,2026-01-16,THB,1504,0,0,1504,SETTLED
STI-000002080,STB-000014,TXN-00002600,2026-01-07,THB,7057,0,0,7057,SETTLED
STI-000002081,STB-000129,TXN-00002601,2026-02-14,USD,1739,0,0,1739,SETTLED
STI-000002082,STB-000094,TXN-00002602,2026-02-03,SGD,9785,0,0,9785,SETTLED
STI-000002083,STB-000070,TXN-00002603,2026-01-26,SGD,245,0,0,245,SETTLED
STI-000002084,STB-000177,TXN-00002604,2026-03-02,USD,10553,0,0,10553,SETTLED
STI-000002085,STB-000029,TXN-00002605,2026-01-12,THB,935,0,935,0,SETTLED
STI-000002086,STB-000097,TXN-00002606,2026-02-04,SGD,11819,0,0,11819,SETTLED
STI-000002087,STB-000060,TXN-00002607,2026-01-22,USD,1658,0,0,1658,SETTLED
STI-000002088,STB-000167,TXN-00002608,2026-02-27,THB,11729,0,0,11729,SETTLED
STI-000002089,STB-000063,TXN-00002609,2026-01-23,USD,623,0,0,623,SETTLED
STI-000002090,STB-000075,TXN-00002610,2026-01-27,USD,4656,0,0,4656,SETTLED
STI-000002091,STB-000107,TXN-00002612,2026-02-07,THB,2042,0,0,2042,SETTLED
STI-000002092,STB-000097,TXN-00002613,2026-02-04,SGD,5994,0,0,5994,SETTLED
STI-000002093,STB-000108,TXN-00002615,2026-02-07,USD,5548,0,0,5548,SETTLED
STI-000002094,STB-000108,TXN-00002616,2026-02-07,USD,2828,0,0,2828,SETTLED
STI-000002095,STB-000066,TXN-00002617,2026-01-24,USD,7503,0,0,7503,SETTLED
STI-000002096,STB-000104,TXN-00002618,2026-02-06,THB,18927,7017,0,11910,SETTLED
STI-000002097,STB-000133,TXN-00002619,2026-02-16,SGD,364,0,0,364,SETTLED
STI-000002098,STB-000139,TXN-00002620,2026-02-18,SGD,1467,739,0,728,SETTLED
STI-000002099,STB-000012,TXN-00002621,2026-01-06,USD,8587,0,0,8587,SETTLED
STI-000002100,STB-000076,TXN-00002622,2026-01-28,SGD,14040,0,0,14040,SETTLED
STI-000002101,STB-000164,TXN-00002623,2026-02-26,THB,3650,0,0,3650,SETTLED
STI-000002102,STB-000064,TXN-00002625,2026-01-24,SGD,9309,0,0,9309,SETTLED
STI-000002103,STB-000071,TXN-00002626,2026-01-26,THB,2443,0,0,2443,SETTLED
STI-000002104,STB-000144,TXN-00002627,2026-02-19,USD,9630,0,0,9630,SETTLED
STI-000002105,STB-000118,TXN-00002628,2026-02-11,SGD,17601,0,0,17601,SETTLED
STI-000002106,STB-000063,TXN-00002629,2026-01-23,USD,1183,0,0,1183,SETTLED
STI-000002107,STB-000087,TXN-00002630,2026-01-31,USD,823,0,0,823,SETTLED
STI-000002108,STB-000097,TXN-00002631,2026-02-04,SGD,8978,0,0,8978,SETTLED
STI-000002109,STB-000063,TXN-00002632,2026-01-23,USD,6358,0,0,6358,SETTLED
STI-000002110,STB-000095,TXN-00002633,2026-02-03,THB,885,0,0,885,SETTLED
STI-000002111,STB-000120,TXN-00002636,2026-02-11,USD,25982,0,0,25982,SETTLED
STI-000002112,STB-000022,TXN-00002637,2026-01-10,SGD,1246,796,0,450,SETTLED
STI-000002113,STB-000022,TXN-00002638,2026-01-10,SGD,11932,0,0,11932,SETTLED
STI-000002114,STB-000154,TXN-00002639,2026-02-23,SGD,7588,0,0,7588,SETTLED
STI-000002115,STB-000141,TXN-00002640,2026-02-18,USD,2653,0,0,2653,SETTLED
STI-000002116,STB-000006,TXN-00002641,2026-01-04,USD,13160,0,0,13160,SETTLED
STI-000002117,STB-000145,TXN-00002642,2026-02-20,SGD,8277,0,0,8277,SETTLED
STI-000002118,STB-000130,TXN-00002644,2026-02-15,SGD,17180,0,0,17180,SETTLED
STI-000002119,STB-000130,TXN-00002645,2026-02-15,SGD,4006,0,4006,0,SETTLED
STI-000002120,STB-000109,TXN-00002646,2026-02-08,SGD,537,0,0,537,SETTLED
STI-000002121,STB-000158,TXN-00002648,2026-02-24,THB,6315,0,0,6315,SETTLED
STI-000002122,STB-000078,TXN-00002649,2026-01-28,USD,20063,0,0,20063,SETTLED
STI-000002123,STB-000053,TXN-00002650,2026-01-20,THB,6206,0,0,6206,SETTLED
STI-000002124,STB-000042,TXN-00002651,2026-01-16,USD,1379,0,0,1379,SETTLED
STI-000002125,STB-000011,TXN-00002652,2026-01-06,THB,4604,0,0,4604,SETTLED
STI-000002126,STB-000125,TXN-00002653,2026-02-13,THB,16567,0,0,16567,SETTLED
STI-000002127,STB-000140,TXN-00002654,2026-02-18,THB,11502,0,0,11502,SETTLED
STI-000002128,STB-000007,TXN-00002656,2026-01-05,SGD,7529,0,0,7529,SETTLED
STI-000002129,STB-000109,TXN-00002657,2026-02-08,SGD,4309,0,0,4309,SETTLED
STI-000002130,STB-000051,TXN-00002659,2026-01-19,USD,10092,0,0,10092,SETTLED
STI-000002131,STB-000137,TXN-00002662,2026-02-17,THB,706,0,0,706,SETTLED
STI-000002132,STB-000089,TXN-00002664,2026-02-01,THB,8750,0,0,8750,SETTLED
STI-000002133,STB-000133,TXN-00002665,2026-02-16,SGD,8235,0,0,8235,SETTLED
STI-000002134,STB-000053,TXN-00002666,2026-01-20,THB,2308,0,2308,0,SETTLED
STI-000002135,STB-000017,TXN-00002667,2026-01-08,THB,10283,0,0,10283,SETTLED
STI-000002136,STB-000151,TXN-00002668,2026-02-22,SGD,4415,0,0,4415,SETTLED
STI-000002137,STB-000172,TXN-00002669,2026-03-01,SGD,1471,0,0,1471,SETTLED
STI-000002138,STB-000070,TXN-00002670,2026-01-26,SGD,5254,0,0,5254,SETTLED
STI-000002139,STB-000035,TXN-00002671,2026-01-14,THB,5227,0,0,5227,SETTLED
STI-000002140,STB-000025,TXN-00002672,2026-01-11,SGD,3090,0,0,3090,SETTLED
STI-000002141,STB-000124,TXN-00002673,2026-02-13,SGD,3021,0,0,3021,SETTLED
STI-000002142,STB-000131,TXN-00002674,2026-02-15,THB,5564,0,0,5564,SETTLED
STI-000002143,STB-000093,TXN-00002675,2026-02-02,USD,3770,0,0,3770,SETTLED
STI-000002144,STB-000009,TXN-00002676,2026-01-05,USD,23243,0,0,23243,SETTLED
STI-000002145,STB-000023,TXN-00002677,2026-01-10,THB,1722,0,0,1722,SETTLED
STI-000002146,STB-000041,TXN-00002678,2026-01-16,THB,5969,0,0,5969,SETTLED
STI-000002147,STB-000048,TXN-00002679,2026-01-18,USD,20939,0,0,20939,SETTLED
STI-000002148,STB-000068,TXN-00002681,2026-01-25,THB,25239,0,0,25239,SETTLED
STI-000002149,STB-000176,TXN-00002682,2026-03-02,THB,1521,0,0,1521,SETTLED
STI-000002150,STB-000030,TXN-00002685,2026-01-12,USD,12959,0,0,12959,SETTLED
STI-000002151,STB-000086,TXN-00002686,2026-01-31,THB,4047,0,0,4047,SETTLED
STI-000002152,STB-000153,TXN-00002689,2026-02-22,USD,721,0,0,721,SETTLED
STI-000002153,STB-000179,TXN-00002690,2026-03-03,THB,4211,0,0,4211,SETTLED
STI-000002154,STB-000059,TXN-00002691,2026-01-22,THB,1636,0,0,1636,SETTLED
STI-000002155,STB-000095,TXN-00002694,2026-02-03,THB,17257,0,0,17257,SETTLED
STI-000002156,STB-000122,TXN-00002695,2026-02-12,THB,6897,0,0,6897,SETTLED
STI-000002157,STB-000143,TXN-00002696,2026-02-19,THB,13771,0,0,13771,SETTLED
STI-000002158,STB-000101,TXN-00002698,2026-02-05,THB,978,0,0,978,SETTLED
STI-000002159,STB-000146,TXN-00002699,2026-02-20,THB,608,0,0,608,SETTLED
STI-000002160,STB-000037,TXN-00002700,2026-01-15,SGD,7850,0,0,7850,SETTLED
STI-000002161,STB-000170,TXN-00002701,2026-02-28,THB,3939,0,0,3939,SETTLED
STI-000002162,STB-000155,TXN-00002702,2026-02-23,THB,1903,0,0,1903,SETTLED
STI-000002163,STB-000026,TXN-00002703,2026-01-11,THB,4805,0,0,4805,SETTLED
STI-000002164,STB-000144,TXN-00002704,2026-02-19,USD,17717,0,0,17717,SETTLED
STI-000002165,STB-000128,TXN-00002705,2026-02-14,THB,2291,0,0,2291,SETTLED
STI-000002166,STB-000080,TXN-00002706,2026-01-29,THB,9254,0,0,9254,SETTLED
STI-000002167,STB-000104,TXN-00002708,2026-02-06,THB,29926,0,0,29926,SETTLED
STI-000002168,STB-000072,TXN-00002709,2026-01-26,USD,1171,0,0,1171,SETTLED
STI-000002169,STB-000012,TXN-00002710,2026-01-06,USD,11046,0,0,11046,SETTLED
STI-000002170,STB-000129,TXN-00002712,2026-02-14,USD,975,0,0,975,SETTLED
STI-000002171,STB-000159,TXN-00002713,2026-02-24,USD,1112,0,0,1112,SETTLED
STI-000002172,STB-000079,TXN-00002714,2026-01-29,SGD,880,0,0,880,SETTLED
STI-000002173,STB-000020,TXN-00002715,2026-01-09,THB,3532,0,3532,0,SETTLED
STI-000002174,STB-000020,TXN-00002716,2026-01-09,THB,17253,3478,0,13775,SETTLED
STI-000002175,STB-000117,TXN-00002717,2026-02-10,USD,2824,0,0,2824,SETTLED
STI-000002176,STB-000151,TXN-00002718,2026-02-22,SGD,296,0,0,296,SETTLED
STI-000002177,STB-000115,TXN-00002719,2026-02-10,SGD,4654,0,4654,0,SETTLED
STI-000002178,STB-000051,TXN-00002720,2026-01-19,USD,1247,0,0,1247,SETTLED
STI-000002179,STB-000004,TXN-00002721,2026-01-04,SGD,2018,1320,0,698,SETTLED
STI-000002180,STB-000141,TXN-00002723,2026-02-18,USD,4406,0,0,4406,SETTLED
STI-000002181,STB-000001,TXN-00002725,2026-01-03,SGD,985,418,0,567,SETTLED
STI-000002182,STB-000004,TXN-00002726,2026-01-04,SGD,9844,0,0,9844,SETTLED
STI-000002183,STB-000092,TXN-00002728,2026-02-02,THB,3265,0,0,3265,SETTLED
STI-000002184,STB-000080,TXN-00002730,2026-01-29,THB,4353,0,0,4353,SETTLED
STI-000002185,STB-000066,TXN-00002731,2026-01-24,USD,17183,0,0,17183,SETTLED
STI-000002186,STB-000148,TXN-00002732,2026-02-21,SGD,6407,1885,0,4522,SETTLED
STI-000002187,STB-000124,TXN-00002733,2026-02-13,SGD,13198,0,0,13198,SETTLED
STI-000002188,STB-000106,TXN-00002734,2026-02-07,SGD,2758,0,0,2758,SETTLED
STI-000002189,STB-000161,TXN-00002735,2026-02-25,THB,5093,0,0,5093,SETTLED
STI-000002190,STB-000131,TXN-00002736,2026-02-15,THB,16783,0,0,16783,SETTLED
STI-000002191,STB-000179,TXN-00002737,2026-03-03,THB,1591,0,0,1591,SETTLED
STI-000002192,STB-000043,TXN-00002738,2026-01-17,SGD,10379,0,0,10379,SETTLED
STI-000002193,STB-000027,TXN-00002739,2026-01-11,USD,3330,0,0,3330,SETTLED
STI-000002194,STB-000116,TXN-00002741,2026-02-10,THB,1756,0,0,1756,SETTLED
STI-000002195,STB-000086,TXN-00002743,2026-01-31,THB,6442,0,0,6442,SETTLED
STI-000002196,STB-000036,TXN-00002744,2026-01-14,USD,14561,0,0,14561,SETTLED
STI-000002197,STB-000079,TXN-00002745,2026-01-29,SGD,23040,0,0,23040,SETTLED
STI-000002198,STB-000083,TXN-00002746,2026-01-30,THB,422,0,0,422,SETTLED
STI-000002199,STB-000060,TXN-00002747,2026-01-22,USD,3470,0,0,3470,SETTLED
STI-000002200,STB-000148,TXN-00002748,2026-02-21,SGD,501,0,0,501,SETTLED
STI-000002201,STB-000115,TXN-00002749,2026-02-10,SGD,1929,0,0,1929,SETTLED
STI-000002202,STB-000152,TXN-00002750,2026-02-22,THB,5492,0,0,5492,SETTLED
STI-000002203,STB-000096,TXN-00002751,2026-02-03,USD,3243,2246,0,997,SETTLED
STI-000002204,STB-000017,TXN-00002752,2026-01-08,THB,1113,0,0,1113,SETTLED
STI-000002205,STB-000141,TXN-00002753,2026-02-18,USD,3622,0,0,3622,SETTLED
STI-000002206,STB-000121,TXN-00002754,2026-02-12,SGD,1113,0,0,1113,SETTLED
STI-000002207,STB-000138,TXN-00002755,2026-02-17,USD,2736,0,0,2736,SETTLED
STI-000002208,STB-000001,TXN-00002756,2026-01-03,SGD,2344,0,0,2344,SETTLED
STI-000002209,STB-000061,TXN-00002757,2026-01-23,SGD,8905,0,0,8905,SETTLED
STI-000002210,STB-000107,TXN-00002759,2026-02-07,THB,7948,0,7948,0,SETTLED
STI-000002211,STB-000102,TXN-00002760,2026-02-05,USD,1193,0,0,1193,SETTLED
STI-000002212,STB-000072,TXN-00002762,2026-01-26,USD,24996,0,0,24996,SETTLED
STI-000002213,STB-000021,TXN-00002763,2026-01-09,USD,2506,395,0,2111,SETTLED
STI-000002214,STB-000129,TXN-00002764,2026-02-14,USD,567,504,0,63,SETTLED
STI-000002215,STB-000119,TXN-00002765,2026-02-11,THB,7737,0,0,7737,SETTLED
STI-000002216,STB-000180,TXN-00002767,2026-03-03,USD,16595,0,0,16595,SETTLED
STI-000002217,STB-000112,TXN-00002768,2026-02-09,SGD,6736,0,0,6736,SETTLED
STI-000002218,STB-000079,TXN-00002769,2026-01-29,SGD,20835,0,0,20835,SETTLED
STI-000002219,STB-000099,TXN-00002770,2026-02-04,USD,7583,0,0,7583,SETTLED
STI-000002220,STB-000172,TXN-00002771,2026-03-01,SGD,5526,0,0,5526,SETTLED
STI-000002221,STB-000024,TXN-00002772,2026-01-10,USD,22611,0,0,22611,SETTLED
STI-000002222,STB-000032,TXN-00002774,2026-01-13,THB,5032,0,0,5032,SETTLED
STI-000002223,STB-000132,TXN-00002776,2026-02-15,USD,4247,0,0,4247,SETTLED
STI-000002224,STB-000132,TXN-00002777,2026-02-15,USD,16357,0,0,16357,SETTLED
STI-000002225,STB-000042,TXN-00002778,2026-01-16,USD,1687,0,0,1687,SETTLED
STI-000002226,STB-000019,TXN-00002779,2026-01-09,SGD,4665,0,0,4665,SETTLED
STI-000002227,STB-000130,TXN-00002780,2026-02-15,SGD,1757,0,0,1757,SETTLED
STI-000002228,STB-000180,TXN-00002781,2026-03-03,USD,50119,0,0,50119,SETTLED
STI-000002229,STB-000093,TXN-00002782,2026-02-02,USD,3529,0,0,3529,SETTLED
STI-000002230,STB-000137,TXN-00002783,2026-02-17,THB,1546,0,0,1546,SETTLED
STI-000002231,STB-000002,TXN-00002784,2026-01-03,THB,7865,0,0,7865,SETTLED
STI-000002232,STB-000112,TXN-00002786,2026-02-09,SGD,1778,0,0,1778,SETTLED
STI-000002233,STB-000013,TXN-00002790,2026-01-07,SGD,3635,0,0,3635,SETTLED
STI-000002234,STB-000022,TXN-00002792,2026-01-10,SGD,8871,0,0,8871,SETTLED
STI-000002235,STB-000117,TXN-00002793,2026-02-10,USD,6464,0,0,6464,SETTLED
STI-000002236,STB-000174,TXN-00002794,2026-03-01,USD,7361,0,0,7361,SETTLED
STI-000002237,STB-000150,TXN-00002795,2026-02-21,USD,660,0,0,660,SETTLED
STI-000002238,STB-000075,TXN-00002796,2026-01-27,USD,4753,864,0,3889,SETTLED
STI-000002239,STB-000091,TXN-00002797,2026-02-02,SGD,44945,0,0,44945,SETTLED
STI-000002240,STB-000002,TXN-00002798,2026-01-03,THB,8862,0,0,8862,SETTLED
STI-000002241,STB-000036,TXN-00002800,2026-01-14,USD,9002,0,0,9002,SETTLED
STI-000002242,STB-000006,TXN-00002801,2026-01-04,USD,13318,0,0,13318,SETTLED
STI-000002243,STB-000016,TXN-00002803,2026-01-08,SGD,9977,0,0,9977,SETTLED
STI-000002244,STB-000049,TXN-00002804,2026-01-19,SGD,3040,2135,0,905,SETTLED
STI-000002245,STB-000147,TXN-00002805,2026-02-20,USD,2626,0,0,2626,SETTLED
STI-000002246,STB-000123,TXN-00002807,2026-02-12,USD,3987,0,0,3987,SETTLED
STI-000002247,STB-000077,TXN-00002808,2026-01-28,THB,4653,0,0,4653,SETTLED
STI-000002248,STB-000031,TXN-00002810,2026-01-13,SGD,5623,0,0,5623,SETTLED
STI-000002249,STB-000063,TXN-00002811,2026-01-23,USD,15876,0,0,15876,SETTLED
STI-000002250,STB-000161,TXN-00002812,2026-02-25,THB,2521,0,0,2521,SETTLED
STI-000002251,STB-000023,TXN-00002813,2026-01-10,THB,6754,0,0,6754,SETTLED
STI-000002252,STB-000120,TXN-00002814,2026-02-11,USD,1962,0,0,1962,SETTLED
STI-000002253,STB-000136,TXN-00002815,2026-02-17,SGD,2092,0,0,2092,SETTLED
STI-000002254,STB-000117,TXN-00002816,2026-02-10,USD,22973,16408,0,6565,SETTLED
STI-000002255,STB-000175,TXN-00002817,2026-03-02,SGD,2224,0,0,2224,SETTLED
STI-000002256,STB-000156,TXN-00002818,2026-02-23,USD,3424,0,0,3424,SETTLED
STI-000002257,STB-000094,TXN-00002819,2026-02-03,SGD,6320,0,0,6320,SETTLED
STI-000002258,STB-000046,TXN-00002821,2026-01-18,SGD,1104,0,0,1104,SETTLED
STI-000002259,STB-000001,TXN-00002822,2026-01-03,SGD,3494,0,0,3494,SETTLED
STI-000002260,STB-000065,TXN-00002823,2026-01-24,THB,8986,0,0,8986,SETTLED
STI-000002261,STB-000065,TXN-00002825,2026-01-24,THB,17842,0,0,17842,SETTLED
STI-000002262,STB-000137,TXN-00002826,2026-02-17,THB,19108,0,0,19108,SETTLED
STI-000002263,STB-000049,TXN-00002828,2026-01-19,SGD,1776,0,0,1776,SETTLED
STI-000002264,STB-000005,TXN-00002829,2026-01-04,THB,1807,0,0,1807,SETTLED
STI-000002265,STB-000090,TXN-00002830,2026-02-01,USD,4825,0,0,4825,SETTLED
STI-000002266,STB-000009,TXN-00002831,2026-01-05,USD,4508,0,0,4508,SETTLED
STI-000002267,STB-000164,TXN-00002832,2026-02-26,THB,12966,0,0,12966,SETTLED
STI-000002268,STB-000095,TXN-00002833,2026-02-03,THB,2476,0,0,2476,SETTLED
STI-000002269,STB-000051,TXN-00002834,2026-01-19,USD,5459,0,0,5459,SETTLED
STI-000002270,STB-000009,TXN-00002835,2026-01-05,USD,1069,0,0,1069,SETTLED
STI-000002271,STB-000056,TXN-00002836,2026-01-21,THB,1744,0,0,1744,SETTLED
STI-000002272,STB-000076,TXN-00002838,2026-01-28,SGD,11568,0,0,11568,SETTLED
STI-000002273,STB-000128,TXN-00002839,2026-02-14,THB,3430,0,0,3430,SETTLED
STI-000002274,STB-000122,TXN-00002840,2026-02-12,THB,3656,2799,0,857,SETTLED
STI-000002275,STB-000144,TXN-00002841,2026-02-19,USD,7834,0,0,7834,SETTLED
STI-000002276,STB-000037,TXN-00002842,2026-01-15,SGD,10048,0,0,10048,SETTLED
STI-000002277,STB-000034,TXN-00002843,2026-01-14,SGD,2401,0,0,2401,SETTLED
STI-000002278,STB-000022,TXN-00002846,2026-01-10,SGD,2792,0,0,2792,SETTLED
STI-000002279,STB-000025,TXN-00002849,2026-01-11,SGD,27092,0,0,27092,SETTLED
STI-000002280,STB-000139,TXN-00002852,2026-02-18,SGD,87438,0,0,87438,SETTLED
STI-000002281,STB-000029,TXN-00002853,2026-01-12,THB,7894,0,7894,0,SETTLED
STI-000002282,STB-000152,TXN-00002854,2026-02-22,THB,6492,0,0,6492,SETTLED
STI-000002283,STB-000057,TXN-00002855,2026-01-21,USD,14934,0,0,14934,SETTLED
STI-000002284,STB-000074,TXN-00002856,2026-01-27,THB,3625,0,0,3625,SETTLED
STI-000002285,STB-000114,TXN-00002858,2026-02-09,USD,4002,0,0,4002,SETTLED
STI-000002286,STB-000079,TXN-00002860,2026-01-29,SGD,10901,0,0,10901,SETTLED
STI-000002287,STB-000162,TXN-00002861,2026-02-25,USD,721,0,0,721,SETTLED
STI-000002288,STB-000037,TXN-00002862,2026-01-15,SGD,686,0,0,686,SETTLED
STI-000002289,STB-000159,TXN-00002863,2026-02-24,USD,4372,0,0,4372,SETTLED
STI-000002290,STB-000023,TXN-00002864,2026-01-10,THB,3200,0,0,3200,SETTLED
STI-000002291,STB-000045,TXN-00002865,2026-01-17,USD,3121,0,0,3121,SETTLED
STI-000002292,STB-000078,TXN-00002867,2026-01-28,USD,2299,0,0,2299,SETTLED
STI-000002293,STB-000128,TXN-00002868,2026-02-14,THB,25797,0,0,25797,SETTLED
STI-000002294,STB-000109,TXN-00002869,2026-02-08,SGD,2580,0,0,2580,SETTLED
STI-000002295,STB-000051,TXN-00002870,2026-01-19,USD,3413,0,0,3413,SETTLED
STI-000002296,STB-000086,TXN-00002871,2026-01-31,THB,10870,0,0,10870,SETTLED
STI-000002297,STB-000080,TXN-00002873,2026-01-29,THB,10686,0,0,10686,SETTLED
STI-000002298,STB-000175,TXN-00002874,2026-03-02,SGD,2690,0,0,2690,SETTLED
STI-000002299,STB-000091,TXN-00002875,2026-02-02,SGD,7976,0,0,7976,SETTLED
STI-000002300,STB-000163,TXN-00002876,2026-02-26,SGD,1438,0,1438,0,SETTLED
STI-000002301,STB-000161,TXN-00002879,2026-02-25,THB,8687,0,0,8687,SETTLED
STI-000002302,STB-000168,TXN-00002880,2026-02-27,USD,1304,0,0,1304,SETTLED
STI-000002303,STB-000121,TXN-00002881,2026-02-12,SGD,3337,0,0,3337,SETTLED
STI-000002304,STB-000049,TXN-00002882,2026-01-19,SGD,19219,0,0,19219,SETTLED
STI-000002305,STB-000093,TXN-00002883,2026-02-02,USD,1416,0,0,1416,SETTLED
STI-000002306,STB-000134,TXN-00002884,2026-02-16,THB,2926,0,0,2926,SETTLED
STI-000002307,STB-000094,TXN-00002885,2026-02-03,SGD,22205,0,0,22205,SETTLED
STI-000002308,STB-000130,TXN-00002886,2026-02-15,SGD,8150,0,0,8150,SETTLED
STI-000002309,STB-000054,TXN-00002888,2026-01-20,USD,1682,0,0,1682,SETTLED
STI-000002310,STB-000026,TXN-00002890,2026-01-11,THB,3220,0,0,3220,SETTLED
STI-000002311,STB-000002,TXN-00002891,2026-01-03,THB,16202,0,0,16202,SETTLED
STI-000002312,STB-000174,TXN-00002892,2026-03-01,USD,8161,0,0,8161,SETTLED
STI-000002313,STB-000134,TXN-00002894,2026-02-16,THB,31242,0,0,31242,SETTLED
STI-000002314,STB-000057,TXN-00002896,2026-01-21,USD,1237,0,0,1237,SETTLED
STI-000002315,STB-000053,TXN-00002897,2026-01-20,THB,703,0,0,703,SETTLED
STI-000002316,STB-000122,TXN-00002898,2026-02-12,THB,29409,0,0,29409,SETTLED
STI-000002317,STB-000151,TXN-00002899,2026-02-22,SGD,1655,0,0,1655,SETTLED
STI-000002318,STB-000085,TXN-00002900,2026-01-31,SGD,5764,0,0,5764,SETTLED
STI-000002319,STB-000077,TXN-00002902,2026-01-28,THB,402,0,0,402,SETTLED
STI-000002320,STB-000103,TXN-00002903,2026-02-06,SGD,5458,0,0,5458,SETTLED
STI-000002321,STB-000134,TXN-00002904,2026-02-16,THB,9688,0,0,9688,SETTLED
STI-000002322,STB-000137,TXN-00002905,2026-02-17,THB,922,0,0,922,SETTLED
STI-000002323,STB-000128,TXN-00002906,2026-02-14,THB,19339,0,0,19339,SETTLED
STI-000002324,STB-000110,TXN-00002907,2026-02-08,THB,1961,0,0,1961,SETTLED
STI-000002325,STB-000178,TXN-00002908,2026-03-03,SGD,1501,0,0,1501,SETTLED
STI-000002326,STB-000014,TXN-00002909,2026-01-07,THB,11529,0,0,11529,SETTLED
STI-000002327,STB-000055,TXN-00002910,2026-01-21,SGD,14587,6297,0,8290,SETTLED
STI-000002328,STB-000082,TXN-00002912,2026-01-30,SGD,2493,0,0,2493,SETTLED
STI-000002329,STB-000144,TXN-00002915,2026-02-19,USD,3401,0,0,3401,SETTLED
STI-000002330,STB-000050,TXN-00002916,2026-01-19,THB,3399,0,0,3399,SETTLED
STI-000002331,STB-000130,TXN-00002918,2026-02-15,SGD,1357,0,0,1357,SETTLED
STI-000002332,STB-000084,TXN-00002919,2026-01-30,USD,4554,3547,0,1007,SETTLED
STI-000002333,STB-000162,TXN-00002920,2026-02-25,USD,1540,0,0,1540,SETTLED
STI-000002334,STB-000036,TXN-00002922,2026-01-14,USD,2130,0,0,2130,SETTLED
STI-000002335,STB-000176,TXN-00002924,2026-03-02,THB,18821,0,0,18821,SETTLED
STI-000002336,STB-000001,TXN-00002925,2026-01-03,SGD,21862,20424,0,1438,SETTLED
STI-000002337,STB-000005,TXN-00002927,2026-01-04,THB,4440,0,0,4440,SETTLED
STI-000002338,STB-000097,TXN-00002929,2026-02-04,SGD,634,0,0,634,SETTLED
STI-000002339,STB-000038,TXN-00002930,2026-01-15,THB,2512,0,0,2512,SETTLED
STI-000002340,STB-000102,TXN-00002931,2026-02-05,USD,2510,0,0,2510,SETTLED
STI-000002341,STB-000095,TXN-00002932,2026-02-03,THB,11151,0,0,11151,SETTLED
STI-000002342,STB-000082,TXN-00002933,2026-01-30,SGD,1798,0,0,1798,SETTLED
STI-000002343,STB-000099,TXN-00002934,2026-02-04,USD,3166,0,0,3166,SETTLED
STI-000002344,STB-000114,TXN-00002935,2026-02-09,USD,1179,0,0,1179,SETTLED
STI-000002345,STB-000160,TXN-00002936,2026-02-25,SGD,6709,0,0,6709,SETTLED
STI-000002346,STB-000135,TXN-00002937,2026-02-16,USD,3594,0,0,3594,SETTLED
STI-000002347,STB-000170,TXN-00002940,2026-02-28,THB,16092,0,0,16092,SETTLED
STI-000002348,STB-000139,TXN-00002941,2026-02-18,SGD,2622,0,0,2622,SETTLED
STI-000002349,STB-000019,TXN-00002942,2026-01-09,SGD,882,827,0,55,SETTLED
STI-000002350,STB-000168,TXN-00002943,2026-02-27,USD,3218,0,0,3218,SETTLED
STI-000002351,STB-000026,TXN-00002945,2026-01-11,THB,8407,0,0,8407,SETTLED
STI-000002352,STB-000179,TXN-00002947,2026-03-03,THB,4666,0,0,4666,SETTLED
STI-000002353,STB-000144,TXN-00002948,2026-02-19,USD,6463,0,0,6463,SETTLED
STI-000002354,STB-000061,TXN-00002949,2026-01-23,SGD,5571,0,0,5571,SETTLED
STI-000002355,STB-000106,TXN-00002950,2026-02-07,SGD,1647,0,0,1647,SETTLED
STI-000002356,STB-000103,TXN-00002953,2026-02-06,SGD,2786,0,0,2786,SETTLED
STI-000002357,STB-000163,TXN-00002954,2026-02-26,SGD,6283,0,0,6283,SETTLED
STI-000002358,STB-000135,TXN-00002955,2026-02-16,USD,13346,0,0,13346,SETTLED
STI-000002359,STB-000136,TXN-00002956,2026-02-17,SGD,7432,0,0,7432,SETTLED
STI-000002360,STB-000028,TXN-00002957,2026-01-12,SGD,737,0,0,737,SETTLED
STI-000002361,STB-000130,TXN-00002959,2026-02-15,SGD,3461,0,0,3461,SETTLED
STI-000002362,STB-000010,TXN-00002960,2026-01-06,SGD,2270,0,0,2270,SETTLED
STI-000002363,STB-000079,TXN-00002962,2026-01-29,SGD,2129,0,0,2129,SETTLED
STI-000002364,STB-000144,TXN-00002964,2026-02-19,USD,9484,0,0,9484,SETTLED
STI-000002365,STB-000086,TXN-00002965,2026-01-31,THB,6767,0,0,6767,SETTLED
STI-000002366,STB-000134,TXN-00002966,2026-02-16,THB,5892,0,0,5892,SETTLED
STI-000002367,STB-000084,TXN-00002967,2026-01-30,USD,7887,0,0,7887,SETTLED
STI-000002368,STB-000051,TXN-00002969,2026-01-19,USD,1885,0,0,1885,SETTLED
STI-000002369,STB-000044,TXN-00002970,2026-01-17,THB,14189,5923,0,8266,SETTLED
STI-000002370,STB-000053,TXN-00002971,2026-01-20,THB,7628,0,0,7628,SETTLED
STI-000002371,STB-000075,TXN-00002972,2026-01-27,USD,2321,0,0,2321,SETTLED
STI-000002372,STB-000151,TXN-00002973,2026-02-22,SGD,9959,0,0,9959,SETTLED
STI-000002373,STB-000022,TXN-00002974,2026-01-10,SGD,6122,0,0,6122,SETTLED
STI-000002374,STB-000010,TXN-00002975,2026-01-06,SGD,1403,0,0,1403,SETTLED
STI-000002375,STB-000117,TXN-00002976,2026-02-10,USD,13365,0,0,13365,SETTLED
STI-000002376,STB-000072,TXN-00002978,2026-01-26,USD,4061,0,0,4061,SETTLED
STI-000002377,STB-000014,TXN-00002979,2026-01-07,THB,8475,0,0,8475,SETTLED
STI-000002378,STB-000066,TXN-00002981,2026-01-24,USD,9494,0,0,9494,SETTLED
STI-000002379,STB-000112,TXN-00002982,2026-02-09,SGD,19826,0,0,19826,SETTLED
STI-000002380,STB-000093,TXN-00002983,2026-02-02,USD,1983,0,0,1983,SETTLED
STI-000002381,STB-000156,TXN-00002984,2026-02-23,USD,13634,0,0,13634,SETTLED
STI-000002382,STB-000162,TXN-00002986,2026-02-25,USD,2507,0,0,2507,SETTLED
STI-000002383,STB-000111,TXN-00002987,2026-02-08,USD,2347,0,0,2347,SETTLED
STI-000002384,STB-000018,TXN-00002988,2026-01-08,USD,5861,0,0,5861,SETTLED
STI-000002385,STB-000012,TXN-00002990,2026-01-06,USD,3617,0,0,3617,SETTLED
STI-000002386,STB-000040,TXN-00002991,2026-01-16,SGD,8177,0,0,8177,SETTLED
STI-000002387,STB-000052,TXN-00002992,2026-01-20,SGD,1257,0,0,1257,SETTLED
STI-000002388,STB-000007,TXN-00002993,2026-01-05,SGD,4226,0,0,4226,SETTLED
STI-000002389,STB-000006,TXN-00002994,2026-01-04,USD,24531,0,0,24531,SETTLED
STI-000002390,STB-000090,TXN-00002995,2026-02-01,USD,2727,0,0,2727,SETTLED
STI-000002391,STB-000011,TXN-00002996,2026-01-06,THB,3941,783,0,3158,SETTLED
STI-000002392,STB-000016,TXN-00002997,2026-01-08,SGD,2668,0,0,2668,SETTLED
STI-000002393,STB-000175,TXN-00002998,2026-03-02,SGD,2443,1946,0,497,SETTLED
STI-000002394,STB-000007,TXN-00003000,2026-01-05,SGD,75792,0,0,75792,SETTLED
STI-000002395,STB-000131,TXN-00003001,2026-02-15,THB,6151,0,0,6151,SETTLED
STI-000002396,STB-000088,TXN-00003002,2026-02-01,SGD,3543,0,0,3543,SETTLED
STI-000002397,STB-000112,TXN-00003003,2026-02-09,SGD,5257,0,0,5257,SETTLED
STI-000002398,STB-000094,TXN-00003004,2026-02-03,SGD,2866,0,0,2866,SETTLED
STI-000002399,STB-000138,TXN-00003005,2026-02-17,USD,17381,0,0,17381,SETTLED
STI-000002400,STB-000090,TXN-00003006,2026-02-01,USD,17209,9540,0,7669,SETTLED
STI-000002401,STB-000113,TXN-00003007,2026-02-09,THB,2717,0,0,2717,SETTLED
STI-000002402,STB-000149,TXN-00003008,2026-02-21,THB,613,0,0,613,SETTLED
STI-000002403,STB-000110,TXN-00003009,2026-02-08,THB,13546,0,0,13546,SETTLED
STI-000002404,STB-000032,TXN-00003010,2026-01-13,THB,29347,0,0,29347,SETTLED
STI-000002405,STB-000083,TXN-00003012,2026-01-30,THB,9587,0,0,9587,SETTLED
STI-000002406,STB-000124,TXN-00003013,2026-02-13,SGD,13214,0,0,13214,SETTLED
STI-000002407,STB-000048,TXN-00003014,2026-01-18,USD,3390,0,0,3390,SETTLED
STI-000002408,STB-000042,TXN-00003016,2026-01-16,USD,15779,0,0,15779,SETTLED
STI-000002409,STB-000125,TXN-00003017,2026-02-13,THB,8330,0,0,8330,SETTLED
STI-000002410,STB-000138,TXN-00003018,2026-02-17,USD,544,447,0,97,SETTLED
STI-000002411,STB-000020,TXN-00003020,2026-01-09,THB,13903,0,0,13903,SETTLED
STI-000002412,STB-000124,TXN-00003021,2026-02-13,SGD,1933,0,0,1933,SETTLED
STI-000002413,STB-000092,TXN-00003022,2026-02-02,THB,15626,0,0,15626,SETTLED
STI-000002414,STB-000127,TXN-00003023,2026-02-14,SGD,3439,0,0,3439,SETTLED
STI-000002415,STB-000165,TXN-00003024,2026-02-26,USD,5367,0,0,5367,SETTLED
STI-000002416,STB-000165,TXN-00003025,2026-02-26,USD,2014,0,0,2014,SETTLED
STI-000002417,STB-000028,TXN-00003026,2026-01-12,SGD,12007,0,0,12007,SETTLED
STI-000002418,STB-000115,TXN-00003028,2026-02-10,SGD,5699,0,0,5699,SETTLED
STI-000002419,STB-000030,TXN-00003029,2026-01-12,USD,8755,0,0,8755,SETTLED
STI-000002420,STB-000136,TXN-00003030,2026-02-17,SGD,927,0,0,927,SETTLED
STI-000002421,STB-000156,TXN-00003031,2026-02-23,USD,7387,0,0,7387,SETTLED
STI-000002422,STB-000055,TXN-00003032,2026-01-21,SGD,1935,0,0,1935,SETTLED
STI-000002423,STB-000034,TXN-00003033,2026-01-14,SGD,5411,0,0,5411,SETTLED
STI-000002424,STB-000149,TXN-00003034,2026-02-21,THB,6614,0,0,6614,SETTLED
STI-000002425,STB-000132,TXN-00003037,2026-02-15,USD,2862,0,0,2862,SETTLED
STI-000002426,STB-000124,TXN-00003038,2026-02-13,SGD,4165,0,0,4165,SETTLED
STI-000002427,STB-000140,TXN-00003039,2026-02-18,THB,4152,0,0,4152,SETTLED
STI-000002428,STB-000027,TXN-00003040,2026-01-11,USD,1912,0,0,1912,SETTLED
STI-000002429,STB-000061,TXN-00003041,2026-01-23,SGD,3198,0,0,3198,SETTLED
STI-000002430,STB-000106,TXN-00003043,2026-02-07,SGD,4483,0,0,4483,SETTLED
STI-000002431,STB-000166,TXN-00003044,2026-02-27,SGD,3488,0,0,3488,SETTLED
STI-000002432,STB-000135,TXN-00003046,2026-02-16,USD,14996,0,0,14996,SETTLED
STI-000002433,STB-000013,TXN-00003047,2026-01-07,SGD,9595,0,0,9595,SETTLED
STI-000002434,STB-000144,TXN-00003048,2026-02-19,USD,5023,0,0,5023,SETTLED
STI-000002435,STB-000020,TXN-00003049,2026-01-09,THB,4377,0,0,4377,SETTLED
STI-000002436,STB-000002,TXN-00003050,2026-01-03,THB,3630,0,0,3630,SETTLED
STI-000002437,STB-000045,TXN-00003051,2026-01-17,USD,6450,0,0,6450,SETTLED
STI-000002438,STB-000117,TXN-00003052,2026-02-10,USD,34369,0,0,34369,SETTLED
STI-000002439,STB-000097,TXN-00003054,2026-02-04,SGD,4829,0,0,4829,SETTLED
STI-000002440,STB-000017,TXN-00003055,2026-01-08,THB,6458,0,0,6458,SETTLED
STI-000002441,STB-000125,TXN-00003056,2026-02-13,THB,6134,0,0,6134,SETTLED
STI-000002442,STB-000165,TXN-00003057,2026-02-26,USD,10230,0,0,10230,SETTLED
STI-000002443,STB-000180,TXN-00003058,2026-03-03,USD,808,147,0,661,SETTLED
STI-000002444,STB-000038,TXN-00003059,2026-01-15,THB,10260,0,0,10260,SETTLED
STI-000002445,STB-000120,TXN-00003060,2026-02-11,USD,3082,0,0,3082,SETTLED
STI-000002446,STB-000123,TXN-00003062,2026-02-12,USD,3018,0,0,3018,SETTLED
STI-000002447,STB-000152,TXN-00003063,2026-02-22,THB,8998,0,0,8998,SETTLED
STI-000002448,STB-000028,TXN-00003064,2026-01-12,SGD,1675,0,0,1675,SETTLED
STI-000002449,STB-000100,TXN-00003065,2026-02-05,SGD,658,0,658,0,SETTLED
STI-000002450,STB-000102,TXN-00003066,2026-02-05,USD,3007,0,0,3007,SETTLED
STI-000002451,STB-000058,TXN-00003067,2026-01-22,SGD,3713,0,0,3713,SETTLED
STI-000002452,STB-000154,TXN-00003068,2026-02-23,SGD,1886,0,0,1886,SETTLED
STI-000002453,STB-000076,TXN-00003069,2026-01-28,SGD,261,0,0,261,SETTLED
STI-000002454,STB-000075,TXN-00003070,2026-01-27,USD,666,0,0,666,SETTLED
STI-000002455,STB-000095,TXN-00003071,2026-02-03,THB,2584,0,0,2584,SETTLED
STI-000002456,STB-000045,TXN-00003072,2026-01-17,USD,11064,0,0,11064,SETTLED
STI-000002457,STB-000079,TXN-00003073,2026-01-29,SGD,1252,0,0,1252,SETTLED
STI-000002458,STB-000039,TXN-00003074,2026-01-15,USD,3355,843,0,2512,SETTLED
STI-000002459,STB-000118,TXN-00003078,2026-02-11,SGD,22417,0,0,22417,SETTLED
STI-000002460,STB-000023,TXN-00003079,2026-01-10,THB,6425,0,0,6425,SETTLED
STI-000002461,STB-000159,TXN-00003080,2026-02-24,USD,6513,0,0,6513,SETTLED
STI-000002462,STB-000052,TXN-00003081,2026-01-20,SGD,3495,0,0,3495,SETTLED
STI-000002463,STB-000095,TXN-00003083,2026-02-03,THB,1868,0,0,1868,SETTLED
STI-000002464,STB-000125,TXN-00003084,2026-02-13,THB,19243,0,0,19243,SETTLED
STI-000002465,STB-000135,TXN-00003085,2026-02-16,USD,4629,0,0,4629,SETTLED
STI-000002466,STB-000024,TXN-00003086,2026-01-10,USD,5848,0,0,5848,SETTLED
STI-000002467,STB-000031,TXN-00003087,2026-01-13,SGD,5485,0,0,5485,SETTLED
STI-000002468,STB-000127,TXN-00003088,2026-02-14,SGD,6323,0,0,6323,SETTLED
STI-000002469,STB-000054,TXN-00003090,2026-01-20,USD,1001,593,0,408,SETTLED
STI-000002470,STB-000082,TXN-00003091,2026-01-30,SGD,4749,0,0,4749,SETTLED
STI-000002471,STB-000079,TXN-00003093,2026-01-29,SGD,5187,0,0,5187,SETTLED
STI-000002472,STB-000134,TXN-00003094,2026-02-16,THB,2985,0,0,2985,SETTLED
STI-000002473,STB-000132,TXN-00003096,2026-02-15,USD,2307,0,0,2307,SETTLED
STI-000002474,STB-000047,TXN-00003097,2026-01-18,THB,5042,0,0,5042,SETTLED
STI-000002475,STB-000053,TXN-00003098,2026-01-20,THB,8779,0,0,8779,SETTLED
STI-000002476,STB-000136,TXN-00003099,2026-02-17,SGD,7351,0,0,7351,SETTLED
STI-000002477,STB-000097,TXN-00003100,2026-02-04,SGD,44236,0,0,44236,SETTLED
STI-000002478,STB-000156,TXN-00003101,2026-02-23,USD,18877,4388,0,14489,SETTLED
STI-000002479,STB-000056,TXN-00003104,2026-01-21,THB,992,0,0,992,SETTLED
STI-000002480,STB-000059,TXN-00003107,2026-01-22,THB,3105,0,0,3105,SETTLED
STI-000002481,STB-000055,TXN-00003108,2026-01-21,SGD,15339,0,0,15339,SETTLED
STI-000002482,STB-000062,TXN-00003109,2026-01-23,THB,10599,0,0,10599,SETTLED
STI-000002483,STB-000025,TXN-00003110,2026-01-11,SGD,345,0,0,345,SETTLED
STI-000002484,STB-000151,TXN-00003111,2026-02-22,SGD,9839,0,0,9839,SETTLED
STI-000002485,STB-000009,TXN-00003112,2026-01-05,USD,6703,0,0,6703,SETTLED
STI-000002486,STB-000024,TXN-00003113,2026-01-10,USD,24965,0,0,24965,SETTLED
STI-000002487,STB-000127,TXN-00003114,2026-02-14,SGD,2270,2044,0,226,SETTLED
STI-000002488,STB-000069,TXN-00003115,2026-01-25,USD,1809,0,0,1809,SETTLED
STI-000002489,STB-000037,TXN-00003116,2026-01-15,SGD,4393,0,0,4393,SETTLED
STI-000002490,STB-000178,TXN-00003117,2026-03-03,SGD,1154,0,0,1154,SETTLED
STI-000002491,STB-000097,TXN-00003118,2026-02-04,SGD,3681,0,0,3681,SETTLED
STI-000002492,STB-000031,TXN-00003119,2026-01-13,SGD,4105,0,0,4105,SETTLED
STI-000002493,STB-000113,TXN-00003121,2026-02-09,THB,11701,0,0,11701,SETTLED
STI-000002494,STB-000159,TXN-00003122,2026-02-24,USD,3205,0,0,3205,SETTLED
STI-000002495,STB-000156,TXN-00003123,2026-02-23,USD,17099,0,17099,0,SETTLED
STI-000002496,STB-000027,TXN-00003124,2026-01-11,USD,6291,0,0,6291,SETTLED
STI-000002497,STB-000132,TXN-00003125,2026-02-15,USD,1084,0,0,1084,SETTLED
STI-000002498,STB-000031,TXN-00003126,2026-01-13,SGD,19772,0,0,19772,SETTLED
STI-000002499,STB-000155,TXN-00003127,2026-02-23,THB,18453,0,0,18453,SETTLED
STI-000002500,STB-000034,TXN-00003129,2026-01-14,SGD,13211,0,0,13211,SETTLED
STI-000002501,STB-000002,TXN-00003130,2026-01-03,THB,2030,0,0,2030,SETTLED
STI-000002502,STB-000093,TXN-00003131,2026-02-02,USD,1693,0,0,1693,SETTLED
STI-000002503,STB-000140,TXN-00003132,2026-02-18,THB,7863,0,0,7863,SETTLED
STI-000002504,STB-000169,TXN-00003133,2026-02-28,SGD,4592,0,0,4592,SETTLED
STI-000002505,STB-000171,TXN-00003134,2026-02-28,USD,1285,0,0,1285,SETTLED
STI-000002506,STB-000115,TXN-00003135,2026-02-10,SGD,1594,0,0,1594,SETTLED
STI-000002507,STB-000083,TXN-00003136,2026-01-30,THB,18573,0,0,18573,SETTLED
STI-000002508,STB-000018,TXN-00003137,2026-01-08,USD,8291,0,8291,0,SETTLED
STI-000002509,STB-000056,TXN-00003138,2026-01-21,THB,2129,0,0,2129,SETTLED
STI-000002510,STB-000132,TXN-00003139,2026-02-15,USD,8534,0,0,8534,SETTLED
STI-000002511,STB-000145,TXN-00003140,2026-02-20,SGD,6417,0,0,6417,SETTLED
STI-000002512,STB-000034,TXN-00003141,2026-01-14,SGD,3490,0,0,3490,SETTLED
STI-000002513,STB-000121,TXN-00003143,2026-02-12,SGD,3337,0,0,3337,SETTLED
STI-000002514,STB-000114,TXN-00003144,2026-02-09,USD,9183,0,0,9183,SETTLED
STI-000002515,STB-000146,TXN-00003145,2026-02-20,THB,2638,2327,0,311,SETTLED
STI-000002516,STB-000071,TXN-00003146,2026-01-26,THB,5296,0,0,5296,SETTLED
STI-000002517,STB-000177,TXN-00003147,2026-03-02,USD,12475,0,0,12475,SETTLED
STI-000002518,STB-000066,TXN-00003148,2026-01-24,USD,1088,0,0,1088,SETTLED
STI-000002519,STB-000167,TXN-00003149,2026-02-27,THB,3924,0,0,3924,SETTLED
STI-000002520,STB-000022,TXN-00003150,2026-01-10,SGD,18032,0,0,18032,SETTLED
STI-000002521,STB-000014,TXN-00003151,2026-01-07,THB,24190,0,0,24190,SETTLED
STI-000002522,STB-000024,TXN-00003153,2026-01-10,USD,8356,0,0,8356,SETTLED
STI-000002523,STB-000114,TXN-00003154,2026-02-09,USD,2196,1931,0,265,SETTLED
STI-000002524,STB-000118,TXN-00003155,2026-02-11,SGD,3500,0,0,3500,SETTLED
STI-000002525,STB-000172,TXN-00003156,2026-03-01,SGD,26021,0,0,26021,SETTLED
STI-000002526,STB-000116,TXN-00003157,2026-02-10,THB,1357,0,0,1357,SETTLED
STI-000002527,STB-000039,TXN-00003161,2026-01-15,USD,1324,0,0,1324,SETTLED
STI-000002528,STB-000022,TXN-00003162,2026-01-10,SGD,4102,0,0,4102,SETTLED
STI-000002529,STB-000006,TXN-00003163,2026-01-04,USD,6084,0,0,6084,SETTLED
STI-000002530,STB-000159,TXN-00003164,2026-02-24,USD,10106,0,0,10106,SETTLED
STI-000002531,STB-000152,TXN-00003165,2026-02-22,THB,567,0,0,567,SETTLED
STI-000002532,STB-000141,TXN-00003166,2026-02-18,USD,3107,0,0,3107,SETTLED
STI-000002533,STB-000132,TXN-00003167,2026-02-15,USD,2063,0,0,2063,SETTLED
STI-000002534,STB-000023,TXN-00003169,2026-01-10,THB,9842,0,0,9842,SETTLED
STI-000002535,STB-000106,TXN-00003170,2026-02-07,SGD,11981,0,0,11981,SETTLED
STI-000002536,STB-000010,TXN-00003171,2026-01-06,SGD,1656,0,0,1656,SETTLED
STI-000002537,STB-000130,TXN-00003173,2026-02-15,SGD,4478,0,0,4478,SETTLED
STI-000002538,STB-000020,TXN-00003174,2026-01-09,THB,1084,299,0,785,SETTLED
STI-000002539,STB-000121,TXN-00003175,2026-02-12,SGD,2785,0,0,2785,SETTLED
STI-000002540,STB-000040,TXN-00003176,2026-01-16,SGD,2443,0,0,2443,SETTLED
STI-000002541,STB-000097,TXN-00003177,2026-02-04,SGD,1570,0,0,1570,SETTLED
STI-000002542,STB-000001,TXN-00003178,2026-01-03,SGD,4878,0,0,4878,SETTLED
STI-000002543,STB-000175,TXN-00003179,2026-03-02,SGD,10790,0,0,10790,SETTLED
STI-000002544,STB-000136,TXN-00003180,2026-02-17,SGD,7804,0,0,7804,SETTLED
STI-000002545,STB-000123,TXN-00003181,2026-02-12,USD,2298,0,0,2298,SETTLED
STI-000002546,STB-000166,TXN-00003182,2026-02-27,SGD,1089,0,0,1089,SETTLED
STI-000002547,STB-000100,TXN-00003183,2026-02-05,SGD,8310,0,0,8310,SETTLED
STI-000002548,STB-000158,TXN-00003184,2026-02-24,THB,6488,0,0,6488,SETTLED
STI-000002549,STB-000090,TXN-00003185,2026-02-01,USD,6697,0,0,6697,SETTLED
STI-000002550,STB-000166,TXN-00003186,2026-02-27,SGD,12392,0,0,12392,SETTLED
STI-000002551,STB-000014,TXN-00003187,2026-01-07,THB,1599,0,0,1599,SETTLED
STI-000002552,STB-000126,TXN-00003189,2026-02-13,USD,9988,0,0,9988,SETTLED
STI-000002553,STB-000048,TXN-00003190,2026-01-18,USD,2070,0,0,2070,SETTLED
STI-000002554,STB-000179,TXN-00003191,2026-03-03,THB,7197,0,0,7197,SETTLED
STI-000002555,STB-000019,TXN-00003192,2026-01-09,SGD,1828,0,0,1828,SETTLED
STI-000002556,STB-000099,TXN-00003193,2026-02-04,USD,1836,0,0,1836,SETTLED
STI-000002557,STB-000042,TXN-00003195,2026-01-16,USD,5319,0,0,5319,SETTLED
STI-000002558,STB-000169,TXN-00003197,2026-02-28,SGD,3112,0,0,3112,SETTLED
STI-000002559,STB-000113,TXN-00003199,2026-02-09,THB,2781,766,0,2015,SETTLED
STI-000002560,STB-000151,TXN-00003200,2026-02-22,SGD,8493,0,0,8493,SETTLED
STI-000002561,STB-000068,TXN-00003201,2026-01-25,THB,2319,0,0,2319,SETTLED
STI-000002562,STB-000068,TXN-00003204,2026-01-25,THB,14598,0,0,14598,SETTLED
STI-000002563,STB-000020,TXN-00003205,2026-01-09,THB,9762,0,0,9762,SETTLED
STI-000002564,STB-000007,TXN-00003206,2026-01-05,SGD,6274,0,0,6274,SETTLED
STI-000002565,STB-000093,TXN-00003209,2026-02-02,USD,38163,0,0,38163,SETTLED
STI-000002566,STB-000036,TXN-00003212,2026-01-14,USD,13021,12839,0,182,SETTLED
STI-000002567,STB-000096,TXN-00003213,2026-02-03,USD,14673,0,0,14673,SETTLED
STI-000002568,STB-000042,TXN-00003214,2026-01-16,USD,606,0,0,606,SETTLED
STI-000002569,STB-000038,TXN-00003215,2026-01-15,THB,5453,0,0,5453,SETTLED
STI-000002570,STB-000179,TXN-00003216,2026-03-03,THB,5663,0,0,5663,SETTLED
STI-000002571,STB-000047,TXN-00003217,2026-01-18,THB,9371,0,0,9371,SETTLED
STI-000002572,STB-000137,TXN-00003218,2026-02-17,THB,1122,0,0,1122,SETTLED
STI-000002573,STB-000172,TXN-00003219,2026-03-01,SGD,22722,0,0,22722,SETTLED
STI-000002574,STB-000016,TXN-00003220,2026-01-08,SGD,16391,0,0,16391,SETTLED
STI-000002575,STB-000120,TXN-00003222,2026-02-11,USD,7002,3193,0,3809,SETTLED
STI-000002576,STB-000178,TXN-00003223,2026-03-03,SGD,8803,0,0,8803,SETTLED
STI-000002577,STB-000137,TXN-00003224,2026-02-17,THB,6672,0,0,6672,SETTLED
STI-000002578,STB-000167,TXN-00003225,2026-02-27,THB,2649,0,0,2649,SETTLED
STI-000002579,STB-000038,TXN-00003227,2026-01-15,THB,3020,1351,0,1669,SETTLED
STI-000002580,STB-000046,TXN-00003228,2026-01-18,SGD,8065,0,0,8065,SETTLED
STI-000002581,STB-000060,TXN-00003230,2026-01-22,USD,13524,3737,0,9787,SETTLED
STI-000002582,STB-000012,TXN-00003231,2026-01-06,USD,1147,0,0,1147,SETTLED
STI-000002583,STB-000003,TXN-00003232,2026-01-03,USD,28590,0,0,28590,SETTLED
STI-000002584,STB-000039,TXN-00003233,2026-01-15,USD,1446,0,0,1446,SETTLED
STI-000002585,STB-000044,TXN-00003234,2026-01-17,THB,1589,874,0,715,SETTLED
STI-000002586,STB-000053,TXN-00003235,2026-01-20,THB,2264,0,0,2264,SETTLED
STI-000002587,STB-000093,TXN-00003237,2026-02-02,USD,10948,0,0,10948,SETTLED
STI-000002588,STB-000076,TXN-00003239,2026-01-28,SGD,14677,0,0,14677,SETTLED
STI-000002589,STB-000047,TXN-00003240,2026-01-18,THB,6313,0,6313,0,SETTLED
STI-000002590,STB-000012,TXN-00003241,2026-01-06,USD,945,0,0,945,SETTLED
STI-000002591,STB-000066,TXN-00003242,2026-01-24,USD,851,0,0,851,SETTLED
STI-000002592,STB-000039,TXN-00003244,2026-01-15,USD,1514,0,0,1514,SETTLED
STI-000002593,STB-000120,TXN-00003245,2026-02-11,USD,330,0,0,330,SETTLED
STI-000002594,STB-000167,TXN-00003247,2026-02-27,THB,10920,0,0,10920,SETTLED
STI-000002595,STB-000075,TXN-00003248,2026-01-27,USD,2737,0,0,2737,SETTLED
STI-000002596,STB-000174,TXN-00003249,2026-03-01,USD,80652,0,0,80652,SETTLED
STI-000002597,STB-000071,TXN-00003250,2026-01-26,THB,15995,0,0,15995,SETTLED
STI-000002598,STB-000067,TXN-00003251,2026-01-25,SGD,5601,0,0,5601,SETTLED
STI-000002599,STB-000160,TXN-00003252,2026-02-25,SGD,1174,0,0,1174,SETTLED
STI-000002600,STB-000067,TXN-00003254,2026-01-25,SGD,6207,0,0,6207,SETTLED
STI-000002601,STB-000024,TXN-00003255,2026-01-10,USD,513,0,0,513,SETTLED
STI-000002602,STB-000171,TXN-00003256,2026-02-28,USD,9836,0,0,9836,SETTLED
STI-000002603,STB-000124,TXN-00003259,2026-02-13,SGD,21637,0,0,21637,SETTLED
STI-000002604,STB-000055,TXN-00003260,2026-01-21,SGD,15211,14143,0,1068,SETTLED
STI-000002605,STB-000067,TXN-00003261,2026-01-25,SGD,29376,0,0,29376,SETTLED
STI-000002606,STB-000024,TXN-00003262,2026-01-10,USD,9918,0,0,9918,SETTLED
STI-000002607,STB-000015,TXN-00003263,2026-01-07,USD,5527,0,0,5527,SETTLED
STI-000002608,STB-000148,TXN-00003266,2026-02-21,SGD,1723,0,0,1723,SETTLED
STI-000002609,STB-000097,TXN-00003267,2026-02-04,SGD,5781,0,0,5781,SETTLED
STI-000002610,STB-000123,TXN-00003268,2026-02-12,USD,7264,0,0,7264,SETTLED
STI-000002611,STB-000019,TXN-00003269,2026-01-09,SGD,1314,279,0,1035,SETTLED
STI-000002612,STB-000089,TXN-00003270,2026-02-01,THB,4948,0,0,4948,SETTLED
STI-000002613,STB-000123,TXN-00003271,2026-02-12,USD,21468,0,0,21468,SETTLED
STI-000002614,STB-000096,TXN-00003274,2026-02-03,USD,4285,0,0,4285,SETTLED
STI-000002615,STB-000128,TXN-00003275,2026-02-14,THB,2778,0,0,2778,SETTLED
STI-000002616,STB-000022,TXN-00003277,2026-01-10,SGD,816,0,0,816,SETTLED
STI-000002617,STB-000048,TXN-00003278,2026-01-18,USD,26403,0,0,26403,SETTLED
STI-000002618,STB-000129,TXN-00003279,2026-02-14,USD,2402,0,0,2402,SETTLED
STI-000002619,STB-000073,TXN-00003280,2026-01-27,SGD,3653,0,0,3653,SETTLED
STI-000002620,STB-000122,TXN-00003281,2026-02-12,THB,5241,0,0,5241,SETTLED
STI-000002621,STB-000088,TXN-00003282,2026-02-01,SGD,10430,0,0,10430,SETTLED
STI-000002622,STB-000115,TXN-00003283,2026-02-10,SGD,12653,0,0,12653,SETTLED
STI-000002623,STB-000140,TXN-00003284,2026-02-18,THB,43377,0,0,43377,SETTLED
STI-000002624,STB-000098,TXN-00003285,2026-02-04,THB,859,0,0,859,SETTLED
STI-000002625,STB-000173,TXN-00003286,2026-03-01,THB,9322,4375,0,4947,SETTLED
STI-000002626,STB-000127,TXN-00003287,2026-02-14,SGD,7874,0,0,7874,SETTLED
STI-000002627,STB-000116,TXN-00003288,2026-02-10,THB,6469,0,0,6469,SETTLED
STI-000002628,STB-000102,TXN-00003289,2026-02-05,USD,39153,0,0,39153,SETTLED
STI-000002629,STB-000024,TXN-00003291,2026-01-10,USD,4913,4779,0,134,SETTLED
STI-000002630,STB-000044,TXN-00003292,2026-01-17,THB,19162,0,0,19162,SETTLED
STI-000002631,STB-000092,TXN-00003293,2026-02-02,THB,18363,6656,0,11707,SETTLED
STI-000002632,STB-000099,TXN-00003294,2026-02-04,USD,9405,0,0,9405,SETTLED
STI-000002633,STB-000119,TXN-00003295,2026-02-11,THB,11738,0,0,11738,SETTLED
STI-000002634,STB-000080,TXN-00003296,2026-01-29,THB,947,0,0,947,SETTLED
STI-000002635,STB-000177,TXN-00003297,2026-03-02,USD,16950,0,0,16950,SETTLED
STI-000002636,STB-000001,TXN-00003298,2026-01-03,SGD,11855,0,0,11855,SETTLED
STI-000002637,STB-000152,TXN-00003299,2026-02-22,THB,2766,0,0,2766,SETTLED
STI-000002638,STB-000028,TXN-00003301,2026-01-12,SGD,4160,0,0,4160,SETTLED
STI-000002639,STB-000142,TXN-00003302,2026-02-19,SGD,10079,0,0,10079,SETTLED
STI-000002640,STB-000178,TXN-00003303,2026-03-03,SGD,16226,0,0,16226,SETTLED
STI-000002641,STB-000060,TXN-00003304,2026-01-22,USD,5499,0,0,5499,SETTLED
STI-000002642,STB-000006,TXN-00003305,2026-01-04,USD,10650,0,0,10650,SETTLED
STI-000002643,STB-000157,TXN-00003306,2026-02-24,SGD,3345,0,0,3345,SETTLED
STI-000002644,STB-000026,TXN-00003307,2026-01-11,THB,52430,0,0,52430,SETTLED
STI-000002645,STB-000175,TXN-00003308,2026-03-02,SGD,5865,0,0,5865,SETTLED
STI-000002646,STB-000163,TXN-00003309,2026-02-26,SGD,1710,706,0,1004,SETTLED
STI-000002647,STB-000061,TXN-00003311,2026-01-23,SGD,5425,0,0,5425,SETTLED
STI-000002648,STB-000092,TXN-00003312,2026-02-02,THB,1387,0,0,1387,SETTLED
STI-000002649,STB-000126,TXN-00003313,2026-02-13,USD,1089,582,0,507,SETTLED
STI-000002650,STB-000138,TXN-00003314,2026-02-17,USD,9315,0,9315,0,SETTLED
STI-000002651,STB-000074,TXN-00003315,2026-01-27,THB,4328,0,0,4328,SETTLED
STI-000002652,STB-000044,TXN-00003316,2026-01-17,THB,3839,0,0,3839,SETTLED
STI-000002653,STB-000108,TXN-00003317,2026-02-07,USD,5712,0,0,5712,SETTLED
STI-000002654,STB-000165,TXN-00003320,2026-02-26,USD,353,0,0,353,SETTLED
STI-000002655,STB-000179,TXN-00003321,2026-03-03,THB,522,0,0,522,SETTLED
STI-000002656,STB-000144,TXN-00003324,2026-02-19,USD,2909,0,2909,0,SETTLED
STI-000002657,STB-000087,TXN-00003325,2026-01-31,USD,30639,0,0,30639,SETTLED
STI-000002658,STB-000103,TXN-00003327,2026-02-06,SGD,10684,0,0,10684,SETTLED
STI-000002659,STB-000153,TXN-00003328,2026-02-22,USD,1317,0,0,1317,SETTLED
STI-000002660,STB-000093,TXN-00003329,2026-02-02,USD,4942,0,0,4942,SETTLED
STI-000002661,STB-000140,TXN-00003330,2026-02-18,THB,11431,0,0,11431,SETTLED
STI-000002662,STB-000019,TXN-00003332,2026-01-09,SGD,4401,0,0,4401,SETTLED
STI-000002663,STB-000046,TXN-00003333,2026-01-18,SGD,2643,0,0,2643,SETTLED
STI-000002664,STB-000172,TXN-00003334,2026-03-01,SGD,1836,0,0,1836,SETTLED
STI-000002665,STB-000033,TXN-00003335,2026-01-13,USD,1889,1549,0,340,SETTLED
STI-000002666,STB-000122,TXN-00003336,2026-02-12,THB,2496,0,0,2496,SETTLED
STI-000002667,STB-000139,TXN-00003337,2026-02-18,SGD,10479,7228,0,3251,SETTLED
STI-000002668,STB-000090,TXN-00003338,2026-02-01,USD,66295,0,0,66295,SETTLED
STI-000002669,STB-000092,TXN-00003340,2026-02-02,THB,1793,0,0,1793,SETTLED
STI-000002670,STB-000001,TXN-00003342,2026-01-03,SGD,1388,0,0,1388,SETTLED
STI-000002671,STB-000068,TXN-00003343,2026-01-25,THB,6589,0,0,6589,SETTLED
STI-000002672,STB-000041,TXN-00003345,2026-01-16,THB,1036,0,0,1036,SETTLED
STI-000002673,STB-000092,TXN-00003347,2026-02-02,THB,1639,0,0,1639,SETTLED
STI-000002674,STB-000041,TXN-00003350,2026-01-16,THB,5635,0,0,5635,SETTLED
STI-000002675,STB-000156,TXN-00003351,2026-02-23,USD,8551,0,0,8551,SETTLED
STI-000002676,STB-000168,TXN-00003352,2026-02-27,USD,14406,0,0,14406,SETTLED
STI-000002677,STB-000047,TXN-00003354,2026-01-18,THB,4048,0,0,4048,SETTLED
STI-000002678,STB-000119,TXN-00003355,2026-02-11,THB,625,0,0,625,SETTLED
STI-000002679,STB-000056,TXN-00003358,2026-01-21,THB,4877,0,0,4877,SETTLED
STI-000002680,STB-000098,TXN-00003360,2026-02-04,THB,21176,0,0,21176,SETTLED
STI-000002681,STB-000088,TXN-00003363,2026-02-01,SGD,12609,0,0,12609,SETTLED
STI-000002682,STB-000055,TXN-00003364,2026-01-21,SGD,9118,0,0,9118,SETTLED
STI-000002683,STB-000071,TXN-00003366,2026-01-26,THB,3918,0,0,3918,SETTLED
STI-000002684,STB-000021,TXN-00003367,2026-01-09,USD,4941,0,0,4941,SETTLED
STI-000002685,STB-000104,TXN-00003369,2026-02-06,THB,3040,0,0,3040,SETTLED
STI-000002686,STB-000011,TXN-00003371,2026-01-06,THB,17628,0,0,17628,SETTLED
STI-000002687,STB-000039,TXN-00003372,2026-01-15,USD,1637,0,0,1637,SETTLED
STI-000002688,STB-000140,TXN-00003373,2026-02-18,THB,3737,0,0,3737,SETTLED
STI-000002689,STB-000001,TXN-00003374,2026-01-03,SGD,2046,0,0,2046,SETTLED
STI-000002690,STB-000003,TXN-00003375,2026-01-03,USD,9757,0,0,9757,SETTLED
STI-000002691,STB-000075,TXN-00003376,2026-01-27,USD,9466,0,0,9466,SETTLED
STI-000002692,STB-000155,TXN-00003377,2026-02-23,THB,1714,548,0,1166,SETTLED
STI-000002693,STB-000012,TXN-00003379,2026-01-06,USD,5744,0,0,5744,SETTLED
STI-000002694,STB-000044,TXN-00003380,2026-01-17,THB,5606,0,0,5606,SETTLED
STI-000002695,STB-000130,TXN-00003381,2026-02-15,SGD,53062,0,0,53062,SETTLED
STI-000002696,STB-000040,TXN-00003382,2026-01-16,SGD,1153,0,0,1153,SETTLED
STI-000002697,STB-000025,TXN-00003383,2026-01-11,SGD,2537,0,0,2537,SETTLED
STI-000002698,STB-000082,TXN-00003384,2026-01-30,SGD,7040,0,0,7040,SETTLED
STI-000002699,STB-000022,TXN-00003386,2026-01-10,SGD,1012,0,0,1012,SETTLED
STI-000002700,STB-000076,TXN-00003387,2026-01-28,SGD,25579,0,0,25579,SETTLED
STI-000002701,STB-000022,TXN-00003388,2026-01-10,SGD,2500,0,0,2500,SETTLED
STI-000002702,STB-000145,TXN-00003389,2026-02-20,SGD,5621,0,0,5621,SETTLED
STI-000002703,STB-000089,TXN-00003390,2026-02-01,THB,20322,0,0,20322,SETTLED
STI-000002704,STB-000035,TXN-00003392,2026-01-14,THB,13461,0,0,13461,SETTLED
STI-000002705,STB-000035,TXN-00003393,2026-01-14,THB,385,0,0,385,SETTLED
STI-000002706,STB-000156,TXN-00003394,2026-02-23,USD,10553,0,0,10553,SETTLED
STI-000002707,STB-000156,TXN-00003397,2026-02-23,USD,1644,0,0,1644,SETTLED
STI-000002708,STB-000003,TXN-00003398,2026-01-03,USD,11700,0,0,11700,SETTLED
STI-000002709,STB-000034,TXN-00003399,2026-01-14,SGD,3524,0,0,3524,SETTLED
STI-000002710,STB-000101,TXN-00003400,2026-02-05,THB,4556,0,0,4556,SETTLED
STI-000002711,STB-000111,TXN-00003401,2026-02-08,USD,2744,0,0,2744,SETTLED
STI-000002712,STB-000106,TXN-00003402,2026-02-07,SGD,1135,0,0,1135,SETTLED
STI-000002713,STB-000048,TXN-00003403,2026-01-18,USD,2018,0,0,2018,SETTLED
STI-000002714,STB-000175,TXN-00003404,2026-03-02,SGD,9621,0,0,9621,SETTLED
STI-000002715,STB-000047,TXN-00003406,2026-01-18,THB,16446,0,0,16446,SETTLED
STI-000002716,STB-000119,TXN-00003407,2026-02-11,THB,8781,0,0,8781,SETTLED
STI-000002717,STB-000120,TXN-00003408,2026-02-11,USD,11683,0,0,11683,SETTLED
STI-000002718,STB-000179,TXN-00003409,2026-03-03,THB,3021,0,0,3021,SETTLED
STI-000002719,STB-000072,TXN-00003410,2026-01-26,USD,5900,0,0,5900,SETTLED
STI-000002720,STB-000012,TXN-00003411,2026-01-06,USD,1813,0,0,1813,SETTLED
STI-000002721,STB-000027,TXN-00003412,2026-01-11,USD,4308,0,0,4308,SETTLED
STI-000002722,STB-000001,TXN-00003413,2026-01-03,SGD,1812,0,0,1812,SETTLED
STI-000002723,STB-000007,TXN-00003415,2026-01-05,SGD,20261,0,0,20261,SETTLED
STI-000002724,STB-000005,TXN-00003416,2026-01-04,THB,3304,0,0,3304,SETTLED
STI-000002725,STB-000118,TXN-00003417,2026-02-11,SGD,1397,0,0,1397,SETTLED
STI-000002726,STB-000161,TXN-00003418,2026-02-25,THB,8024,0,0,8024,SETTLED
STI-000002727,STB-000047,TXN-00003419,2026-01-18,THB,5006,0,0,5006,SETTLED
STI-000002728,STB-000152,TXN-00003420,2026-02-22,THB,8917,0,0,8917,SETTLED
STI-000002729,STB-000051,TXN-00003421,2026-01-19,USD,4471,0,0,4471,SETTLED
STI-000002730,STB-000143,TXN-00003422,2026-02-19,THB,5773,0,0,5773,SETTLED
STI-000002731,STB-000073,TXN-00003423,2026-01-27,SGD,21794,0,0,21794,SETTLED
STI-000002732,STB-000158,TXN-00003424,2026-02-24,THB,5437,0,5437,0,SETTLED
STI-000002733,STB-000106,TXN-00003425,2026-02-07,SGD,2378,0,0,2378,SETTLED
STI-000002734,STB-000039,TXN-00003426,2026-01-15,USD,5945,0,0,5945,SETTLED
STI-000002735,STB-000008,TXN-00003427,2026-01-05,THB,8296,0,0,8296,SETTLED
STI-000002736,STB-000013,TXN-00003429,2026-01-07,SGD,5184,0,0,5184,SETTLED
STI-000002737,STB-000095,TXN-00003430,2026-02-03,THB,11848,10826,0,1022,SETTLED
STI-000002738,STB-000049,TXN-00003431,2026-01-19,SGD,9806,0,0,9806,SETTLED
STI-000002739,STB-000119,TXN-00003432,2026-02-11,THB,12159,0,0,12159,SETTLED
STI-000002740,STB-000164,TXN-00003433,2026-02-26,THB,5607,0,0,5607,SETTLED
STI-000002741,STB-000059,TXN-00003434,2026-01-22,THB,4266,3722,0,544,SETTLED
STI-000002742,STB-000054,TXN-00003435,2026-01-20,USD,2086,0,0,2086,SETTLED
STI-000002743,STB-000105,TXN-00003436,2026-02-06,USD,11230,0,0,11230,SETTLED
STI-000002744,STB-000082,TXN-00003437,2026-01-30,SGD,10343,2673,0,7670,SETTLED
STI-000002745,STB-000037,TXN-00003438,2026-01-15,SGD,809,0,0,809,SETTLED
STI-000002746,STB-000046,TXN-00003439,2026-01-18,SGD,7698,0,7698,0,SETTLED
STI-000002747,STB-000141,TXN-00003440,2026-02-18,USD,2298,0,0,2298,SETTLED
STI-000002748,STB-000122,TXN-00003441,2026-02-12,THB,1017,0,0,1017,SETTLED
STI-000002749,STB-000121,TXN-00003443,2026-02-12,SGD,1506,0,0,1506,SETTLED
STI-000002750,STB-000087,TXN-00003444,2026-01-31,USD,4581,1107,0,3474,SETTLED
STI-000002751,STB-000013,TXN-00003445,2026-01-07,SGD,1060,0,0,1060,SETTLED
STI-000002752,STB-000025,TXN-00003446,2026-01-11,SGD,1000,0,0,1000,SETTLED
STI-000002753,STB-000090,TXN-00003447,2026-02-01,USD,27727,0,0,27727,SETTLED
STI-000002754,STB-000154,TXN-00003448,2026-02-23,SGD,2250,0,0,2250,SETTLED
STI-000002755,STB-000063,TXN-00003449,2026-01-23,USD,4775,0,0,4775,SETTLED
STI-000002756,STB-000177,TXN-00003450,2026-03-02,USD,5249,0,0,5249,SETTLED
STI-000002757,STB-000123,TXN-00003451,2026-02-12,USD,3489,0,0,3489,SETTLED
STI-000002758,STB-000004,TXN-00003452,2026-01-04,SGD,27006,0,0,27006,SETTLED
STI-000002759,STB-000136,TXN-00003454,2026-02-17,SGD,4574,0,0,4574,SETTLED
STI-000002760,STB-000124,TXN-00003456,2026-02-13,SGD,4986,0,0,4986,SETTLED
STI-000002761,STB-000121,TXN-00003457,2026-02-12,SGD,4484,0,0,4484,SETTLED
STI-000002762,STB-000100,TXN-00003459,2026-02-05,SGD,1381,0,0,1381,SETTLED
STI-000002763,STB-000088,TXN-00003460,2026-02-01,SGD,8725,8131,0,594,SETTLED
STI-000002764,STB-000066,TXN-00003461,2026-01-24,USD,2292,0,0,2292,SETTLED
STI-000002765,STB-000105,TXN-00003462,2026-02-06,USD,10200,0,0,10200,SETTLED
STI-000002766,STB-000137,TXN-00003464,2026-02-17,THB,6542,0,0,6542,SETTLED
STI-000002767,STB-000137,TXN-00003465,2026-02-17,THB,3494,0,0,3494,SETTLED
STI-000002768,STB-000177,TXN-00003466,2026-03-02,USD,16171,0,0,16171,SETTLED
STI-000002769,STB-000052,TXN-00003467,2026-01-20,SGD,7994,0,0,7994,SETTLED
STI-000002770,STB-000156,TXN-00003469,2026-02-23,USD,10140,0,0,10140,SETTLED
STI-000002771,STB-000109,TXN-00003470,2026-02-08,SGD,42500,0,0,42500,SETTLED
STI-000002772,STB-000100,TXN-00003472,2026-02-05,SGD,17593,0,17593,0,SETTLED
STI-000002773,STB-000050,TXN-00003473,2026-01-19,THB,3307,0,0,3307,SETTLED
STI-000002774,STB-000072,TXN-00003474,2026-01-26,USD,7037,0,0,7037,SETTLED
STI-000002775,STB-000167,TXN-00003475,2026-02-27,THB,4484,0,0,4484,SETTLED
STI-000002776,STB-000049,TXN-00003477,2026-01-19,SGD,10543,0,0,10543,SETTLED
STI-000002777,STB-000115,TXN-00003478,2026-02-10,SGD,13914,0,0,13914,SETTLED
STI-000002778,STB-000165,TXN-00003480,2026-02-26,USD,4264,0,0,4264,SETTLED
STI-000002779,STB-000023,TXN-00003481,2026-01-10,THB,39262,0,0,39262,SETTLED
STI-000002780,STB-000085,TXN-00003483,2026-01-31,SGD,4475,0,0,4475,SETTLED
STI-000002781,STB-000055,TXN-00003484,2026-01-21,SGD,10718,0,0,10718,SETTLED
STI-000002782,STB-000010,TXN-00003485,2026-01-06,SGD,10403,0,0,10403,SETTLED
STI-000002783,STB-000022,TXN-00003486,2026-01-10,SGD,2120,0,2120,0,SETTLED
STI-000002784,STB-000058,TXN-00003487,2026-01-22,SGD,6577,0,0,6577,SETTLED
STI-000002785,STB-000057,TXN-00003488,2026-01-21,USD,698,0,0,698,SETTLED
STI-000002786,STB-000172,TXN-00003489,2026-03-01,SGD,2327,0,0,2327,SETTLED
STI-000002787,STB-000033,TXN-00003490,2026-01-13,USD,3892,0,0,3892,SETTLED
STI-000002788,STB-000098,TXN-00003491,2026-02-04,THB,6145,0,0,6145,SETTLED
STI-000002789,STB-000132,TXN-00003492,2026-02-15,USD,16494,6937,0,9557,SETTLED
STI-000002790,STB-000055,TXN-00003494,2026-01-21,SGD,2494,1664,0,830,SETTLED
STI-000002791,STB-000004,TXN-00003496,2026-01-04,SGD,91456,0,0,91456,SETTLED
STI-000002792,STB-000087,TXN-00003497,2026-01-31,USD,5328,0,0,5328,SETTLED
STI-000002793,STB-000147,TXN-00003498,2026-02-20,USD,1622,0,0,1622,SETTLED
STI-000002794,STB-000043,TXN-00003500,2026-01-17,SGD,15458,0,0,15458,SETTLED
STI-000002795,STB-000073,TXN-00003501,2026-01-27,SGD,16266,0,16266,0,SETTLED
STI-000002796,STB-000001,TXN-00003502,2026-01-03,SGD,1239,0,0,1239,SETTLED
STI-000002797,STB-000045,TXN-00003503,2026-01-17,USD,498,0,0,498,SETTLED
STI-000002798,STB-000109,TXN-00003505,2026-02-08,SGD,13296,0,0,13296,SETTLED
STI-000002799,STB-000001,TXN-00003506,2026-01-03,SGD,1887,0,0,1887,SETTLED
STI-000002800,STB-000170,TXN-00003508,2026-02-28,THB,2428,0,0,2428,SETTLED
STI-000002801,STB-000159,TXN-00003509,2026-02-24,USD,2162,610,0,1552,SETTLED
STI-000002802,STB-000138,TXN-00003510,2026-02-17,USD,8883,0,0,8883,SETTLED
STI-000002803,STB-000058,TXN-00003511,2026-01-22,SGD,4694,0,0,4694,SETTLED
STI-000002804,STB-000147,TXN-00003512,2026-02-20,USD,7694,0,0,7694,SETTLED
STI-000002805,STB-000098,TXN-00003513,2026-02-04,THB,1298,0,0,1298,SETTLED
STI-000002806,STB-000083,TXN-00003514,2026-01-30,THB,2670,0,0,2670,SETTLED
STI-000002807,STB-000154,TXN-00003515,2026-02-23,SGD,6973,0,0,6973,SETTLED
STI-000002808,STB-000144,TXN-00003517,2026-02-19,USD,2983,1805,0,1178,SETTLED
STI-000002809,STB-000058,TXN-00003519,2026-01-22,SGD,1502,619,0,883,SETTLED
STI-000002810,STB-000179,TXN-00003520,2026-03-03,THB,7306,0,0,7306,SETTLED
STI-000002811,STB-000068,TXN-00003521,2026-01-25,THB,1974,0,0,1974,SETTLED
STI-000002812,STB-000129,TXN-00003522,2026-02-14,USD,45533,0,0,45533,SETTLED
STI-000002813,STB-000139,TXN-00003523,2026-02-18,SGD,4167,0,0,4167,SETTLED
STI-000002814,STB-000169,TXN-00003525,2026-02-28,SGD,1798,0,0,1798,SETTLED
STI-000002815,STB-000176,TXN-00003526,2026-03-02,THB,3762,0,0,3762,SETTLED
STI-000002816,STB-000163,TXN-00003527,2026-02-26,SGD,1240,0,0,1240,SETTLED
STI-000002817,STB-000027,TXN-00003528,2026-01-11,USD,2028,0,0,2028,SETTLED
STI-000002818,STB-000041,TXN-00003529,2026-01-16,THB,2215,0,0,2215,SETTLED
STI-000002819,STB-000102,TXN-00003530,2026-02-05,USD,2626,0,0,2626,SETTLED
STI-000002820,STB-000138,TXN-00003531,2026-02-17,USD,17086,0,0,17086,SETTLED
STI-000002821,STB-000105,TXN-00003532,2026-02-06,USD,2157,0,0,2157,SETTLED
STI-000002822,STB-000150,TXN-00003533,2026-02-21,USD,8761,0,0,8761,SETTLED
STI-000002823,STB-000156,TXN-00003535,2026-02-23,USD,2666,0,0,2666,SETTLED
STI-000002824,STB-000102,TXN-00003537,2026-02-05,USD,5011,0,0,5011,SETTLED
STI-000002825,STB-000045,TXN-00003538,2026-01-17,USD,1703,0,0,1703,SETTLED
STI-000002826,STB-000151,TXN-00003539,2026-02-22,SGD,708,0,0,708,SETTLED
STI-000002827,STB-000108,TXN-00003540,2026-02-07,USD,27287,0,0,27287,SETTLED
STI-000002828,STB-000076,TXN-00003541,2026-01-28,SGD,6687,0,0,6687,SETTLED
STI-000002829,STB-000160,TXN-00003544,2026-02-25,SGD,7386,0,0,7386,SETTLED
STI-000002830,STB-000007,TXN-00003545,2026-01-05,SGD,4747,0,0,4747,SETTLED
STI-000002831,STB-000027,TXN-00003546,2026-01-11,USD,18102,0,0,18102,SETTLED
STI-000002832,STB-000126,TXN-00003547,2026-02-13,USD,10133,0,0,10133,SETTLED
STI-000002833,STB-000171,TXN-00003548,2026-02-28,USD,6362,2389,0,3973,SETTLED
STI-000002834,STB-000046,TXN-00003549,2026-01-18,SGD,1208,0,0,1208,SETTLED
STI-000002835,STB-000173,TXN-00003550,2026-03-01,THB,4763,0,0,4763,SETTLED
STI-000002836,STB-000128,TXN-00003551,2026-02-14,THB,6672,1114,0,5558,SETTLED
STI-000002837,STB-000082,TXN-00003553,2026-01-30,SGD,1744,0,0,1744,SETTLED
STI-000002838,STB-000092,TXN-00003554,2026-02-02,THB,9141,0,0,9141,SETTLED
STI-000002839,STB-000145,TXN-00003556,2026-02-20,SGD,10107,8351,0,1756,SETTLED
STI-000002840,STB-000083,TXN-00003557,2026-01-30,THB,22725,0,0,22725,SETTLED
STI-000002841,STB-000018,TXN-00003558,2026-01-08,USD,1992,0,0,1992,SETTLED
STI-000002842,STB-000041,TXN-00003559,2026-01-16,THB,7481,0,0,7481,SETTLED
STI-000002843,STB-000079,TXN-00003560,2026-01-29,SGD,19302,0,0,19302,SETTLED
STI-000002844,STB-000095,TXN-00003561,2026-02-03,THB,9267,0,0,9267,SETTLED
STI-000002845,STB-000175,TXN-00003562,2026-03-02,SGD,1870,0,0,1870,SETTLED
STI-000002846,STB-000007,TXN-00003564,2026-01-05,SGD,906,0,0,906,SETTLED
STI-000002847,STB-000050,TXN-00003566,2026-01-19,THB,2444,0,0,2444,SETTLED
STI-000002848,STB-000159,TXN-00003568,2026-02-24,USD,6706,0,0,6706,SETTLED
STI-000002849,STB-000157,TXN-00003569,2026-02-24,SGD,2778,0,0,2778,SETTLED
STI-000002850,STB-000112,TXN-00003571,2026-02-09,SGD,6127,0,0,6127,SETTLED
STI-000002851,STB-000138,TXN-00003572,2026-02-17,USD,1288,869,0,419,SETTLED
STI-000002852,STB-000052,TXN-00003573,2026-01-20,SGD,6208,0,0,6208,SETTLED
STI-000002853,STB-000021,TXN-00003575,2026-01-09,USD,6846,0,0,6846,SETTLED
STI-000002854,STB-000122,TXN-00003576,2026-02-12,THB,2433,0,0,2433,SETTLED
STI-000002855,STB-000174,TXN-00003577,2026-03-01,USD,3985,0,0,3985,SETTLED
STI-000002856,STB-000157,TXN-00003578,2026-02-24,SGD,1431,0,0,1431,SETTLED
STI-000002857,STB-000148,TXN-00003579,2026-02-21,SGD,10390,0,0,10390,SETTLED
STI-000002858,STB-000143,TXN-00003580,2026-02-19,THB,8383,0,0,8383,SETTLED
STI-000002859,STB-000164,TXN-00003581,2026-02-26,THB,3996,2925,0,1071,SETTLED
STI-000002860,STB-000169,TXN-00003582,2026-02-28,SGD,5323,0,0,5323,SETTLED
STI-000002861,STB-000146,TXN-00003583,2026-02-20,THB,3430,0,0,3430,SETTLED
STI-000002862,STB-000051,TXN-00003584,2026-01-19,USD,2888,0,0,2888,SETTLED
STI-000002863,STB-000158,TXN-00003585,2026-02-24,THB,5861,0,0,5861,SETTLED
STI-000002864,STB-000069,TXN-00003586,2026-01-25,USD,7659,0,0,7659,SETTLED
STI-000002865,STB-000130,TXN-00003587,2026-02-15,SGD,6179,0,0,6179,SETTLED
STI-000002866,STB-000066,TXN-00003588,2026-01-24,USD,2521,0,0,2521,SETTLED
STI-000002867,STB-000128,TXN-00003589,2026-02-14,THB,694,0,694,0,SETTLED
STI-000002868,STB-000180,TXN-00003590,2026-03-03,USD,1578,0,0,1578,SETTLED
STI-000002869,STB-000158,TXN-00003591,2026-02-24,THB,6045,0,0,6045,SETTLED
STI-000002870,STB-000083,TXN-00003592,2026-01-30,THB,9560,0,0,9560,SETTLED
STI-000002871,STB-000031,TXN-00003593,2026-01-13,SGD,3009,0,0,3009,SETTLED
STI-000002872,STB-000067,TXN-00003594,2026-01-25,SGD,8539,3809,0,4730,SETTLED
STI-000002873,STB-000133,TXN-00003596,2026-02-16,SGD,5004,0,0,5004,SETTLED
STI-000002874,STB-000038,TXN-00003597,2026-01-15,THB,4784,0,0,4784,SETTLED
STI-000002875,STB-000122,TXN-00003598,2026-02-12,THB,12101,0,0,12101,SETTLED
STI-000002876,STB-000045,TXN-00003600,2026-01-17,USD,9455,0,0,9455,SETTLED
STI-000002877,STB-000003,TXN-00003601,2026-01-03,USD,14219,0,0,14219,SETTLED
STI-000002878,STB-000120,TXN-00003602,2026-02-11,USD,10445,0,0,10445,SETTLED
STI-000002879,STB-000127,TXN-00003603,2026-02-14,SGD,2216,0,0,2216,SETTLED
STI-000002880,STB-000069,TXN-00003604,2026-01-25,USD,10709,0,0,10709,SETTLED
STI-000002881,STB-000135,TXN-00003605,2026-02-16,USD,5899,0,0,5899,SETTLED
STI-000002882,STB-000049,TXN-00003606,2026-01-19,SGD,864,0,0,864,SETTLED
STI-000002883,STB-000015,TXN-00003607,2026-01-07,USD,33642,0,0,33642,SETTLED
STI-000002884,STB-000170,TXN-00003609,2026-02-28,THB,2416,0,0,2416,SETTLED
STI-000002885,STB-000079,TXN-00003610,2026-01-29,SGD,1768,828,0,940,SETTLED
STI-000002886,STB-000036,TXN-00003611,2026-01-14,USD,2762,0,0,2762,SETTLED
STI-000002887,STB-000070,TXN-00003612,2026-01-26,SGD,25525,6437,0,19088,SETTLED
STI-000002888,STB-000010,TXN-00003613,2026-01-06,SGD,2040,0,0,2040,SETTLED
STI-000002889,STB-000076,TXN-00003617,2026-01-28,SGD,19551,0,0,19551,SETTLED
STI-000002890,STB-000137,TXN-00003619,2026-02-17,THB,4242,0,0,4242,SETTLED
STI-000002891,STB-000127,TXN-00003620,2026-02-14,SGD,13088,0,0,13088,SETTLED
STI-000002892,STB-000015,TXN-00003621,2026-01-07,USD,3751,0,0,3751,SETTLED
STI-000002893,STB-000139,TXN-00003623,2026-02-18,SGD,8562,0,0,8562,SETTLED
STI-000002894,STB-000119,TXN-00003624,2026-02-11,THB,17010,0,0,17010,SETTLED
STI-000002895,STB-000033,TXN-00003625,2026-01-13,USD,5529,0,0,5529,SETTLED
STI-000002896,STB-000029,TXN-00003626,2026-01-12,THB,1141,0,1141,0,SETTLED
STI-000002897,STB-000159,TXN-00003628,2026-02-24,USD,8021,0,0,8021,SETTLED
STI-000002898,STB-000010,TXN-00003629,2026-01-06,SGD,3173,0,0,3173,SETTLED
STI-000002899,STB-000031,TXN-00003630,2026-01-13,SGD,17496,0,0,17496,SETTLED
STI-000002900,STB-000159,TXN-00003631,2026-02-24,USD,4477,0,0,4477,SETTLED
STI-000002901,STB-000037,TXN-00003632,2026-01-15,SGD,5424,0,0,5424,SETTLED
STI-000002902,STB-000065,TXN-00003633,2026-01-24,THB,21484,0,0,21484,SETTLED
STI-000002903,STB-000154,TXN-00003634,2026-02-23,SGD,11649,0,0,11649,SETTLED
STI-000002904,STB-000051,TXN-00003635,2026-01-19,USD,2919,0,0,2919,SETTLED
STI-000002905,STB-000038,TXN-00003636,2026-01-15,THB,5276,0,0,5276,SETTLED
STI-000002906,STB-000120,TXN-00003637,2026-02-11,USD,5545,0,0,5545,SETTLED
STI-000002907,STB-000004,TXN-00003639,2026-01-04,SGD,1753,0,0,1753,SETTLED
STI-000002908,STB-000081,TXN-00003640,2026-01-29,USD,2600,0,2600,0,SETTLED
STI-000002909,STB-000133,TXN-00003641,2026-02-16,SGD,3233,0,0,3233,SETTLED
STI-000002910,STB-000067,TXN-00003642,2026-01-25,SGD,541,0,0,541,SETTLED
STI-000002911,STB-000072,TXN-00003644,2026-01-26,USD,1079,713,0,366,SETTLED
STI-000002912,STB-000091,TXN-00003646,2026-02-02,SGD,1718,0,0,1718,SETTLED
STI-000002913,STB-000071,TXN-00003647,2026-01-26,THB,3354,0,0,3354,SETTLED
STI-000002914,STB-000117,TXN-00003649,2026-02-10,USD,29152,0,0,29152,SETTLED
STI-000002915,STB-000038,TXN-00003651,2026-01-15,THB,2899,0,0,2899,SETTLED
STI-000002916,STB-000031,TXN-00003652,2026-01-13,SGD,1947,0,0,1947,SETTLED
STI-000002917,STB-000018,TXN-00003653,2026-01-08,USD,7033,0,0,7033,SETTLED
STI-000002918,STB-000080,TXN-00003654,2026-01-29,THB,5328,0,0,5328,SETTLED
STI-000002919,STB-000175,TXN-00003655,2026-03-02,SGD,1514,0,0,1514,SETTLED
STI-000002920,STB-000071,TXN-00003656,2026-01-26,THB,15842,0,0,15842,SETTLED
STI-000002921,STB-000084,TXN-00003658,2026-01-30,USD,3172,0,0,3172,SETTLED
STI-000002922,STB-000178,TXN-00003659,2026-03-03,SGD,21208,0,0,21208,SETTLED
STI-000002923,STB-000123,TXN-00003660,2026-02-12,USD,14895,0,0,14895,SETTLED
STI-000002924,STB-000001,TXN-00003661,2026-01-03,SGD,3581,0,0,3581,SETTLED
STI-000002925,STB-000078,TXN-00003663,2026-01-28,USD,5005,1249,0,3756,SETTLED
STI-000002926,STB-000048,TXN-00003664,2026-01-18,USD,12534,0,0,12534,SETTLED
STI-000002927,STB-000154,TXN-00003665,2026-02-23,SGD,43072,0,0,43072,SETTLED
STI-000002928,STB-000066,TXN-00003667,2026-01-24,USD,12850,0,0,12850,SETTLED
STI-000002929,STB-000059,TXN-00003668,2026-01-22,THB,10005,0,0,10005,SETTLED
STI-000002930,STB-000014,TXN-00003669,2026-01-07,THB,8630,0,0,8630,SETTLED
STI-000002931,STB-000103,TXN-00003670,2026-02-06,SGD,12123,0,0,12123,SETTLED
STI-000002932,STB-000178,TXN-00003672,2026-03-03,SGD,5813,0,0,5813,SETTLED
STI-000002933,STB-000005,TXN-00003673,2026-01-04,THB,8938,0,0,8938,SETTLED
STI-000002934,STB-000023,TXN-00003674,2026-01-10,THB,4684,3713,0,971,SETTLED
STI-000002935,STB-000110,TXN-00003675,2026-02-08,THB,11062,0,0,11062,SETTLED
STI-000002936,STB-000179,TXN-00003676,2026-03-03,THB,2430,0,0,2430,SETTLED
STI-000002937,STB-000156,TXN-00003678,2026-02-23,USD,16747,0,0,16747,SETTLED
STI-000002938,STB-000110,TXN-00003679,2026-02-08,THB,10097,0,0,10097,SETTLED
STI-000002939,STB-000008,TXN-00003680,2026-01-05,THB,1069,0,0,1069,SETTLED
STI-000002940,STB-000010,TXN-00003683,2026-01-06,SGD,4907,0,0,4907,SETTLED
STI-000002941,STB-000152,TXN-00003684,2026-02-22,THB,5602,0,0,5602,SETTLED
STI-000002942,STB-000087,TXN-00003685,2026-01-31,USD,14018,0,0,14018,SETTLED
STI-000002943,STB-000106,TXN-00003686,2026-02-07,SGD,5101,0,0,5101,SETTLED
STI-000002944,STB-000124,TXN-00003687,2026-02-13,SGD,2779,0,0,2779,SETTLED
STI-000002945,STB-000096,TXN-00003688,2026-02-03,USD,5080,0,0,5080,SETTLED
STI-000002946,STB-000004,TXN-00003689,2026-01-04,SGD,1548,0,0,1548,SETTLED
STI-000002947,STB-000089,TXN-00003690,2026-02-01,THB,2406,0,0,2406,SETTLED
STI-000002948,STB-000143,TXN-00003691,2026-02-19,THB,6178,0,0,6178,SETTLED
STI-000002949,STB-000018,TXN-00003692,2026-01-08,USD,8967,0,0,8967,SETTLED
STI-000002950,STB-000172,TXN-00003693,2026-03-01,SGD,16079,0,0,16079,SETTLED
STI-000002951,STB-000069,TXN-00003695,2026-01-25,USD,9497,0,0,9497,SETTLED
STI-000002952,STB-000005,TXN-00003697,2026-01-04,THB,6782,0,0,6782,SETTLED
STI-000002953,STB-000084,TXN-00003698,2026-01-30,USD,3755,0,0,3755,SETTLED
STI-000002954,STB-000162,TXN-00003699,2026-02-25,USD,9836,0,0,9836,SETTLED
STI-000002955,STB-000080,TXN-00003701,2026-01-29,THB,23324,0,0,23324,SETTLED
STI-000002956,STB-000170,TXN-00003702,2026-02-28,THB,9356,0,0,9356,SETTLED
STI-000002957,STB-000127,TXN-00003704,2026-02-14,SGD,3649,0,0,3649,SETTLED
STI-000002958,STB-000064,TXN-00003705,2026-01-24,SGD,3619,0,0,3619,SETTLED
STI-000002959,STB-000062,TXN-00003706,2026-01-23,THB,2080,0,0,2080,SETTLED
STI-000002960,STB-000153,TXN-00003707,2026-02-22,USD,38679,0,0,38679,SETTLED
STI-000002961,STB-000011,TXN-00003708,2026-01-06,THB,2615,0,0,2615,SETTLED
STI-000002962,STB-000014,TXN-00003709,2026-01-07,THB,6587,0,0,6587,SETTLED
STI-000002963,STB-000046,TXN-00003710,2026-01-18,SGD,9641,9068,0,573,SETTLED
STI-000002964,STB-000091,TXN-00003711,2026-02-02,SGD,21356,0,0,21356,SETTLED
STI-000002965,STB-000172,TXN-00003712,2026-03-01,SGD,8481,0,0,8481,SETTLED
STI-000002966,STB-000136,TXN-00003713,2026-02-17,SGD,3172,0,0,3172,SETTLED
STI-000002967,STB-000093,TXN-00003714,2026-02-02,USD,9328,0,0,9328,SETTLED
STI-000002968,STB-000063,TXN-00003715,2026-01-23,USD,3224,0,0,3224,SETTLED
STI-000002969,STB-000053,TXN-00003716,2026-01-20,THB,2005,0,0,2005,SETTLED
STI-000002970,STB-000110,TXN-00003718,2026-02-08,THB,1593,0,0,1593,SETTLED
STI-000002971,STB-000103,TXN-00003719,2026-02-06,SGD,3116,0,0,3116,SETTLED
STI-000002972,STB-000157,TXN-00003720,2026-02-24,SGD,3848,0,0,3848,SETTLED
STI-000002973,STB-000011,TXN-00003723,2026-01-06,THB,5087,0,0,5087,SETTLED
STI-000002974,STB-000149,TXN-00003724,2026-02-21,THB,6049,0,0,6049,SETTLED
STI-000002975,STB-000006,TXN-00003725,2026-01-04,USD,9324,0,0,9324,SETTLED
STI-000002976,STB-000137,TXN-00003726,2026-02-17,THB,723,0,0,723,SETTLED
STI-000002977,STB-000023,TXN-00003727,2026-01-10,THB,3253,0,0,3253,SETTLED
STI-000002978,STB-000057,TXN-00003728,2026-01-21,USD,2122,0,0,2122,SETTLED
STI-000002979,STB-000161,TXN-00003729,2026-02-25,THB,2732,0,0,2732,SETTLED
STI-000002980,STB-000060,TXN-00003730,2026-01-22,USD,28736,0,0,28736,SETTLED
STI-000002981,STB-000036,TXN-00003732,2026-01-14,USD,5059,0,0,5059,SETTLED
STI-000002982,STB-000128,TXN-00003733,2026-02-14,THB,6051,0,0,6051,SETTLED
STI-000002983,STB-000155,TXN-00003734,2026-02-23,THB,1914,0,0,1914,SETTLED
STI-000002984,STB-000068,TXN-00003735,2026-01-25,THB,52772,0,0,52772,SETTLED
STI-000002985,STB-000042,TXN-00003736,2026-01-16,USD,27161,0,0,27161,SETTLED
STI-000002986,STB-000085,TXN-00003737,2026-01-31,SGD,4689,0,0,4689,SETTLED
STI-000002987,STB-000039,TXN-00003739,2026-01-15,USD,13245,0,0,13245,SETTLED
STI-000002988,STB-000063,TXN-00003740,2026-01-23,USD,1933,0,0,1933,SETTLED
STI-000002989,STB-000127,TXN-00003741,2026-02-14,SGD,1451,0,0,1451,SETTLED
STI-000002990,STB-000136,TXN-00003742,2026-02-17,SGD,739,0,0,739,SETTLED
STI-000002991,STB-000022,TXN-00003743,2026-01-10,SGD,26596,0,0,26596,SETTLED
STI-000002992,STB-000134,TXN-00003745,2026-02-16,THB,5755,5224,0,531,SETTLED
STI-000002993,STB-000156,TXN-00003746,2026-02-23,USD,24875,0,0,24875,SETTLED
STI-000002994,STB-000133,TXN-00003747,2026-02-16,SGD,11431,0,0,11431,SETTLED
STI-000002995,STB-000060,TXN-00003748,2026-01-22,USD,24291,0,0,24291,SETTLED
STI-000002996,STB-000088,TXN-00003749,2026-02-01,SGD,5437,0,0,5437,SETTLED
STI-000002997,STB-000140,TXN-00003750,2026-02-18,THB,18284,0,0,18284,SETTLED
STI-000002998,STB-000009,TXN-00003752,2026-01-05,USD,3799,0,0,3799,SETTLED
STI-000002999,STB-000078,TXN-00003753,2026-01-28,USD,6043,0,0,6043,SETTLED
STI-000003000,STB-000032,TXN-00003755,2026-01-13,THB,2796,0,0,2796,SETTLED
STI-000003001,STB-000080,TXN-00003756,2026-01-29,THB,11017,0,0,11017,SETTLED
STI-000003002,STB-000032,TXN-00003757,2026-01-13,THB,4293,0,0,4293,SETTLED
STI-000003003,STB-000145,TXN-00003758,2026-02-20,SGD,11426,0,0,11426,SETTLED
STI-000003004,STB-000108,TXN-00003759,2026-02-07,USD,6989,0,0,6989,SETTLED
STI-000003005,STB-000044,TXN-00003761,2026-01-17,THB,8300,0,0,8300,SETTLED
STI-000003006,STB-000038,TXN-00003762,2026-01-15,THB,5433,0,0,5433,SETTLED
STI-000003007,STB-000045,TXN-00003763,2026-01-17,USD,2931,0,0,2931,SETTLED
STI-000003008,STB-000137,TXN-00003764,2026-02-17,THB,1692,0,0,1692,SETTLED
STI-000003009,STB-000019,TXN-00003765,2026-01-09,SGD,2495,0,0,2495,SETTLED
STI-000003010,STB-000161,TXN-00003766,2026-02-25,THB,12355,0,0,12355,SETTLED
STI-000003011,STB-000070,TXN-00003768,2026-01-26,SGD,2548,0,0,2548,SETTLED
STI-000003012,STB-000060,TXN-00003770,2026-01-22,USD,6369,2218,0,4151,SETTLED
STI-000003013,STB-000171,TXN-00003771,2026-02-28,USD,1146,0,0,1146,SETTLED
STI-000003014,STB-000113,TXN-00003772,2026-02-09,THB,3647,0,0,3647,SETTLED
STI-000003015,STB-000101,TXN-00003773,2026-02-05,THB,7325,0,0,7325,SETTLED
STI-000003016,STB-000076,TXN-00003774,2026-01-28,SGD,7815,0,0,7815,SETTLED
STI-000003017,STB-000018,TXN-00003775,2026-01-08,USD,1827,0,0,1827,SETTLED
STI-000003018,STB-000043,TXN-00003776,2026-01-17,SGD,5970,4279,0,1691,SETTLED
STI-000003019,STB-000120,TXN-00003777,2026-02-11,USD,4927,0,0,4927,SETTLED
STI-000003020,STB-000151,TXN-00003779,2026-02-22,SGD,17586,0,0,17586,SETTLED
STI-000003021,STB-000092,TXN-00003780,2026-02-02,THB,6373,0,0,6373,SETTLED
STI-000003022,STB-000138,TXN-00003781,2026-02-17,USD,7694,0,0,7694,SETTLED
STI-000003023,STB-000031,TXN-00003782,2026-01-13,SGD,12767,0,0,12767,SETTLED
STI-000003024,STB-000116,TXN-00003783,2026-02-10,THB,5672,0,0,5672,SETTLED
STI-000003025,STB-000006,TXN-00003784,2026-01-04,USD,10441,0,0,10441,SETTLED
STI-000003026,STB-000120,TXN-00003785,2026-02-11,USD,10828,0,0,10828,SETTLED
STI-000003027,STB-000063,TXN-00003786,2026-01-23,USD,4182,0,0,4182,SETTLED
STI-000003028,STB-000071,TXN-00003789,2026-01-26,THB,2076,0,0,2076,SETTLED
STI-000003029,STB-000085,TXN-00003792,2026-01-31,SGD,3268,0,0,3268,SETTLED
STI-000003030,STB-000022,TXN-00003793,2026-01-10,SGD,4930,0,0,4930,SETTLED
STI-000003031,STB-000116,TXN-00003794,2026-02-10,THB,3011,0,0,3011,SETTLED
STI-000003032,STB-000071,TXN-00003795,2026-01-26,THB,10391,0,0,10391,SETTLED
STI-000003033,STB-000156,TXN-00003796,2026-02-23,USD,2368,0,0,2368,SETTLED
STI-000003034,STB-000069,TXN-00003797,2026-01-25,USD,3111,0,0,3111,SETTLED
STI-000003035,STB-000150,TXN-00003798,2026-02-21,USD,789,0,0,789,SETTLED
STI-000003036,STB-000057,TXN-00003799,2026-01-21,USD,5704,0,0,5704,SETTLED
STI-000003037,STB-000033,TXN-00003800,2026-01-13,USD,5397,0,0,5397,SETTLED
STI-000003038,STB-000041,TXN-00003801,2026-01-16,THB,2093,0,0,2093,SETTLED
STI-000003039,STB-000167,TXN-00003804,2026-02-27,THB,1405,0,0,1405,SETTLED
STI-000003040,STB-000027,TXN-00003806,2026-01-11,USD,976,0,0,976,SETTLED
STI-000003041,STB-000141,TXN-00003808,2026-02-18,USD,2454,0,0,2454,SETTLED
STI-000003042,STB-000171,TXN-00003809,2026-02-28,USD,5337,0,0,5337,SETTLED
STI-000003043,STB-000046,TXN-00003810,2026-01-18,SGD,2807,0,0,2807,SETTLED
STI-000003044,STB-000095,TXN-00003812,2026-02-03,THB,1673,767,0,906,SETTLED
STI-000003045,STB-000045,TXN-00003813,2026-01-17,USD,38662,0,0,38662,SETTLED
STI-000003046,STB-000133,TXN-00003814,2026-02-16,SGD,4917,0,0,4917,SETTLED
STI-000003047,STB-000146,TXN-00003815,2026-02-20,THB,11029,0,0,11029,SETTLED
STI-000003048,STB-000081,TXN-00003816,2026-01-29,USD,2470,0,0,2470,SETTLED
STI-000003049,STB-000140,TXN-00003817,2026-02-18,THB,1538,0,0,1538,SETTLED
STI-000003050,STB-000175,TXN-00003818,2026-03-02,SGD,1824,0,0,1824,SETTLED
STI-000003051,STB-000127,TXN-00003819,2026-02-14,SGD,9697,0,0,9697,SETTLED
STI-000003052,STB-000171,TXN-00003820,2026-02-28,USD,3530,0,0,3530,SETTLED
STI-000003053,STB-000026,TXN-00003821,2026-01-11,THB,1055,0,0,1055,SETTLED
STI-000003054,STB-000099,TXN-00003823,2026-02-04,USD,7366,0,0,7366,SETTLED
STI-000003055,STB-000109,TXN-00003824,2026-02-08,SGD,1652,889,0,763,SETTLED
STI-000003056,STB-000052,TXN-00003825,2026-01-20,SGD,7604,0,0,7604,SETTLED
STI-000003057,STB-000085,TXN-00003826,2026-01-31,SGD,4089,0,0,4089,SETTLED
STI-000003058,STB-000143,TXN-00003828,2026-02-19,THB,8187,0,0,8187,SETTLED
STI-000003059,STB-000096,TXN-00003829,2026-02-03,USD,2090,474,0,1616,SETTLED
STI-000003060,STB-000011,TXN-00003830,2026-01-06,THB,15100,0,0,15100,SETTLED
STI-000003061,STB-000100,TXN-00003833,2026-02-05,SGD,6587,0,0,6587,SETTLED
STI-000003062,STB-000064,TXN-00003834,2026-01-24,SGD,1199,248,0,951,SETTLED
STI-000003063,STB-000173,TXN-00003835,2026-03-01,THB,4424,0,0,4424,SETTLED
STI-000003064,STB-000047,TXN-00003836,2026-01-18,THB,20636,0,0,20636,SETTLED
STI-000003065,STB-000072,TXN-00003837,2026-01-26,USD,2447,0,0,2447,SETTLED
STI-000003066,STB-000067,TXN-00003838,2026-01-25,SGD,2820,0,0,2820,SETTLED
STI-000003067,STB-000103,TXN-00003839,2026-02-06,SGD,11744,0,11744,0,SETTLED
STI-000003068,STB-000012,TXN-00003840,2026-01-06,USD,1807,0,0,1807,SETTLED
STI-000003069,STB-000075,TXN-00003841,2026-01-27,USD,1591,1140,0,451,SETTLED
STI-000003070,STB-000176,TXN-00003842,2026-03-02,THB,2165,0,0,2165,SETTLED
STI-000003071,STB-000120,TXN-00003843,2026-02-11,USD,4309,0,0,4309,SETTLED
STI-000003072,STB-000020,TXN-00003844,2026-01-09,THB,1448,0,0,1448,SETTLED
STI-000003073,STB-000160,TXN-00003845,2026-02-25,SGD,736,0,0,736,SETTLED
STI-000003074,STB-000039,TXN-00003846,2026-01-15,USD,2316,0,0,2316,SETTLED
STI-000003075,STB-000133,TXN-00003847,2026-02-16,SGD,6307,5664,0,643,SETTLED
STI-000003076,STB-000076,TXN-00003848,2026-01-28,SGD,19766,0,19766,0,SETTLED
STI-000003077,STB-000032,TXN-00003849,2026-01-13,THB,26623,0,0,26623,SETTLED
STI-000003078,STB-000079,TXN-00003851,2026-01-29,SGD,624,0,624,0,SETTLED
STI-000003079,STB-000116,TXN-00003853,2026-02-10,THB,3510,0,0,3510,SETTLED
STI-000003080,STB-000013,TXN-00003854,2026-01-07,SGD,6482,0,6482,0,SETTLED
STI-000003081,STB-000163,TXN-00003855,2026-02-26,SGD,920,557,0,363,SETTLED
STI-000003082,STB-000063,TXN-00003856,2026-01-23,USD,3383,0,0,3383,SETTLED
STI-000003083,STB-000027,TXN-00003857,2026-01-11,USD,8980,0,0,8980,SETTLED
STI-000003084,STB-000153,TXN-00003859,2026-02-22,USD,8931,8073,0,858,SETTLED
STI-000003085,STB-000002,TXN-00003860,2026-01-03,THB,2402,0,0,2402,SETTLED
STI-000003086,STB-000139,TXN-00003861,2026-02-18,SGD,14733,0,0,14733,SETTLED
STI-000003087,STB-000025,TXN-00003862,2026-01-11,SGD,12645,0,0,12645,SETTLED
STI-000003088,STB-000047,TXN-00003863,2026-01-18,THB,1306,0,0,1306,SETTLED
STI-000003089,STB-000075,TXN-00003865,2026-01-27,USD,5365,0,0,5365,SETTLED
STI-000003090,STB-000174,TXN-00003866,2026-03-01,USD,1407,0,0,1407,SETTLED
STI-000003091,STB-000071,TXN-00003867,2026-01-26,THB,3808,0,0,3808,SETTLED
STI-000003092,STB-000131,TXN-00003868,2026-02-15,THB,2866,0,0,2866,SETTLED
STI-000003093,STB-000035,TXN-00003869,2026-01-14,THB,4802,0,0,4802,SETTLED
STI-000003094,STB-000112,TXN-00003871,2026-02-09,SGD,5588,0,0,5588,SETTLED
STI-000003095,STB-000043,TXN-00003872,2026-01-17,SGD,7849,0,0,7849,SETTLED
STI-000003096,STB-000178,TXN-00003873,2026-03-03,SGD,32067,0,0,32067,SETTLED
STI-000003097,STB-000157,TXN-00003874,2026-02-24,SGD,10035,0,0,10035,SETTLED
STI-000003098,STB-000083,TXN-00003875,2026-01-30,THB,9277,0,0,9277,SETTLED
STI-000003099,STB-000099,TXN-00003876,2026-02-04,USD,2867,0,0,2867,SETTLED
STI-000003100,STB-000084,TXN-00003877,2026-01-30,USD,676,0,0,676,SETTLED
STI-000003101,STB-000082,TXN-00003878,2026-01-30,SGD,3702,0,0,3702,SETTLED
STI-000003102,STB-000161,TXN-00003879,2026-02-25,THB,1864,0,0,1864,SETTLED
STI-000003103,STB-000051,TXN-00003880,2026-01-19,USD,7455,0,0,7455,SETTLED
STI-000003104,STB-000169,TXN-00003882,2026-02-28,SGD,3745,0,0,3745,SETTLED
STI-000003105,STB-000091,TXN-00003884,2026-02-02,SGD,2606,2350,0,256,SETTLED
STI-000003106,STB-000099,TXN-00003885,2026-02-04,USD,3413,0,0,3413,SETTLED
STI-000003107,STB-000022,TXN-00003886,2026-01-10,SGD,4035,0,0,4035,SETTLED
STI-000003108,STB-000033,TXN-00003887,2026-01-13,USD,1892,0,0,1892,SETTLED
STI-000003109,STB-000005,TXN-00003888,2026-01-04,THB,7114,0,0,7114,SETTLED
STI-000003110,STB-000116,TXN-00003889,2026-02-10,THB,6864,0,0,6864,SETTLED
STI-000003111,STB-000179,TXN-00003890,2026-03-03,THB,3069,0,0,3069,SETTLED
STI-000003112,STB-000020,TXN-00003891,2026-01-09,THB,27678,0,0,27678,SETTLED
STI-000003113,STB-000039,TXN-00003892,2026-01-15,USD,4582,0,0,4582,SETTLED
STI-000003114,STB-000116,TXN-00003894,2026-02-10,THB,4158,2630,0,1528,SETTLED
STI-000003115,STB-000160,TXN-00003896,2026-02-25,SGD,15094,0,0,15094,SETTLED
STI-000003116,STB-000175,TXN-00003897,2026-03-02,SGD,2572,0,0,2572,SETTLED
STI-000003117,STB-000023,TXN-00003898,2026-01-10,THB,3188,0,0,3188,SETTLED
STI-000003118,STB-000123,TXN-00003899,2026-02-12,USD,11877,0,0,11877,SETTLED
STI-000003119,STB-000109,TXN-00003900,2026-02-08,SGD,14495,0,0,14495,SETTLED
STI-000003120,STB-000165,TXN-00003901,2026-02-26,USD,6426,0,0,6426,SETTLED
STI-000003121,STB-000074,TXN-00003902,2026-01-27,THB,5273,0,0,5273,SETTLED
STI-000003122,STB-000062,TXN-00003903,2026-01-23,THB,4053,0,0,4053,SETTLED
STI-000003123,STB-000113,TXN-00003904,2026-02-09,THB,1664,0,0,1664,SETTLED
STI-000003124,STB-000123,TXN-00003906,2026-02-12,USD,4139,0,0,4139,SETTLED
STI-000003125,STB-000168,TXN-00003907,2026-02-27,USD,11470,0,0,11470,SETTLED
STI-000003126,STB-000180,TXN-00003908,2026-03-03,USD,870,0,0,870,SETTLED
STI-000003127,STB-000116,TXN-00003909,2026-02-10,THB,2867,0,0,2867,SETTLED
STI-000003128,STB-000010,TXN-00003910,2026-01-06,SGD,29256,0,0,29256,SETTLED
STI-000003129,STB-000174,TXN-00003912,2026-03-01,USD,2871,2023,0,848,SETTLED
STI-000003130,STB-000024,TXN-00003914,2026-01-10,USD,22640,0,0,22640,SETTLED
STI-000003131,STB-000039,TXN-00003915,2026-01-15,USD,2947,0,0,2947,SETTLED
STI-000003132,STB-000082,TXN-00003916,2026-01-30,SGD,4194,0,0,4194,SETTLED
STI-000003133,STB-000133,TXN-00003917,2026-02-16,SGD,8678,0,0,8678,SETTLED
STI-000003134,STB-000083,TXN-00003918,2026-01-30,THB,4105,748,0,3357,SETTLED
STI-000003135,STB-000019,TXN-00003919,2026-01-09,SGD,616,0,0,616,SETTLED
STI-000003136,STB-000016,TXN-00003920,2026-01-08,SGD,8334,0,0,8334,SETTLED
STI-000003137,STB-000110,TXN-00003921,2026-02-08,THB,2474,0,0,2474,SETTLED
STI-000003138,STB-000175,TXN-00003922,2026-03-02,SGD,6175,0,0,6175,SETTLED
STI-000003139,STB-000044,TXN-00003923,2026-01-17,THB,9508,0,0,9508,SETTLED
STI-000003140,STB-000116,TXN-00003924,2026-02-10,THB,2489,0,0,2489,SETTLED
STI-000003141,STB-000056,TXN-00003925,2026-01-21,THB,567,0,0,567,SETTLED
STI-000003142,STB-000145,TXN-00003926,2026-02-20,SGD,31465,0,0,31465,SETTLED
STI-000003143,STB-000090,TXN-00003927,2026-02-01,USD,1216,0,0,1216,SETTLED
STI-000003144,STB-000119,TXN-00003928,2026-02-11,THB,19900,0,0,19900,SETTLED
STI-000003145,STB-000103,TXN-00003929,2026-02-06,SGD,874,0,0,874,SETTLED
STI-000003146,STB-000007,TXN-00003930,2026-01-05,SGD,41468,17886,0,23582,SETTLED
STI-000003147,STB-000058,TXN-00003931,2026-01-22,SGD,2028,2000,0,28,SETTLED
STI-000003148,STB-000012,TXN-00003932,2026-01-06,USD,1647,0,0,1647,SETTLED
STI-000003149,STB-000170,TXN-00003933,2026-02-28,THB,3239,0,0,3239,SETTLED
STI-000003150,STB-000017,TXN-00003934,2026-01-08,THB,7505,0,0,7505,SETTLED
STI-000003151,STB-000089,TXN-00003935,2026-02-01,THB,2218,0,0,2218,SETTLED
STI-000003152,STB-000054,TXN-00003937,2026-01-20,USD,10984,0,0,10984,SETTLED
STI-000003153,STB-000102,TXN-00003938,2026-02-05,USD,16660,0,0,16660,SETTLED
STI-000003154,STB-000001,TXN-00003939,2026-01-03,SGD,932,0,0,932,SETTLED
STI-000003155,STB-000035,TXN-00003941,2026-01-14,THB,2411,0,0,2411,SETTLED
STI-000003156,STB-000064,TXN-00003942,2026-01-24,SGD,7239,0,0,7239,SETTLED
STI-000003157,STB-000096,TXN-00003943,2026-02-03,USD,4301,0,0,4301,SETTLED
STI-000003158,STB-000042,TXN-00003944,2026-01-16,USD,1778,0,0,1778,SETTLED
STI-000003159,STB-000180,TXN-00003946,2026-03-03,USD,2811,450,0,2361,SETTLED
STI-000003160,STB-000010,TXN-00003947,2026-01-06,SGD,1152,0,0,1152,SETTLED
STI-000003161,STB-000170,TXN-00003948,2026-02-28,THB,8752,0,0,8752,SETTLED
STI-000003162,STB-000150,TXN-00003949,2026-02-21,USD,7725,0,0,7725,SETTLED
STI-000003163,STB-000129,TXN-00003950,2026-02-14,USD,31686,0,0,31686,SETTLED
STI-000003164,STB-000141,TXN-00003952,2026-02-18,USD,8600,0,0,8600,SETTLED
STI-000003165,STB-000040,TXN-00003953,2026-01-16,SGD,14532,0,0,14532,SETTLED
STI-000003166,STB-000117,TXN-00003955,2026-02-10,USD,1910,0,0,1910,SETTLED
STI-000003167,STB-000047,TXN-00003956,2026-01-18,THB,6059,0,0,6059,SETTLED
STI-000003168,STB-000035,TXN-00003959,2026-01-14,THB,2029,2024,0,5,SETTLED
STI-000003169,STB-000037,TXN-00003960,2026-01-15,SGD,1780,0,0,1780,SETTLED
STI-000003170,STB-000012,TXN-00003961,2026-01-06,USD,2017,1265,0,752,SETTLED
STI-000003171,STB-000056,TXN-00003962,2026-01-21,THB,951,0,0,951,SETTLED
STI-000003172,STB-000138,TXN-00003963,2026-02-17,USD,4812,0,0,4812,SETTLED
STI-000003173,STB-000072,TXN-00003964,2026-01-26,USD,950,706,0,244,SETTLED
STI-000003174,STB-000149,TXN-00003965,2026-02-21,THB,2639,0,0,2639,SETTLED
STI-000003175,STB-000146,TXN-00003966,2026-02-20,THB,3518,0,0,3518,SETTLED
STI-000003176,STB-000098,TXN-00003968,2026-02-04,THB,932,0,0,932,SETTLED
STI-000003177,STB-000029,TXN-00003969,2026-01-12,THB,6374,0,0,6374,SETTLED
STI-000003178,STB-000084,TXN-00003970,2026-01-30,USD,10971,10392,0,579,SETTLED
STI-000003179,STB-000147,TXN-00003971,2026-02-20,USD,929,0,0,929,SETTLED
STI-000003180,STB-000035,TXN-00003975,2026-01-14,THB,4524,0,0,4524,SETTLED
STI-000003181,STB-000079,TXN-00003976,2026-01-29,SGD,1933,681,0,1252,SETTLED
STI-000003182,STB-000095,TXN-00003978,2026-02-03,THB,7010,0,7010,0,SETTLED
STI-000003183,STB-000162,TXN-00003979,2026-02-25,USD,2558,0,0,2558,SETTLED
STI-000003184,STB-000128,TXN-00003980,2026-02-14,THB,2233,0,0,2233,SETTLED
STI-000003185,STB-000019,TXN-00003981,2026-01-09,SGD,4840,0,0,4840,SETTLED
STI-000003186,STB-000101,TXN-00003982,2026-02-05,THB,1597,0,0,1597,SETTLED
STI-000003187,STB-000140,TXN-00003983,2026-02-18,THB,4351,2578,0,1773,SETTLED
STI-000003188,STB-000132,TXN-00003984,2026-02-15,USD,2576,0,0,2576,SETTLED
STI-000003189,STB-000030,TXN-00003985,2026-01-12,USD,3567,1383,0,2184,SETTLED
STI-000003190,STB-000072,TXN-00003986,2026-01-26,USD,3807,0,0,3807,SETTLED
STI-000003191,STB-000144,TXN-00003987,2026-02-19,USD,9146,0,0,9146,SETTLED
STI-000003192,STB-000128,TXN-00003988,2026-02-14,THB,45040,0,0,45040,SETTLED
STI-000003193,STB-000112,TXN-00003990,2026-02-09,SGD,7026,0,0,7026,SETTLED
STI-000003194,STB-000040,TXN-00003991,2026-01-16,SGD,6551,0,0,6551,SETTLED
STI-000003195,STB-000154,TXN-00003992,2026-02-23,SGD,947,0,0,947,SETTLED
STI-000003196,STB-000148,TXN-00003993,2026-02-21,SGD,25110,0,0,25110,SETTLED
STI-000003197,STB-000090,TXN-00003994,2026-02-01,USD,4833,0,0,4833,SETTLED
STI-000003198,STB-000136,TXN-00003995,2026-02-17,SGD,6093,0,0,6093,SETTLED
STI-000003199,STB-000136,TXN-00003998,2026-02-17,SGD,4241,3650,0,591,SETTLED
STI-000003200,STB-000069,TXN-00003999,2026-01-25,USD,9084,0,0,9084,SETTLED
STI-000003201,STB-000014,TXN-00004000,2026-01-07,THB,1284,0,0,1284,SETTLED
STI-000003202,STB-000129,TXN-00004001,2026-02-14,USD,3942,0,0,3942,SETTLED
STI-000003203,STB-000046,TXN-00004002,2026-01-18,SGD,13310,0,0,13310,SETTLED
STI-000003204,STB-000052,TXN-00004003,2026-01-20,SGD,12445,0,0,12445,SETTLED
STI-000003205,STB-000118,TXN-00004004,2026-02-11,SGD,18757,0,0,18757,SETTLED
STI-000003206,STB-000108,TXN-00004005,2026-02-07,USD,3627,0,0,3627,SETTLED
STI-000003207,STB-000014,TXN-00004006,2026-01-07,THB,14831,0,0,14831,SETTLED
STI-000003208,STB-000043,TXN-00004007,2026-01-17,SGD,1445,0,0,1445,SETTLED
STI-000003209,STB-000131,TXN-00004009,2026-02-15,THB,1912,0,0,1912,SETTLED
STI-000003210,STB-000168,TXN-00004012,2026-02-27,USD,9863,0,0,9863,SETTLED
STI-000003211,STB-000102,TXN-00004013,2026-02-05,USD,30366,0,0,30366,SETTLED
STI-000003212,STB-000019,TXN-00004014,2026-01-09,SGD,9908,0,0,9908,SETTLED
STI-000003213,STB-000166,TXN-00004015,2026-02-27,SGD,2955,0,0,2955,SETTLED
STI-000003214,STB-000175,TXN-00004016,2026-03-02,SGD,17213,0,0,17213,SETTLED
STI-000003215,STB-000148,TXN-00004017,2026-02-21,SGD,1908,0,0,1908,SETTLED
STI-000003216,STB-000108,TXN-00004018,2026-02-07,USD,3019,0,0,3019,SETTLED
STI-000003217,STB-000104,TXN-00004020,2026-02-06,THB,1281,0,0,1281,SETTLED
STI-000003218,STB-000176,TXN-00004021,2026-03-02,THB,1532,0,0,1532,SETTLED
STI-000003219,STB-000038,TXN-00004022,2026-01-15,THB,3084,0,0,3084,SETTLED
STI-000003220,STB-000175,TXN-00004024,2026-03-02,SGD,6711,0,0,6711,SETTLED
STI-000003221,STB-000145,TXN-00004025,2026-02-20,SGD,5745,0,0,5745,SETTLED
STI-000003222,STB-000107,TXN-00004026,2026-02-07,THB,12848,0,0,12848,SETTLED
STI-000003223,STB-000128,TXN-00004028,2026-02-14,THB,4115,0,0,4115,SETTLED
STI-000003224,STB-000007,TXN-00004034,2026-01-05,SGD,27208,0,0,27208,SETTLED
STI-000003225,STB-000038,TXN-00004035,2026-01-15,THB,10929,0,0,10929,SETTLED
STI-000003226,STB-000134,TXN-00004036,2026-02-16,THB,3077,0,0,3077,SETTLED
STI-000003227,STB-000073,TXN-00004037,2026-01-27,SGD,10992,0,0,10992,SETTLED
STI-000003228,STB-000003,TXN-00004038,2026-01-03,USD,4166,0,0,4166,SETTLED
STI-000003229,STB-000079,TXN-00004040,2026-01-29,SGD,38874,0,0,38874,SETTLED
STI-000003230,STB-000177,TXN-00004041,2026-03-02,USD,4729,0,0,4729,SETTLED
STI-000003231,STB-000032,TXN-00004042,2026-01-13,THB,2584,0,0,2584,SETTLED
STI-000003232,STB-000100,TXN-00004043,2026-02-05,SGD,2130,323,0,1807,SETTLED
STI-000003233,STB-000076,TXN-00004045,2026-01-28,SGD,15147,0,0,15147,SETTLED
STI-000003234,STB-000098,TXN-00004046,2026-02-04,THB,12435,0,0,12435,SETTLED
STI-000003235,STB-000170,TXN-00004048,2026-02-28,THB,9162,8980,0,182,SETTLED
STI-000003236,STB-000084,TXN-00004049,2026-01-30,USD,1572,0,0,1572,SETTLED
STI-000003237,STB-000101,TXN-00004051,2026-02-05,THB,27999,0,0,27999,SETTLED
STI-000003238,STB-000083,TXN-00004052,2026-01-30,THB,868,0,0,868,SETTLED
STI-000003239,STB-000095,TXN-00004053,2026-02-03,THB,10847,0,0,10847,SETTLED
STI-000003240,STB-000024,TXN-00004054,2026-01-10,USD,2171,0,0,2171,SETTLED
STI-000003241,STB-000148,TXN-00004056,2026-02-21,SGD,7020,0,0,7020,SETTLED
STI-000003242,STB-000011,TXN-00004057,2026-01-06,THB,3668,0,0,3668,SETTLED
STI-000003243,STB-000088,TXN-00004058,2026-02-01,SGD,3299,0,0,3299,SETTLED
STI-000003244,STB-000155,TXN-00004060,2026-02-23,THB,5047,0,0,5047,SETTLED
STI-000003245,STB-000071,TXN-00004061,2026-01-26,THB,1418,0,0,1418,SETTLED
STI-000003246,STB-000025,TXN-00004062,2026-01-11,SGD,7029,0,0,7029,SETTLED
STI-000003247,STB-000159,TXN-00004063,2026-02-24,USD,1387,0,0,1387,SETTLED
STI-000003248,STB-000057,TXN-00004064,2026-01-21,USD,10327,0,0,10327,SETTLED
STI-000003249,STB-000030,TXN-00004065,2026-01-12,USD,1860,0,0,1860,SETTLED
STI-000003250,STB-000106,TXN-00004066,2026-02-07,SGD,4790,0,0,4790,SETTLED
STI-000003251,STB-000050,TXN-00004067,2026-01-19,THB,3915,2112,0,1803,SETTLED
STI-000003252,STB-000176,TXN-00004068,2026-03-02,THB,6688,0,0,6688,SETTLED
STI-000003253,STB-000167,TXN-00004069,2026-02-27,THB,10774,0,0,10774,SETTLED
STI-000003254,STB-000049,TXN-00004072,2026-01-19,SGD,6636,0,0,6636,SETTLED
STI-000003255,STB-000138,TXN-00004074,2026-02-17,USD,1934,0,0,1934,SETTLED
STI-000003256,STB-000019,TXN-00004075,2026-01-09,SGD,1527,0,0,1527,SETTLED
STI-000003257,STB-000067,TXN-00004076,2026-01-25,SGD,7162,0,0,7162,SETTLED
STI-000003258,STB-000178,TXN-00004077,2026-03-03,SGD,5277,0,0,5277,SETTLED
STI-000003259,STB-000002,TXN-00004078,2026-01-03,THB,31311,0,0,31311,SETTLED
STI-000003260,STB-000106,TXN-00004079,2026-02-07,SGD,3223,0,0,3223,SETTLED
STI-000003261,STB-000020,TXN-00004080,2026-01-09,THB,1146,0,0,1146,SETTLED
STI-000003262,STB-000130,TXN-00004081,2026-02-15,SGD,9561,0,0,9561,SETTLED
STI-000003263,STB-000168,TXN-00004082,2026-02-27,USD,3932,0,0,3932,SETTLED
STI-000003264,STB-000120,TXN-00004083,2026-02-11,USD,765,0,0,765,SETTLED
STI-000003265,STB-000112,TXN-00004084,2026-02-09,SGD,512,0,0,512,SETTLED
STI-000003266,STB-000048,TXN-00004085,2026-01-18,USD,18054,0,0,18054,SETTLED
STI-000003267,STB-000009,TXN-00004086,2026-01-05,USD,6362,0,0,6362,SETTLED
STI-000003268,STB-000180,TXN-00004087,2026-03-03,USD,2177,0,0,2177,SETTLED
STI-000003269,STB-000051,TXN-00004089,2026-01-19,USD,2477,0,0,2477,SETTLED
STI-000003270,STB-000036,TXN-00004091,2026-01-14,USD,7660,0,0,7660,SETTLED
STI-000003271,STB-000145,TXN-00004093,2026-02-20,SGD,8871,0,0,8871,SETTLED
STI-000003272,STB-000165,TXN-00004094,2026-02-26,USD,8150,0,0,8150,SETTLED
STI-000003273,STB-000086,TXN-00004095,2026-01-31,THB,5639,0,0,5639,SETTLED
STI-000003274,STB-000160,TXN-00004096,2026-02-25,SGD,1102,0,0,1102,SETTLED
STI-000003275,STB-000064,TXN-00004097,2026-01-24,SGD,7896,0,0,7896,SETTLED
STI-000003276,STB-000165,TXN-00004098,2026-02-26,USD,11276,0,0,11276,SETTLED
STI-000003277,STB-000021,TXN-00004099,2026-01-09,USD,91239,0,0,91239,SETTLED
STI-000003278,STB-000178,TXN-00004102,2026-03-03,SGD,7487,0,0,7487,SETTLED
STI-000003279,STB-000172,TXN-00004104,2026-03-01,SGD,1655,0,0,1655,SETTLED
STI-000003280,STB-000013,TXN-00004105,2026-01-07,SGD,10801,0,0,10801,SETTLED
STI-000003281,STB-000071,TXN-00004106,2026-01-26,THB,5345,0,0,5345,SETTLED
STI-000003282,STB-000148,TXN-00004107,2026-02-21,SGD,432,0,0,432,SETTLED
STI-000003283,STB-000165,TXN-00004108,2026-02-26,USD,817,0,0,817,SETTLED
STI-000003284,STB-000026,TXN-00004109,2026-01-11,THB,4643,0,0,4643,SETTLED
STI-000003285,STB-000106,TXN-00004110,2026-02-07,SGD,7281,0,0,7281,SETTLED
STI-000003286,STB-000116,TXN-00004112,2026-02-10,THB,10125,0,0,10125,SETTLED
STI-000003287,STB-000020,TXN-00004113,2026-01-09,THB,2931,0,0,2931,SETTLED
STI-000003288,STB-000138,TXN-00004114,2026-02-17,USD,4826,0,0,4826,SETTLED
STI-000003289,STB-000088,TXN-00004115,2026-02-01,SGD,3383,0,0,3383,SETTLED
STI-000003290,STB-000031,TXN-00004116,2026-01-13,SGD,16792,0,0,16792,SETTLED
STI-000003291,STB-000165,TXN-00004117,2026-02-26,USD,11155,0,0,11155,SETTLED
STI-000003292,STB-000025,TXN-00004118,2026-01-11,SGD,2042,0,0,2042,SETTLED
STI-000003293,STB-000038,TXN-00004119,2026-01-15,THB,2035,0,0,2035,SETTLED
STI-000003294,STB-000134,TXN-00004120,2026-02-16,THB,1797,0,0,1797,SETTLED
STI-000003295,STB-000005,TXN-00004121,2026-01-04,THB,7309,0,0,7309,SETTLED
STI-000003296,STB-000157,TXN-00004122,2026-02-24,SGD,2071,0,0,2071,SETTLED
STI-000003297,STB-000054,TXN-00004123,2026-01-20,USD,11118,0,0,11118,SETTLED
STI-000003298,STB-000103,TXN-00004124,2026-02-06,SGD,5344,2222,0,3122,SETTLED
STI-000003299,STB-000104,TXN-00004125,2026-02-06,THB,5967,0,0,5967,SETTLED
STI-000003300,STB-000051,TXN-00004126,2026-01-19,USD,4775,0,0,4775,SETTLED
STI-000003301,STB-000023,TXN-00004127,2026-01-10,THB,19326,0,0,19326,SETTLED
STI-000003302,STB-000002,TXN-00004128,2026-01-03,THB,10256,0,0,10256,SETTLED
STI-000003303,STB-000133,TXN-00004129,2026-02-16,SGD,1526,0,1526,0,SETTLED
STI-000003304,STB-000103,TXN-00004130,2026-02-06,SGD,3443,0,0,3443,SETTLED
STI-000003305,STB-000176,TXN-00004131,2026-03-02,THB,3346,0,0,3346,SETTLED
STI-000003306,STB-000017,TXN-00004132,2026-01-08,THB,67432,0,0,67432,SETTLED
STI-000003307,STB-000052,TXN-00004133,2026-01-20,SGD,4208,0,0,4208,SETTLED
STI-000003308,STB-000170,TXN-00004135,2026-02-28,THB,15743,0,0,15743,SETTLED
STI-000003309,STB-000156,TXN-00004136,2026-02-23,USD,2514,0,0,2514,SETTLED
STI-000003310,STB-000054,TXN-00004137,2026-01-20,USD,8104,0,0,8104,SETTLED
STI-000003311,STB-000104,TXN-00004138,2026-02-06,THB,37766,0,0,37766,SETTLED
STI-000003312,STB-000163,TXN-00004140,2026-02-26,SGD,22075,0,0,22075,SETTLED
STI-000003313,STB-000131,TXN-00004141,2026-02-15,THB,48273,0,0,48273,SETTLED
STI-000003314,STB-000022,TXN-00004142,2026-01-10,SGD,1172,0,0,1172,SETTLED
STI-000003315,STB-000168,TXN-00004143,2026-02-27,USD,4354,0,0,4354,SETTLED
STI-000003316,STB-000136,TXN-00004144,2026-02-17,SGD,2808,735,0,2073,SETTLED
STI-000003317,STB-000135,TXN-00004145,2026-02-16,USD,16996,0,0,16996,SETTLED
STI-000003318,STB-000035,TXN-00004147,2026-01-14,THB,1025,856,0,169,SETTLED
STI-000003319,STB-000156,TXN-00004148,2026-02-23,USD,1158,0,0,1158,SETTLED
STI-000003320,STB-000003,TXN-00004149,2026-01-03,USD,6261,0,0,6261,SETTLED
STI-000003321,STB-000071,TXN-00004150,2026-01-26,THB,9043,0,0,9043,SETTLED
STI-000003322,STB-000024,TXN-00004151,2026-01-10,USD,1365,0,0,1365,SETTLED
STI-000003323,STB-000016,TXN-00004152,2026-01-08,SGD,3492,0,0,3492,SETTLED
STI-000003324,STB-000018,TXN-00004155,2026-01-08,USD,10569,0,0,10569,SETTLED
STI-000003325,STB-000016,TXN-00004156,2026-01-08,SGD,1552,0,0,1552,SETTLED
STI-000003326,STB-000011,TXN-00004157,2026-01-06,THB,11724,0,0,11724,SETTLED
STI-000003327,STB-000108,TXN-00004158,2026-02-07,USD,17442,0,0,17442,SETTLED
STI-000003328,STB-000157,TXN-00004159,2026-02-24,SGD,17182,8839,0,8343,SETTLED
STI-000003329,STB-000113,TXN-00004160,2026-02-09,THB,2111,0,0,2111,SETTLED
STI-000003330,STB-000164,TXN-00004161,2026-02-26,THB,2330,0,0,2330,SETTLED
STI-000003331,STB-000090,TXN-00004164,2026-02-01,USD,2517,0,0,2517,SETTLED
STI-000003332,STB-000017,TXN-00004165,2026-01-08,THB,3741,0,0,3741,SETTLED
STI-000003333,STB-000091,TXN-00004166,2026-02-02,SGD,1051,962,0,89,SETTLED
STI-000003334,STB-000158,TXN-00004167,2026-02-24,THB,2562,0,0,2562,SETTLED
STI-000003335,STB-000090,TXN-00004168,2026-02-01,USD,5743,1386,0,4357,SETTLED
STI-000003336,STB-000094,TXN-00004169,2026-02-03,SGD,5510,0,0,5510,SETTLED
STI-000003337,STB-000136,TXN-00004170,2026-02-17,SGD,7524,0,0,7524,SETTLED
STI-000003338,STB-000030,TXN-00004171,2026-01-12,USD,16131,0,0,16131,SETTLED
STI-000003339,STB-000061,TXN-00004172,2026-01-23,SGD,58254,0,0,58254,SETTLED
STI-000003340,STB-000100,TXN-00004173,2026-02-05,SGD,6381,5451,0,930,SETTLED
STI-000003341,STB-000086,TXN-00004174,2026-01-31,THB,8784,0,0,8784,SETTLED
STI-000003342,STB-000046,TXN-00004175,2026-01-18,SGD,4449,0,0,4449,SETTLED
STI-000003343,STB-000009,TXN-00004176,2026-01-05,USD,5931,0,0,5931,SETTLED
STI-000003344,STB-000062,TXN-00004178,2026-01-23,THB,8196,0,0,8196,SETTLED
STI-000003345,STB-000132,TXN-00004179,2026-02-15,USD,1845,0,0,1845,SETTLED
STI-000003346,STB-000040,TXN-00004180,2026-01-16,SGD,2019,0,0,2019,SETTLED
STI-000003347,STB-000149,TXN-00004181,2026-02-21,THB,2422,0,0,2422,SETTLED
STI-000003348,STB-000044,TXN-00004182,2026-01-17,THB,3701,0,0,3701,SETTLED
STI-000003349,STB-000020,TXN-00004183,2026-01-09,THB,6971,0,0,6971,SETTLED
STI-000003350,STB-000058,TXN-00004185,2026-01-22,SGD,33531,0,0,33531,SETTLED
STI-000003351,STB-000137,TXN-00004186,2026-02-17,THB,8851,0,0,8851,SETTLED
STI-000003352,STB-000168,TXN-00004187,2026-02-27,USD,4821,0,0,4821,SETTLED
STI-000003353,STB-000087,TXN-00004188,2026-01-31,USD,1695,0,0,1695,SETTLED
STI-000003354,STB-000069,TXN-00004189,2026-01-25,USD,1034,0,0,1034,SETTLED
STI-000003355,STB-000093,TXN-00004190,2026-02-02,USD,4597,0,0,4597,SETTLED
STI-000003356,STB-000170,TXN-00004191,2026-02-28,THB,6763,0,0,6763,SETTLED
STI-000003357,STB-000097,TXN-00004192,2026-02-04,SGD,6898,0,0,6898,SETTLED
STI-000003358,STB-000036,TXN-00004193,2026-01-14,USD,7261,0,0,7261,SETTLED
STI-000003359,STB-000101,TXN-00004194,2026-02-05,THB,5049,0,0,5049,SETTLED
STI-000003360,STB-000165,TXN-00004195,2026-02-26,USD,3559,0,0,3559,SETTLED
STI-000003361,STB-000151,TXN-00004196,2026-02-22,SGD,1025,0,0,1025,SETTLED
STI-000003362,STB-000059,TXN-00004197,2026-01-22,THB,9041,0,0,9041,SETTLED
STI-000003363,STB-000139,TXN-00004198,2026-02-18,SGD,11711,0,0,11711,SETTLED
STI-000003364,STB-000006,TXN-00004201,2026-01-04,USD,2724,0,0,2724,SETTLED
STI-000003365,STB-000154,TXN-00004205,2026-02-23,SGD,2693,0,0,2693,SETTLED
STI-000003366,STB-000089,TXN-00004206,2026-02-01,THB,11250,0,0,11250,SETTLED
STI-000003367,STB-000042,TXN-00004207,2026-01-16,USD,17613,0,0,17613,SETTLED
STI-000003368,STB-000138,TXN-00004208,2026-02-17,USD,5751,5284,0,467,SETTLED
STI-000003369,STB-000048,TXN-00004209,2026-01-18,USD,2145,0,0,2145,SETTLED
STI-000003370,STB-000029,TXN-00004210,2026-01-12,THB,3623,0,0,3623,SETTLED
STI-000003371,STB-000130,TXN-00004211,2026-02-15,SGD,8666,0,0,8666,SETTLED
STI-000003372,STB-000105,TXN-00004213,2026-02-06,USD,6028,0,0,6028,SETTLED
STI-000003373,STB-000087,TXN-00004214,2026-01-31,USD,4883,0,0,4883,SETTLED
STI-000003374,STB-000010,TXN-00004215,2026-01-06,SGD,2956,0,0,2956,SETTLED
STI-000003375,STB-000164,TXN-00004216,2026-02-26,THB,8931,0,0,8931,SETTLED
STI-000003376,STB-000001,TXN-00004217,2026-01-03,SGD,6319,0,0,6319,SETTLED
STI-000003377,STB-000151,TXN-00004218,2026-02-22,SGD,19394,0,0,19394,SETTLED
STI-000003378,STB-000159,TXN-00004219,2026-02-24,USD,5489,4395,0,1094,SETTLED
STI-000003379,STB-000119,TXN-00004221,2026-02-11,THB,14224,0,0,14224,SETTLED
STI-000003380,STB-000080,TXN-00004222,2026-01-29,THB,19058,0,0,19058,SETTLED
STI-000003381,STB-000023,TXN-00004223,2026-01-10,THB,3503,0,3503,0,SETTLED
STI-000003382,STB-000177,TXN-00004224,2026-03-02,USD,1179,0,0,1179,SETTLED
STI-000003383,STB-000115,TXN-00004225,2026-02-10,SGD,16076,0,0,16076,SETTLED
STI-000003384,STB-000121,TXN-00004226,2026-02-12,SGD,1704,0,0,1704,SETTLED
STI-000003385,STB-000148,TXN-00004227,2026-02-21,SGD,13516,0,0,13516,SETTLED
STI-000003386,STB-000105,TXN-00004229,2026-02-06,USD,364,0,0,364,SETTLED
STI-000003387,STB-000036,TXN-00004230,2026-01-14,USD,12568,8170,0,4398,SETTLED
STI-000003388,STB-000103,TXN-00004231,2026-02-06,SGD,17713,0,0,17713,SETTLED
STI-000003389,STB-000138,TXN-00004232,2026-02-17,USD,990,0,0,990,SETTLED
STI-000003390,STB-000019,TXN-00004233,2026-01-09,SGD,9974,0,0,9974,SETTLED
STI-000003391,STB-000075,TXN-00004234,2026-01-27,USD,4882,0,0,4882,SETTLED
STI-000003392,STB-000018,TXN-00004236,2026-01-08,USD,20866,0,0,20866,SETTLED
STI-000003393,STB-000012,TXN-00004237,2026-01-06,USD,19641,0,0,19641,SETTLED
STI-000003394,STB-000024,TXN-00004240,2026-01-10,USD,829,0,0,829,SETTLED
STI-000003395,STB-000081,TXN-00004241,2026-01-29,USD,5323,0,0,5323,SETTLED
STI-000003396,STB-000140,TXN-00004242,2026-02-18,THB,1007,0,0,1007,SETTLED
STI-000003397,STB-000163,TXN-00004243,2026-02-26,SGD,6647,0,0,6647,SETTLED
STI-000003398,STB-000006,TXN-00004244,2026-01-04,USD,3843,0,0,3843,SETTLED
STI-000003399,STB-000178,TXN-00004247,2026-03-03,SGD,6160,0,0,6160,SETTLED
STI-000003400,STB-000066,TXN-00004248,2026-01-24,USD,4007,0,0,4007,SETTLED
STI-000003401,STB-000084,TXN-00004249,2026-01-30,USD,10275,0,0,10275,SETTLED
STI-000003402,STB-000095,TXN-00004250,2026-02-03,THB,5117,0,0,5117,SETTLED
STI-000003403,STB-000166,TXN-00004251,2026-02-27,SGD,1714,0,0,1714,SETTLED
STI-000003404,STB-000010,TXN-00004252,2026-01-06,SGD,2700,2025,0,675,SETTLED
STI-000003405,STB-000176,TXN-00004253,2026-03-02,THB,5780,0,0,5780,SETTLED
STI-000003406,STB-000090,TXN-00004254,2026-02-01,USD,1065,0,0,1065,SETTLED
STI-000003407,STB-000120,TXN-00004255,2026-02-11,USD,11745,0,0,11745,SETTLED
STI-000003408,STB-000148,TXN-00004256,2026-02-21,SGD,1085,0,0,1085,SETTLED
STI-000003409,STB-000140,TXN-00004257,2026-02-18,THB,30106,0,0,30106,SETTLED
STI-000003410,STB-000164,TXN-00004258,2026-02-26,THB,3425,1618,0,1807,SETTLED
STI-000003411,STB-000122,TXN-00004259,2026-02-12,THB,2075,0,0,2075,SETTLED
STI-000003412,STB-000001,TXN-00004260,2026-01-03,SGD,604,0,0,604,SETTLED
STI-000003413,STB-000111,TXN-00004261,2026-02-08,USD,7042,0,0,7042,SETTLED
STI-000003414,STB-000134,TXN-00004263,2026-02-16,THB,3250,0,0,3250,SETTLED
STI-000003415,STB-000138,TXN-00004266,2026-02-17,USD,4140,0,0,4140,SETTLED
STI-000003416,STB-000129,TXN-00004268,2026-02-14,USD,7015,0,0,7015,SETTLED
STI-000003417,STB-000074,TXN-00004269,2026-01-27,THB,3304,0,0,3304,SETTLED
STI-000003418,STB-000162,TXN-00004270,2026-02-25,USD,9886,0,0,9886,SETTLED
STI-000003419,STB-000145,TXN-00004271,2026-02-20,SGD,3286,1426,0,1860,SETTLED
STI-000003420,STB-000105,TXN-00004272,2026-02-06,USD,23131,0,0,23131,SETTLED
STI-000003421,STB-000014,TXN-00004273,2026-01-07,THB,2402,0,0,2402,SETTLED
STI-000003422,STB-000073,TXN-00004275,2026-01-27,SGD,2290,0,0,2290,SETTLED
STI-000003423,STB-000040,TXN-00004278,2026-01-16,SGD,425,0,0,425,SETTLED
STI-000003424,STB-000158,TXN-00004279,2026-02-24,THB,12555,0,0,12555,SETTLED
STI-000003425,STB-000180,TXN-00004280,2026-03-03,USD,4980,0,0,4980,SETTLED
STI-000003426,STB-000160,TXN-00004281,2026-02-25,SGD,3398,0,0,3398,SETTLED
STI-000003427,STB-000161,TXN-00004282,2026-02-25,THB,8366,0,0,8366,SETTLED
STI-000003428,STB-000051,TXN-00004283,2026-01-19,USD,3218,0,0,3218,SETTLED
STI-000003429,STB-000045,TXN-00004284,2026-01-17,USD,7019,0,0,7019,SETTLED
STI-000003430,STB-000051,TXN-00004285,2026-01-19,USD,1123,0,0,1123,SETTLED
STI-000003431,STB-000147,TXN-00004286,2026-02-20,USD,13600,0,0,13600,SETTLED
STI-000003432,STB-000109,TXN-00004287,2026-02-08,SGD,7414,0,0,7414,SETTLED
STI-000003433,STB-000050,TXN-00004289,2026-01-19,THB,12432,0,0,12432,SETTLED
STI-000003434,STB-000070,TXN-00004291,2026-01-26,SGD,3965,0,0,3965,SETTLED
STI-000003435,STB-000052,TXN-00004293,2026-01-20,SGD,1017,0,0,1017,SETTLED
STI-000003436,STB-000053,TXN-00004294,2026-01-20,THB,618,0,0,618,SETTLED
STI-000003437,STB-000071,TXN-00004295,2026-01-26,THB,1585,0,0,1585,SETTLED
STI-000003438,STB-000122,TXN-00004296,2026-02-12,THB,7746,0,0,7746,SETTLED
STI-000003439,STB-000096,TXN-00004297,2026-02-03,USD,10276,0,0,10276,SETTLED
STI-000003440,STB-000087,TXN-00004298,2026-01-31,USD,1558,0,0,1558,SETTLED
STI-000003441,STB-000129,TXN-00004299,2026-02-14,USD,2330,0,0,2330,SETTLED
STI-000003442,STB-000034,TXN-00004300,2026-01-14,SGD,22261,0,0,22261,SETTLED
STI-000003443,STB-000066,TXN-00004302,2026-01-24,USD,9165,0,0,9165,SETTLED
STI-000003444,STB-000085,TXN-00004304,2026-01-31,SGD,4524,0,0,4524,SETTLED
STI-000003445,STB-000040,TXN-00004305,2026-01-16,SGD,2811,0,2811,0,SETTLED
STI-000003446,STB-000010,TXN-00004306,2026-01-06,SGD,17477,0,0,17477,SETTLED
STI-000003447,STB-000071,TXN-00004308,2026-01-26,THB,3066,0,0,3066,SETTLED
STI-000003448,STB-000052,TXN-00004309,2026-01-20,SGD,6562,5695,0,867,SETTLED
STI-000003449,STB-000064,TXN-00004310,2026-01-24,SGD,4753,0,0,4753,SETTLED
STI-000003450,STB-000015,TXN-00004311,2026-01-07,USD,8353,0,0,8353,SETTLED
STI-000003451,STB-000130,TXN-00004312,2026-02-15,SGD,3815,0,0,3815,SETTLED
STI-000003452,STB-000007,TXN-00004314,2026-01-05,SGD,2429,0,0,2429,SETTLED
STI-000003453,STB-000046,TXN-00004315,2026-01-18,SGD,2067,0,0,2067,SETTLED
STI-000003454,STB-000093,TXN-00004316,2026-02-02,USD,10773,0,0,10773,SETTLED
STI-000003455,STB-000120,TXN-00004317,2026-02-11,USD,6479,0,0,6479,SETTLED
STI-000003456,STB-000108,TXN-00004318,2026-02-07,USD,5669,0,0,5669,SETTLED
STI-000003457,STB-000047,TXN-00004320,2026-01-18,THB,1570,0,1570,0,SETTLED
STI-000003458,STB-000079,TXN-00004321,2026-01-29,SGD,5009,0,0,5009,SETTLED
STI-000003459,STB-000148,TXN-00004322,2026-02-21,SGD,1893,0,0,1893,SETTLED
STI-000003460,STB-000052,TXN-00004323,2026-01-20,SGD,10993,0,0,10993,SETTLED
STI-000003461,STB-000063,TXN-00004325,2026-01-23,USD,873,0,0,873,SETTLED
STI-000003462,STB-000099,TXN-00004326,2026-02-04,USD,3458,0,0,3458,SETTLED
STI-000003463,STB-000013,TXN-00004327,2026-01-07,SGD,2358,1831,0,527,SETTLED
STI-000003464,STB-000114,TXN-00004328,2026-02-09,USD,17938,0,0,17938,SETTLED
STI-000003465,STB-000078,TXN-00004330,2026-01-28,USD,848,0,0,848,SETTLED
STI-000003466,STB-000086,TXN-00004331,2026-01-31,THB,8440,0,0,8440,SETTLED
STI-000003467,STB-000095,TXN-00004332,2026-02-03,THB,2011,0,0,2011,SETTLED
STI-000003468,STB-000076,TXN-00004333,2026-01-28,SGD,2712,0,0,2712,SETTLED
STI-000003469,STB-000159,TXN-00004334,2026-02-24,USD,2688,0,0,2688,SETTLED
STI-000003470,STB-000137,TXN-00004335,2026-02-17,THB,4483,0,0,4483,SETTLED
STI-000003471,STB-000085,TXN-00004336,2026-01-31,SGD,35698,0,0,35698,SETTLED
STI-000003472,STB-000036,TXN-00004337,2026-01-14,USD,12788,0,0,12788,SETTLED
STI-000003473,STB-000069,TXN-00004339,2026-01-25,USD,1320,0,0,1320,SETTLED
STI-000003474,STB-000062,TXN-00004340,2026-01-23,THB,4798,0,0,4798,SETTLED
STI-000003475,STB-000081,TXN-00004341,2026-01-29,USD,4831,0,0,4831,SETTLED
STI-000003476,STB-000026,TXN-00004342,2026-01-11,THB,1844,0,0,1844,SETTLED
STI-000003477,STB-000154,TXN-00004343,2026-02-23,SGD,6580,0,0,6580,SETTLED
STI-000003478,STB-000166,TXN-00004344,2026-02-27,SGD,912,0,0,912,SETTLED
STI-000003479,STB-000128,TXN-00004345,2026-02-14,THB,2525,0,0,2525,SETTLED
STI-000003480,STB-000027,TXN-00004346,2026-01-11,USD,1638,0,0,1638,SETTLED
STI-000003481,STB-000086,TXN-00004348,2026-01-31,THB,18245,0,0,18245,SETTLED
STI-000003482,STB-000041,TXN-00004349,2026-01-16,THB,8213,0,0,8213,SETTLED
STI-000003483,STB-000012,TXN-00004350,2026-01-06,USD,31382,14601,0,16781,SETTLED
STI-000003484,STB-000145,TXN-00004351,2026-02-20,SGD,19346,0,0,19346,SETTLED
STI-000003485,STB-000112,TXN-00004352,2026-02-09,SGD,3838,0,0,3838,SETTLED
STI-000003486,STB-000173,TXN-00004353,2026-03-01,THB,1306,0,0,1306,SETTLED
STI-000003487,STB-000166,TXN-00004354,2026-02-27,SGD,9520,0,0,9520,SETTLED
STI-000003488,STB-000137,TXN-00004356,2026-02-17,THB,15385,0,0,15385,SETTLED
STI-000003489,STB-000071,TXN-00004358,2026-01-26,THB,7432,0,0,7432,SETTLED
STI-000003490,STB-000174,TXN-00004359,2026-03-01,USD,4123,0,0,4123,SETTLED
STI-000003491,STB-000152,TXN-00004360,2026-02-22,THB,3103,0,0,3103,SETTLED
STI-000003492,STB-000097,TXN-00004361,2026-02-04,SGD,3839,0,0,3839,SETTLED
STI-000003493,STB-000157,TXN-00004362,2026-02-24,SGD,723,0,0,723,SETTLED
STI-000003494,STB-000110,TXN-00004363,2026-02-08,THB,2889,2370,0,519,SETTLED
STI-000003495,STB-000093,TXN-00004364,2026-02-02,USD,1653,0,0,1653,SETTLED
STI-000003496,STB-000072,TXN-00004365,2026-01-26,USD,1816,0,0,1816,SETTLED
STI-000003497,STB-000150,TXN-00004368,2026-02-21,USD,2309,0,0,2309,SETTLED
STI-000003498,STB-000078,TXN-00004369,2026-01-28,USD,10911,0,0,10911,SETTLED
STI-000003499,STB-000018,TXN-00004370,2026-01-08,USD,8105,0,0,8105,SETTLED
STI-000003500,STB-000075,TXN-00004372,2026-01-27,USD,42303,0,0,42303,SETTLED
STI-000003501,STB-000065,TXN-00004373,2026-01-24,THB,17706,5429,0,12277,SETTLED
STI-000003502,STB-000150,TXN-00004374,2026-02-21,USD,2907,0,0,2907,SETTLED
STI-000003503,STB-000088,TXN-00004376,2026-02-01,SGD,9071,0,0,9071,SETTLED
STI-000003504,STB-000111,TXN-00004377,2026-02-08,USD,4229,0,0,4229,SETTLED
STI-000003505,STB-000022,TXN-00004378,2026-01-10,SGD,8126,0,0,8126,SETTLED
STI-000003506,STB-000118,TXN-00004379,2026-02-11,SGD,19036,0,0,19036,SETTLED
STI-000003507,STB-000010,TXN-00004381,2026-01-06,SGD,3302,0,0,3302,SETTLED
STI-000003508,STB-000010,TXN-00004382,2026-01-06,SGD,7510,0,0,7510,SETTLED
STI-000003509,STB-000154,TXN-00004383,2026-02-23,SGD,3615,0,0,3615,SETTLED
STI-000003510,STB-000081,TXN-00004384,2026-01-29,USD,1444,0,0,1444,SETTLED
STI-000003511,STB-000114,TXN-00004387,2026-02-09,USD,3740,0,0,3740,SETTLED
STI-000003512,STB-000016,TXN-00004388,2026-01-08,SGD,2285,0,0,2285,SETTLED
STI-000003513,STB-000067,TXN-00004389,2026-01-25,SGD,2990,0,0,2990,SETTLED
STI-000003514,STB-000104,TXN-00004390,2026-02-06,THB,5707,0,0,5707,SETTLED
STI-000003515,STB-000058,TXN-00004392,2026-01-22,SGD,3852,0,0,3852,SETTLED
STI-000003516,STB-000067,TXN-00004394,2026-01-25,SGD,1321,0,0,1321,SETTLED
STI-000003517,STB-000014,TXN-00004395,2026-01-07,THB,1254,0,0,1254,SETTLED
STI-000003518,STB-000048,TXN-00004397,2026-01-18,USD,685,0,685,0,SETTLED
STI-000003519,STB-000072,TXN-00004398,2026-01-26,USD,4392,0,0,4392,SETTLED
STI-000003520,STB-000056,TXN-00004399,2026-01-21,THB,2047,1034,0,1013,SETTLED
STI-000003521,STB-000004,TXN-00004400,2026-01-04,SGD,2330,0,0,2330,SETTLED
STI-000003522,STB-000167,TXN-00004401,2026-02-27,THB,18655,0,0,18655,SETTLED
STI-000003523,STB-000174,TXN-00004403,2026-03-01,USD,1005,0,0,1005,SETTLED
STI-000003524,STB-000098,TXN-00004404,2026-02-04,THB,22023,0,0,22023,SETTLED
STI-000003525,STB-000031,TXN-00004406,2026-01-13,SGD,9635,0,0,9635,SETTLED
STI-000003526,STB-000074,TXN-00004408,2026-01-27,THB,6730,1745,0,4985,SETTLED
STI-000003527,STB-000129,TXN-00004409,2026-02-14,USD,8171,0,0,8171,SETTLED
STI-000003528,STB-000107,TXN-00004410,2026-02-07,THB,1217,0,0,1217,SETTLED
STI-000003529,STB-000038,TXN-00004411,2026-01-15,THB,9035,0,0,9035,SETTLED
STI-000003530,STB-000173,TXN-00004412,2026-03-01,THB,7655,0,0,7655,SETTLED
STI-000003531,STB-000145,TXN-00004414,2026-02-20,SGD,1393,0,0,1393,SETTLED
STI-000003532,STB-000135,TXN-00004415,2026-02-16,USD,4623,0,0,4623,SETTLED
STI-000003533,STB-000003,TXN-00004416,2026-01-03,USD,7475,0,0,7475,SETTLED
STI-000003534,STB-000081,TXN-00004417,2026-01-29,USD,5928,0,0,5928,SETTLED
STI-000003535,STB-000054,TXN-00004418,2026-01-20,USD,1107,0,0,1107,SETTLED
STI-000003536,STB-000064,TXN-00004419,2026-01-24,SGD,15910,0,0,15910,SETTLED
STI-000003537,STB-000001,TXN-00004420,2026-01-03,SGD,5728,0,0,5728,SETTLED
STI-000003538,STB-000164,TXN-00004421,2026-02-26,THB,7978,0,0,7978,SETTLED
STI-000003539,STB-000072,TXN-00004423,2026-01-26,USD,3375,0,0,3375,SETTLED
STI-000003540,STB-000027,TXN-00004424,2026-01-11,USD,17315,0,0,17315,SETTLED
STI-000003541,STB-000082,TXN-00004425,2026-01-30,SGD,7153,0,0,7153,SETTLED
STI-000003542,STB-000092,TXN-00004426,2026-02-02,THB,2627,0,0,2627,SETTLED
STI-000003543,STB-000071,TXN-00004427,2026-01-26,THB,7045,0,0,7045,SETTLED
STI-000003544,STB-000109,TXN-00004428,2026-02-08,SGD,4757,0,0,4757,SETTLED
STI-000003545,STB-000144,TXN-00004431,2026-02-19,USD,969,0,969,0,SETTLED
STI-000003546,STB-000108,TXN-00004432,2026-02-07,USD,627,0,0,627,SETTLED
STI-000003547,STB-000070,TXN-00004433,2026-01-26,SGD,13184,0,0,13184,SETTLED
STI-000003548,STB-000034,TXN-00004434,2026-01-14,SGD,2480,0,0,2480,SETTLED
STI-000003549,STB-000109,TXN-00004435,2026-02-08,SGD,6919,0,0,6919,SETTLED
STI-000003550,STB-000028,TXN-00004436,2026-01-12,SGD,1547,0,1547,0,SETTLED
STI-000003551,STB-000094,TXN-00004437,2026-02-03,SGD,9488,0,0,9488,SETTLED
STI-000003552,STB-000150,TXN-00004438,2026-02-21,USD,11068,0,0,11068,SETTLED
STI-000003553,STB-000098,TXN-00004439,2026-02-04,THB,4822,0,0,4822,SETTLED
STI-000003554,STB-000064,TXN-00004441,2026-01-24,SGD,8988,0,0,8988,SETTLED
STI-000003555,STB-000046,TXN-00004442,2026-01-18,SGD,5306,0,0,5306,SETTLED
STI-000003556,STB-000047,TXN-00004443,2026-01-18,THB,23158,21739,0,1419,SETTLED
STI-000003557,STB-000021,TXN-00004444,2026-01-09,USD,11096,0,0,11096,SETTLED
STI-000003558,STB-000013,TXN-00004445,2026-01-07,SGD,2179,0,0,2179,SETTLED
STI-000003559,STB-000121,TXN-00004446,2026-02-12,SGD,8206,0,0,8206,SETTLED
STI-000003560,STB-000128,TXN-00004447,2026-02-14,THB,1944,0,0,1944,SETTLED
STI-000003561,STB-000033,TXN-00004449,2026-01-13,USD,6477,0,0,6477,SETTLED
STI-000003562,STB-000011,TXN-00004451,2026-01-06,THB,4070,0,0,4070,SETTLED
STI-000003563,STB-000178,TXN-00004452,2026-03-03,SGD,4187,0,0,4187,SETTLED
STI-000003564,STB-000105,TXN-00004454,2026-02-06,USD,7142,0,0,7142,SETTLED
STI-000003565,STB-000037,TXN-00004455,2026-01-15,SGD,2446,0,2446,0,SETTLED
STI-000003566,STB-000092,TXN-00004457,2026-02-02,THB,3345,0,0,3345,SETTLED
STI-000003567,STB-000163,TXN-00004458,2026-02-26,SGD,18966,0,0,18966,SETTLED
STI-000003568,STB-000052,TXN-00004459,2026-01-20,SGD,4378,0,0,4378,SETTLED
STI-000003569,STB-000133,TXN-00004460,2026-02-16,SGD,5623,0,0,5623,SETTLED
STI-000003570,STB-000021,TXN-00004463,2026-01-09,USD,1261,0,0,1261,SETTLED
STI-000003571,STB-000104,TXN-00004464,2026-02-06,THB,3218,0,0,3218,SETTLED
STI-000003572,STB-000146,TXN-00004465,2026-02-20,THB,18187,0,0,18187,SETTLED
STI-000003573,STB-000004,TXN-00004467,2026-01-04,SGD,2745,0,0,2745,SETTLED
STI-000003574,STB-000086,TXN-00004468,2026-01-31,THB,7644,0,0,7644,SETTLED
STI-000003575,STB-000147,TXN-00004470,2026-02-20,USD,14320,0,0,14320,SETTLED
STI-000003576,STB-000041,TXN-00004471,2026-01-16,THB,9180,0,0,9180,SETTLED
STI-000003577,STB-000060,TXN-00004473,2026-01-22,USD,2087,0,2087,0,SETTLED
STI-000003578,STB-000089,TXN-00004474,2026-02-01,THB,1646,0,1646,0,SETTLED
STI-000003579,STB-000114,TXN-00004475,2026-02-09,USD,4603,0,0,4603,SETTLED
STI-000003580,STB-000058,TXN-00004476,2026-01-22,SGD,2824,0,0,2824,SETTLED
STI-000003581,STB-000138,TXN-00004477,2026-02-17,USD,5006,0,5006,0,SETTLED
STI-000003582,STB-000153,TXN-00004478,2026-02-22,USD,7077,0,0,7077,SETTLED
STI-000003583,STB-000120,TXN-00004479,2026-02-11,USD,4562,0,0,4562,SETTLED
STI-000003584,STB-000165,TXN-00004480,2026-02-26,USD,4946,0,0,4946,SETTLED
STI-000003585,STB-000178,TXN-00004482,2026-03-03,SGD,12585,10139,0,2446,SETTLED
STI-000003586,STB-000162,TXN-00004484,2026-02-25,USD,11152,0,0,11152,SETTLED
STI-000003587,STB-000096,TXN-00004485,2026-02-03,USD,11003,9054,0,1949,SETTLED
STI-000003588,STB-000040,TXN-00004487,2026-01-16,SGD,949,0,0,949,SETTLED
STI-000003589,STB-000142,TXN-00004488,2026-02-19,SGD,8194,0,0,8194,SETTLED
STI-000003590,STB-000102,TXN-00004489,2026-02-05,USD,14287,0,0,14287,SETTLED
STI-000003591,STB-000092,TXN-00004490,2026-02-02,THB,4200,0,0,4200,SETTLED
STI-000003592,STB-000049,TXN-00004491,2026-01-19,SGD,1378,0,0,1378,SETTLED
STI-000003593,STB-000142,TXN-00004492,2026-02-19,SGD,888,0,0,888,SETTLED
STI-000003594,STB-000154,TXN-00004493,2026-02-23,SGD,15766,0,0,15766,SETTLED
STI-000003595,STB-000027,TXN-00004494,2026-01-11,USD,3888,0,0,3888,SETTLED
STI-000003596,STB-000054,TXN-00004496,2026-01-20,USD,18765,0,0,18765,SETTLED
STI-000003597,STB-000128,TXN-00004497,2026-02-14,THB,2580,0,0,2580,SETTLED
STI-000003598,STB-000084,TXN-00004498,2026-01-30,USD,3308,0,0,3308,SETTLED
STI-000003599,STB-000134,TXN-00004499,2026-02-16,THB,16018,10687,0,5331,SETTLED
STI-000003600,STB-000090,TXN-00004500,2026-02-01,USD,16311,0,0,16311,SETTLED
STI-000003601,STB-000017,TXN-00004501,2026-01-08,THB,2949,0,0,2949,SETTLED
STI-000003602,STB-000064,TXN-00004502,2026-01-24,SGD,3572,0,0,3572,SETTLED
STI-000003603,STB-000169,TXN-00004503,2026-02-28,SGD,3449,0,0,3449,SETTLED
STI-000003604,STB-000152,TXN-00004506,2026-02-22,THB,2949,0,0,2949,SETTLED
STI-000003605,STB-000033,TXN-00004507,2026-01-13,USD,12574,0,0,12574,SETTLED
STI-000003606,STB-000050,TXN-00004508,2026-01-19,THB,3751,0,0,3751,SETTLED
STI-000003607,STB-000158,TXN-00004510,2026-02-24,THB,21295,0,0,21295,SETTLED
STI-000003608,STB-000145,TXN-00004511,2026-02-20,SGD,1841,0,0,1841,SETTLED
STI-000003609,STB-000023,TXN-00004512,2026-01-10,THB,12368,0,0,12368,SETTLED
STI-000003610,STB-000048,TXN-00004514,2026-01-18,USD,10656,0,0,10656,SETTLED
STI-000003611,STB-000150,TXN-00004515,2026-02-21,USD,6821,0,0,6821,SETTLED
STI-000003612,STB-000172,TXN-00004519,2026-03-01,SGD,1308,0,0,1308,SETTLED
STI-000003613,STB-000160,TXN-00004521,2026-02-25,SGD,6797,0,0,6797,SETTLED
STI-000003614,STB-000156,TXN-00004522,2026-02-23,USD,27069,20463,0,6606,SETTLED
STI-000003615,STB-000026,TXN-00004523,2026-01-11,THB,10755,0,0,10755,SETTLED
STI-000003616,STB-000144,TXN-00004524,2026-02-19,USD,2698,0,0,2698,SETTLED
STI-000003617,STB-000159,TXN-00004525,2026-02-24,USD,2723,0,0,2723,SETTLED
STI-000003618,STB-000042,TXN-00004526,2026-01-16,USD,5204,0,5204,0,SETTLED
STI-000003619,STB-000179,TXN-00004527,2026-03-03,THB,1883,0,1883,0,SETTLED
STI-000003620,STB-000151,TXN-00004528,2026-02-22,SGD,6771,0,0,6771,SETTLED
STI-000003621,STB-000089,TXN-00004529,2026-02-01,THB,2596,0,0,2596,SETTLED
STI-000003622,STB-000028,TXN-00004531,2026-01-12,SGD,18820,0,0,18820,SETTLED
STI-000003623,STB-000037,TXN-00004532,2026-01-15,SGD,16084,0,0,16084,SETTLED
STI-000003624,STB-000150,TXN-00004533,2026-02-21,USD,10841,0,0,10841,SETTLED
STI-000003625,STB-000166,TXN-00004534,2026-02-27,SGD,2508,0,0,2508,SETTLED
STI-000003626,STB-000175,TXN-00004537,2026-03-02,SGD,2070,0,0,2070,SETTLED
STI-000003627,STB-000045,TXN-00004538,2026-01-17,USD,2301,0,0,2301,SETTLED
STI-000003628,STB-000087,TXN-00004539,2026-01-31,USD,588,0,0,588,SETTLED
STI-000003629,STB-000140,TXN-00004541,2026-02-18,THB,9430,0,0,9430,SETTLED
STI-000003630,STB-000134,TXN-00004542,2026-02-16,THB,12433,0,0,12433,SETTLED
STI-000003631,STB-000144,TXN-00004543,2026-02-19,USD,3904,0,0,3904,SETTLED
STI-000003632,STB-000160,TXN-00004544,2026-02-25,SGD,9456,0,0,9456,SETTLED
STI-000003633,STB-000034,TXN-00004545,2026-01-14,SGD,9656,0,0,9656,SETTLED
STI-000003634,STB-000047,TXN-00004547,2026-01-18,THB,3757,0,0,3757,SETTLED
STI-000003635,STB-000168,TXN-00004548,2026-02-27,USD,720,0,0,720,SETTLED
STI-000003636,STB-000016,TXN-00004550,2026-01-08,SGD,1553,0,0,1553,SETTLED
STI-000003637,STB-000046,TXN-00004551,2026-01-18,SGD,3270,0,0,3270,SETTLED
STI-000003638,STB-000066,TXN-00004552,2026-01-24,USD,902,0,0,902,SETTLED
STI-000003639,STB-000018,TXN-00004553,2026-01-08,USD,1750,0,0,1750,SETTLED
STI-000003640,STB-000155,TXN-00004554,2026-02-23,THB,6978,0,0,6978,SETTLED
STI-000003641,STB-000020,TXN-00004555,2026-01-09,THB,3592,0,0,3592,SETTLED
STI-000003642,STB-000075,TXN-00004556,2026-01-27,USD,3513,615,0,2898,SETTLED
STI-000003643,STB-000006,TXN-00004557,2026-01-04,USD,1147,0,0,1147,SETTLED
STI-000003644,STB-000140,TXN-00004558,2026-02-18,THB,1989,0,0,1989,SETTLED
STI-000003645,STB-000077,TXN-00004560,2026-01-28,THB,12559,0,0,12559,SETTLED
STI-000003646,STB-000175,TXN-00004561,2026-03-02,SGD,18906,0,0,18906,SETTLED
STI-000003647,STB-000071,TXN-00004564,2026-01-26,THB,7443,5840,0,1603,SETTLED
STI-000003648,STB-000006,TXN-00004565,2026-01-04,USD,579,0,0,579,SETTLED
STI-000003649,STB-000095,TXN-00004566,2026-02-03,THB,1188,0,0,1188,SETTLED
STI-000003650,STB-000019,TXN-00004567,2026-01-09,SGD,6109,0,0,6109,SETTLED
STI-000003651,STB-000115,TXN-00004568,2026-02-10,SGD,18873,0,0,18873,SETTLED
STI-000003652,STB-000131,TXN-00004569,2026-02-15,THB,1367,0,0,1367,SETTLED
STI-000003653,STB-000156,TXN-00004570,2026-02-23,USD,3378,0,0,3378,SETTLED
STI-000003654,STB-000175,TXN-00004571,2026-03-02,SGD,19887,0,0,19887,SETTLED
STI-000003655,STB-000020,TXN-00004573,2026-01-09,THB,4801,1691,0,3110,SETTLED
STI-000003656,STB-000069,TXN-00004575,2026-01-25,USD,3141,0,0,3141,SETTLED
STI-000003657,STB-000025,TXN-00004576,2026-01-11,SGD,10528,0,10528,0,SETTLED
STI-000003658,STB-000030,TXN-00004577,2026-01-12,USD,11041,0,0,11041,SETTLED
STI-000003659,STB-000023,TXN-00004578,2026-01-10,THB,4171,0,0,4171,SETTLED
STI-000003660,STB-000021,TXN-00004579,2026-01-09,USD,5059,0,0,5059,SETTLED
STI-000003661,STB-000176,TXN-00004580,2026-03-02,THB,7669,0,0,7669,SETTLED
STI-000003662,STB-000013,TXN-00004581,2026-01-07,SGD,9871,0,0,9871,SETTLED
STI-000003663,STB-000105,TXN-00004582,2026-02-06,USD,2377,0,0,2377,SETTLED
STI-000003664,STB-000080,TXN-00004584,2026-01-29,THB,1824,0,0,1824,SETTLED
STI-000003665,STB-000022,TXN-00004585,2026-01-10,SGD,861,0,0,861,SETTLED
STI-000003666,STB-000153,TXN-00004586,2026-02-22,USD,9291,0,0,9291,SETTLED
STI-000003667,STB-000040,TXN-00004587,2026-01-16,SGD,5089,0,0,5089,SETTLED
STI-000003668,STB-000100,TXN-00004589,2026-02-05,SGD,2835,0,0,2835,SETTLED
STI-000003669,STB-000059,TXN-00004590,2026-01-22,THB,2232,0,0,2232,SETTLED
STI-000003670,STB-000072,TXN-00004591,2026-01-26,USD,1332,0,0,1332,SETTLED
STI-000003671,STB-000123,TXN-00004592,2026-02-12,USD,10934,0,0,10934,SETTLED
STI-000003672,STB-000107,TXN-00004593,2026-02-07,THB,7151,0,0,7151,SETTLED
STI-000003673,STB-000119,TXN-00004594,2026-02-11,THB,8935,0,0,8935,SETTLED
STI-000003674,STB-000121,TXN-00004595,2026-02-12,SGD,15075,0,0,15075,SETTLED
STI-000003675,STB-000002,TXN-00004596,2026-01-03,THB,3696,0,0,3696,SETTLED
STI-000003676,STB-000093,TXN-00004597,2026-02-02,USD,3580,913,0,2667,SETTLED
STI-000003677,STB-000074,TXN-00004598,2026-01-27,THB,16316,0,0,16316,SETTLED
STI-000003678,STB-000173,TXN-00004600,2026-03-01,THB,10505,0,0,10505,SETTLED
STI-000003679,STB-000017,TXN-00004601,2026-01-08,THB,12347,0,0,12347,SETTLED
STI-000003680,STB-000143,TXN-00004602,2026-02-19,THB,2006,0,0,2006,SETTLED
STI-000003681,STB-000090,TXN-00004604,2026-02-01,USD,1229,0,0,1229,SETTLED
STI-000003682,STB-000139,TXN-00004605,2026-02-18,SGD,7362,0,0,7362,SETTLED
STI-000003683,STB-000102,TXN-00004606,2026-02-05,USD,3007,0,0,3007,SETTLED
STI-000003684,STB-000152,TXN-00004608,2026-02-22,THB,1303,0,0,1303,SETTLED
STI-000003685,STB-000080,TXN-00004609,2026-01-29,THB,12162,0,0,12162,SETTLED
STI-000003686,STB-000060,TXN-00004610,2026-01-22,USD,1611,0,0,1611,SETTLED
STI-000003687,STB-000095,TXN-00004611,2026-02-03,THB,580,0,0,580,SETTLED
STI-000003688,STB-000160,TXN-00004612,2026-02-25,SGD,1541,0,0,1541,SETTLED
STI-000003689,STB-000024,TXN-00004613,2026-01-10,USD,1194,0,0,1194,SETTLED
STI-000003690,STB-000176,TXN-00004614,2026-03-02,THB,13352,0,0,13352,SETTLED
STI-000003691,STB-000085,TXN-00004615,2026-01-31,SGD,9244,0,0,9244,SETTLED
STI-000003692,STB-000016,TXN-00004616,2026-01-08,SGD,10257,0,0,10257,SETTLED
STI-000003693,STB-000041,TXN-00004617,2026-01-16,THB,2455,0,0,2455,SETTLED
STI-000003694,STB-000109,TXN-00004618,2026-02-08,SGD,12524,11154,0,1370,SETTLED
STI-000003695,STB-000018,TXN-00004619,2026-01-08,USD,3601,0,0,3601,SETTLED
STI-000003696,STB-000043,TXN-00004620,2026-01-17,SGD,16047,0,0,16047,SETTLED
STI-000003697,STB-000135,TXN-00004621,2026-02-16,USD,21423,0,0,21423,SETTLED
STI-000003698,STB-000131,TXN-00004622,2026-02-15,THB,5194,0,0,5194,SETTLED
STI-000003699,STB-000128,TXN-00004623,2026-02-14,THB,7259,0,0,7259,SETTLED
STI-000003700,STB-000012,TXN-00004624,2026-01-06,USD,3325,0,0,3325,SETTLED
STI-000003701,STB-000041,TXN-00004626,2026-01-16,THB,54499,0,54499,0,SETTLED
STI-000003702,STB-000109,TXN-00004627,2026-02-08,SGD,4957,0,0,4957,SETTLED
STI-000003703,STB-000134,TXN-00004628,2026-02-16,THB,7100,0,0,7100,SETTLED
STI-000003704,STB-000005,TXN-00004629,2026-01-04,THB,1326,0,0,1326,SETTLED
STI-000003705,STB-000179,TXN-00004632,2026-03-03,THB,2003,1899,0,104,SETTLED
STI-000003706,STB-000004,TXN-00004634,2026-01-04,SGD,8653,0,0,8653,SETTLED
STI-000003707,STB-000156,TXN-00004635,2026-02-23,USD,881,0,0,881,SETTLED
STI-000003708,STB-000105,TXN-00004636,2026-02-06,USD,3281,0,0,3281,SETTLED
STI-000003709,STB-000069,TXN-00004637,2026-01-25,USD,5514,0,0,5514,SETTLED
STI-000003710,STB-000122,TXN-00004638,2026-02-12,THB,4120,0,0,4120,SETTLED
STI-000003711,STB-000073,TXN-00004640,2026-01-27,SGD,12422,0,0,12422,SETTLED
STI-000003712,STB-000006,TXN-00004641,2026-01-04,USD,1602,0,0,1602,SETTLED
STI-000003713,STB-000054,TXN-00004642,2026-01-20,USD,8992,0,0,8992,SETTLED
STI-000003714,STB-000113,TXN-00004644,2026-02-09,THB,1956,0,0,1956,SETTLED
STI-000003715,STB-000073,TXN-00004646,2026-01-27,SGD,2112,0,0,2112,SETTLED
STI-000003716,STB-000080,TXN-00004649,2026-01-29,THB,14722,0,0,14722,SETTLED
STI-000003717,STB-000149,TXN-00004650,2026-02-21,THB,2119,0,0,2119,SETTLED
STI-000003718,STB-000150,TXN-00004651,2026-02-21,USD,7706,0,0,7706,SETTLED
STI-000003719,STB-000045,TXN-00004652,2026-01-17,USD,7613,0,0,7613,SETTLED
STI-000003720,STB-000035,TXN-00004653,2026-01-14,THB,3150,0,0,3150,SETTLED
STI-000003721,STB-000049,TXN-00004654,2026-01-19,SGD,4506,0,0,4506,SETTLED
STI-000003722,STB-000141,TXN-00004655,2026-02-18,USD,1906,0,0,1906,SETTLED
STI-000003723,STB-000155,TXN-00004658,2026-02-23,THB,964,0,0,964,SETTLED
STI-000003724,STB-000103,TXN-00004659,2026-02-06,SGD,14951,0,0,14951,SETTLED
STI-000003725,STB-000063,TXN-00004660,2026-01-23,USD,1547,0,0,1547,SETTLED
STI-000003726,STB-000043,TXN-00004661,2026-01-17,SGD,14448,0,0,14448,SETTLED
STI-000003727,STB-000159,TXN-00004662,2026-02-24,USD,7152,0,0,7152,SETTLED
STI-000003728,STB-000153,TXN-00004663,2026-02-22,USD,4359,0,0,4359,SETTLED
STI-000003729,STB-000074,TXN-00004664,2026-01-27,THB,2837,0,0,2837,SETTLED
STI-000003730,STB-000066,TXN-00004665,2026-01-24,USD,151981,0,0,151981,SETTLED
STI-000003731,STB-000169,TXN-00004667,2026-02-28,SGD,2795,0,0,2795,SETTLED
STI-000003732,STB-000136,TXN-00004668,2026-02-17,SGD,10830,0,0,10830,SETTLED
STI-000003733,STB-000158,TXN-00004669,2026-02-24,THB,17545,0,0,17545,SETTLED
STI-000003734,STB-000165,TXN-00004670,2026-02-26,USD,25246,0,0,25246,SETTLED
STI-000003735,STB-000127,TXN-00004671,2026-02-14,SGD,1621,0,0,1621,SETTLED
STI-000003736,STB-000115,TXN-00004672,2026-02-10,SGD,2312,0,0,2312,SETTLED
STI-000003737,STB-000008,TXN-00004673,2026-01-05,THB,11637,0,0,11637,SETTLED
STI-000003738,STB-000027,TXN-00004674,2026-01-11,USD,8634,0,0,8634,SETTLED
STI-000003739,STB-000154,TXN-00004676,2026-02-23,SGD,27450,0,0,27450,SETTLED
STI-000003740,STB-000035,TXN-00004677,2026-01-14,THB,4481,0,0,4481,SETTLED
STI-000003741,STB-000053,TXN-00004678,2026-01-20,THB,14425,0,0,14425,SETTLED
STI-000003742,STB-000102,TXN-00004680,2026-02-05,USD,3213,0,0,3213,SETTLED
STI-000003743,STB-000115,TXN-00004681,2026-02-10,SGD,49588,0,0,49588,SETTLED
STI-000003744,STB-000083,TXN-00004682,2026-01-30,THB,4960,0,0,4960,SETTLED
STI-000003745,STB-000011,TXN-00004683,2026-01-06,THB,2141,0,0,2141,SETTLED
STI-000003746,STB-000141,TXN-00004684,2026-02-18,USD,1108,0,0,1108,SETTLED
STI-000003747,STB-000052,TXN-00004686,2026-01-20,SGD,1128,0,0,1128,SETTLED
STI-000003748,STB-000008,TXN-00004687,2026-01-05,THB,27864,0,0,27864,SETTLED
STI-000003749,STB-000146,TXN-00004688,2026-02-20,THB,3619,0,0,3619,SETTLED
STI-000003750,STB-000090,TXN-00004690,2026-02-01,USD,26489,0,0,26489,SETTLED
STI-000003751,STB-000174,TXN-00004691,2026-03-01,USD,3020,0,0,3020,SETTLED
STI-000003752,STB-000003,TXN-00004693,2026-01-03,USD,5837,0,0,5837,SETTLED
STI-000003753,STB-000069,TXN-00004694,2026-01-25,USD,2531,0,0,2531,SETTLED
STI-000003754,STB-000020,TXN-00004695,2026-01-09,THB,2995,0,0,2995,SETTLED
STI-000003755,STB-000114,TXN-00004697,2026-02-09,USD,8667,0,0,8667,SETTLED
STI-000003756,STB-000024,TXN-00004698,2026-01-10,USD,41646,0,0,41646,SETTLED
STI-000003757,STB-000081,TXN-00004700,2026-01-29,USD,7218,0,0,7218,SETTLED
STI-000003758,STB-000156,TXN-00004701,2026-02-23,USD,5454,0,0,5454,SETTLED
STI-000003759,STB-000176,TXN-00004702,2026-03-02,THB,9220,0,0,9220,SETTLED
STI-000003760,STB-000106,TXN-00004703,2026-02-07,SGD,13307,0,0,13307,SETTLED
STI-000003761,STB-000109,TXN-00004704,2026-02-08,SGD,10645,0,0,10645,SETTLED
STI-000003762,STB-000165,TXN-00004705,2026-02-26,USD,3727,0,0,3727,SETTLED
STI-000003763,STB-000044,TXN-00004706,2026-01-17,THB,2655,0,0,2655,SETTLED
STI-000003764,STB-000122,TXN-00004707,2026-02-12,THB,43608,0,0,43608,SETTLED
STI-000003765,STB-000056,TXN-00004709,2026-01-21,THB,586,0,0,586,SETTLED
STI-000003766,STB-000149,TXN-00004710,2026-02-21,THB,7302,4688,0,2614,SETTLED
STI-000003767,STB-000068,TXN-00004711,2026-01-25,THB,12507,2281,0,10226,SETTLED
STI-000003768,STB-000028,TXN-00004712,2026-01-12,SGD,3670,0,0,3670,SETTLED
STI-000003769,STB-000123,TXN-00004714,2026-02-12,USD,1636,0,0,1636,SETTLED
STI-000003770,STB-000154,TXN-00004716,2026-02-23,SGD,7727,1247,0,6480,SETTLED
STI-000003771,STB-000117,TXN-00004717,2026-02-10,USD,4524,0,0,4524,SETTLED
STI-000003772,STB-000101,TXN-00004718,2026-02-05,THB,1861,0,0,1861,SETTLED
STI-000003773,STB-000028,TXN-00004720,2026-01-12,SGD,3773,2061,0,1712,SETTLED
STI-000003774,STB-000150,TXN-00004721,2026-02-21,USD,1415,0,0,1415,SETTLED
STI-000003775,STB-000059,TXN-00004723,2026-01-22,THB,19100,0,0,19100,SETTLED
STI-000003776,STB-000054,TXN-00004724,2026-01-20,USD,5113,0,0,5113,SETTLED
STI-000003777,STB-000017,TXN-00004725,2026-01-08,THB,6281,0,0,6281,SETTLED
STI-000003778,STB-000015,TXN-00004726,2026-01-07,USD,2483,0,0,2483,SETTLED
STI-000003779,STB-000144,TXN-00004727,2026-02-19,USD,6302,0,0,6302,SETTLED
STI-000003780,STB-000068,TXN-00004728,2026-01-25,THB,1659,0,0,1659,SETTLED
STI-000003781,STB-000062,TXN-00004729,2026-01-23,THB,5129,0,0,5129,SETTLED
STI-000003782,STB-000062,TXN-00004731,2026-01-23,THB,3104,0,0,3104,SETTLED
STI-000003783,STB-000050,TXN-00004732,2026-01-19,THB,913,0,0,913,SETTLED
STI-000003784,STB-000108,TXN-00004735,2026-02-07,USD,11605,0,0,11605,SETTLED
STI-000003785,STB-000033,TXN-00004736,2026-01-13,USD,27518,22520,0,4998,SETTLED
STI-000003786,STB-000018,TXN-00004737,2026-01-08,USD,4452,0,4452,0,SETTLED
STI-000003787,STB-000032,TXN-00004738,2026-01-13,THB,27203,0,0,27203,SETTLED
STI-000003788,STB-000178,TXN-00004739,2026-03-03,SGD,769,0,0,769,SETTLED
STI-000003789,STB-000142,TXN-00004741,2026-02-19,SGD,1774,0,0,1774,SETTLED
STI-000003790,STB-000010,TXN-00004742,2026-01-06,SGD,1279,0,0,1279,SETTLED
STI-000003791,STB-000091,TXN-00004743,2026-02-02,SGD,3370,0,0,3370,SETTLED
STI-000003792,STB-000154,TXN-00004744,2026-02-23,SGD,15787,0,0,15787,SETTLED
STI-000003793,STB-000031,TXN-00004745,2026-01-13,SGD,39451,0,0,39451,SETTLED
STI-000003794,STB-000108,TXN-00004746,2026-02-07,USD,41268,0,0,41268,SETTLED
STI-000003795,STB-000065,TXN-00004747,2026-01-24,THB,10896,0,0,10896,SETTLED
STI-000003796,STB-000131,TXN-00004748,2026-02-15,THB,2333,0,0,2333,SETTLED
STI-000003797,STB-000057,TXN-00004749,2026-01-21,USD,2116,0,0,2116,SETTLED
STI-000003798,STB-000126,TXN-00004750,2026-02-13,USD,1732,534,0,1198,SETTLED
STI-000003799,STB-000111,TXN-00004751,2026-02-08,USD,25392,0,0,25392,SETTLED
STI-000003800,STB-000168,TXN-00004752,2026-02-27,USD,25583,0,0,25583,SETTLED
STI-000003801,STB-000170,TXN-00004753,2026-02-28,THB,1169,0,0,1169,SETTLED
STI-000003802,STB-000076,TXN-00004754,2026-01-28,SGD,1341,0,0,1341,SETTLED
STI-000003803,STB-000068,TXN-00004755,2026-01-25,THB,25616,0,0,25616,SETTLED
STI-000003804,STB-000114,TXN-00004756,2026-02-09,USD,2607,0,2607,0,SETTLED
STI-000003805,STB-000040,TXN-00004757,2026-01-16,SGD,7478,0,0,7478,SETTLED
STI-000003806,STB-000076,TXN-00004758,2026-01-28,SGD,1010,0,1010,0,SETTLED
STI-000003807,STB-000105,TXN-00004759,2026-02-06,USD,6358,0,0,6358,SETTLED
STI-000003808,STB-000027,TXN-00004760,2026-01-11,USD,303,0,0,303,SETTLED
STI-000003809,STB-000027,TXN-00004761,2026-01-11,USD,4020,0,0,4020,SETTLED
STI-000003810,STB-000170,TXN-00004762,2026-02-28,THB,20653,16879,0,3774,SETTLED
STI-000003811,STB-000063,TXN-00004764,2026-01-23,USD,2491,2370,0,121,SETTLED
STI-000003812,STB-000125,TXN-00004765,2026-02-13,THB,7061,1221,0,5840,SETTLED
STI-000003813,STB-000068,TXN-00004766,2026-01-25,THB,5057,1022,0,4035,SETTLED
STI-000003814,STB-000048,TXN-00004767,2026-01-18,USD,3120,0,0,3120,SETTLED
STI-000003815,STB-000006,TXN-00004769,2026-01-04,USD,4456,0,0,4456,SETTLED
STI-000003816,STB-000047,TXN-00004770,2026-01-18,THB,1086,254,0,832,SETTLED
STI-000003817,STB-000028,TXN-00004771,2026-01-12,SGD,1856,0,0,1856,SETTLED
STI-000003818,STB-000097,TXN-00004772,2026-02-04,SGD,5246,2527,0,2719,SETTLED
STI-000003819,STB-000148,TXN-00004773,2026-02-21,SGD,7810,0,0,7810,SETTLED
STI-000003820,STB-000068,TXN-00004775,2026-01-25,THB,1040,0,0,1040,SETTLED
STI-000003821,STB-000097,TXN-00004776,2026-02-04,SGD,3940,0,0,3940,SETTLED
STI-000003822,STB-000067,TXN-00004777,2026-01-25,SGD,3308,0,0,3308,SETTLED
STI-000003823,STB-000134,TXN-00004781,2026-02-16,THB,2782,0,0,2782,SETTLED
STI-000003824,STB-000172,TXN-00004782,2026-03-01,SGD,22064,0,0,22064,SETTLED
STI-000003825,STB-000154,TXN-00004783,2026-02-23,SGD,34817,0,0,34817,SETTLED
STI-000003826,STB-000159,TXN-00004785,2026-02-24,USD,602,0,0,602,SETTLED
STI-000003827,STB-000060,TXN-00004787,2026-01-22,USD,10319,0,0,10319,SETTLED
STI-000003828,STB-000097,TXN-00004788,2026-02-04,SGD,9622,0,0,9622,SETTLED
STI-000003829,STB-000069,TXN-00004789,2026-01-25,USD,2722,645,0,2077,SETTLED
STI-000003830,STB-000056,TXN-00004791,2026-01-21,THB,1299,0,0,1299,SETTLED
STI-000003831,STB-000155,TXN-00004792,2026-02-23,THB,1859,0,0,1859,SETTLED
STI-000003832,STB-000034,TXN-00004793,2026-01-14,SGD,6972,0,0,6972,SETTLED
STI-000003833,STB-000040,TXN-00004794,2026-01-16,SGD,3394,0,0,3394,SETTLED
STI-000003834,STB-000158,TXN-00004795,2026-02-24,THB,4824,0,0,4824,SETTLED
STI-000003835,STB-000168,TXN-00004797,2026-02-27,USD,1664,0,0,1664,SETTLED
STI-000003836,STB-000152,TXN-00004798,2026-02-22,THB,13483,0,0,13483,SETTLED
STI-000003837,STB-000078,TXN-00004799,2026-01-28,USD,1571,0,0,1571,SETTLED
STI-000003838,STB-000176,TXN-00004800,2026-03-02,THB,17073,0,0,17073,SETTLED
STI-000003839,STB-000001,TXN-00004801,2026-01-03,SGD,417,0,0,417,SETTLED
STI-000003840,STB-000170,TXN-00004802,2026-02-28,THB,7179,0,0,7179,SETTLED
STI-000003841,STB-000156,TXN-00004803,2026-02-23,USD,2677,0,0,2677,SETTLED
STI-000003842,STB-000117,TXN-00004804,2026-02-10,USD,1744,0,0,1744,SETTLED
STI-000003843,STB-000163,TXN-00004805,2026-02-26,SGD,7334,0,0,7334,SETTLED
STI-000003844,STB-000133,TXN-00004807,2026-02-16,SGD,113824,26938,0,86886,SETTLED
STI-000003845,STB-000167,TXN-00004809,2026-02-27,THB,768,0,0,768,SETTLED
STI-000003846,STB-000061,TXN-00004810,2026-01-23,SGD,3641,0,0,3641,SETTLED
STI-000003847,STB-000153,TXN-00004811,2026-02-22,USD,1340,0,0,1340,SETTLED
STI-000003848,STB-000040,TXN-00004812,2026-01-16,SGD,1152,0,0,1152,SETTLED
STI-000003849,STB-000061,TXN-00004813,2026-01-23,SGD,1838,0,0,1838,SETTLED
STI-000003850,STB-000054,TXN-00004814,2026-01-20,USD,1497,0,0,1497,SETTLED
STI-000003851,STB-000030,TXN-00004815,2026-01-12,USD,1916,0,0,1916,SETTLED
STI-000003852,STB-000113,TXN-00004816,2026-02-09,THB,7329,0,0,7329,SETTLED
STI-000003853,STB-000101,TXN-00004817,2026-02-05,THB,15904,0,0,15904,SETTLED
STI-000003854,STB-000144,TXN-00004818,2026-02-19,USD,1590,0,0,1590,SETTLED
STI-000003855,STB-000115,TXN-00004819,2026-02-10,SGD,13457,0,0,13457,SETTLED
STI-000003856,STB-000083,TXN-00004820,2026-01-30,THB,11173,0,0,11173,SETTLED
STI-000003857,STB-000153,TXN-00004821,2026-02-22,USD,7018,0,0,7018,SETTLED
STI-000003858,STB-000066,TXN-00004822,2026-01-24,USD,6211,0,0,6211,SETTLED
STI-000003859,STB-000144,TXN-00004823,2026-02-19,USD,3043,0,3043,0,SETTLED
STI-000003860,STB-000132,TXN-00004824,2026-02-15,USD,1239,0,0,1239,SETTLED
STI-000003861,STB-000165,TXN-00004825,2026-02-26,USD,7962,0,0,7962,SETTLED
STI-000003862,STB-000049,TXN-00004826,2026-01-19,SGD,21513,0,0,21513,SETTLED
STI-000003863,STB-000140,TXN-00004827,2026-02-18,THB,1139,0,0,1139,SETTLED
STI-000003864,STB-000099,TXN-00004828,2026-02-04,USD,10420,0,0,10420,SETTLED
STI-000003865,STB-000040,TXN-00004829,2026-01-16,SGD,4461,0,0,4461,SETTLED
STI-000003866,STB-000120,TXN-00004831,2026-02-11,USD,3365,919,0,2446,SETTLED
STI-000003867,STB-000073,TXN-00004832,2026-01-27,SGD,3938,0,0,3938,SETTLED
STI-000003868,STB-000116,TXN-00004833,2026-02-10,THB,731,0,0,731,SETTLED
STI-000003869,STB-000153,TXN-00004834,2026-02-22,USD,1046,0,0,1046,SETTLED
STI-000003870,STB-000119,TXN-00004835,2026-02-11,THB,4695,3803,0,892,SETTLED
STI-000003871,STB-000007,TXN-00004836,2026-01-05,SGD,2430,0,0,2430,SETTLED
STI-000003872,STB-000033,TXN-00004837,2026-01-13,USD,1763,0,0,1763,SETTLED
STI-000003873,STB-000140,TXN-00004838,2026-02-18,THB,9137,0,0,9137,SETTLED
STI-000003874,STB-000127,TXN-00004839,2026-02-14,SGD,5302,2026,0,3276,SETTLED
STI-000003875,STB-000135,TXN-00004840,2026-02-16,USD,2025,0,2025,0,SETTLED
STI-000003876,STB-000140,TXN-00004841,2026-02-18,THB,16581,0,0,16581,SETTLED
STI-000003877,STB-000056,TXN-00004843,2026-01-21,THB,1082,0,0,1082,SETTLED
STI-000003878,STB-000141,TXN-00004844,2026-02-18,USD,1204,0,0,1204,SETTLED
STI-000003879,STB-000127,TXN-00004846,2026-02-14,SGD,6662,0,0,6662,SETTLED
STI-000003880,STB-000169,TXN-00004847,2026-02-28,SGD,979,730,0,249,SETTLED
STI-000003881,STB-000069,TXN-00004848,2026-01-25,USD,6240,0,0,6240,SETTLED
STI-000003882,STB-000171,TXN-00004849,2026-02-28,USD,5951,0,0,5951,SETTLED
STI-000003883,STB-000112,TXN-00004850,2026-02-09,SGD,1194,0,0,1194,SETTLED
STI-000003884,STB-000032,TXN-00004852,2026-01-13,THB,6663,0,0,6663,SETTLED
STI-000003885,STB-000173,TXN-00004853,2026-03-01,THB,6959,0,0,6959,SETTLED
STI-000003886,STB-000110,TXN-00004854,2026-02-08,THB,29566,0,0,29566,SETTLED
STI-000003887,STB-000175,TXN-00004856,2026-03-02,SGD,3226,0,0,3226,SETTLED
STI-000003888,STB-000048,TXN-00004857,2026-01-18,USD,2696,0,2696,0,SETTLED
STI-000003889,STB-000055,TXN-00004858,2026-01-21,SGD,1365,1356,0,9,SETTLED
STI-000003890,STB-000007,TXN-00004859,2026-01-05,SGD,3039,0,0,3039,SETTLED
STI-000003891,STB-000091,TXN-00004861,2026-02-02,SGD,7230,0,0,7230,SETTLED
STI-000003892,STB-000168,TXN-00004862,2026-02-27,USD,1311,0,0,1311,SETTLED
STI-000003893,STB-000076,TXN-00004863,2026-01-28,SGD,8308,0,0,8308,SETTLED
STI-000003894,STB-000004,TXN-00004865,2026-01-04,SGD,2919,0,0,2919,SETTLED
STI-000003895,STB-000094,TXN-00004866,2026-02-03,SGD,2124,0,0,2124,SETTLED
STI-000003896,STB-000132,TXN-00004868,2026-02-15,USD,1404,600,0,804,SETTLED
STI-000003897,STB-000122,TXN-00004869,2026-02-12,THB,5447,0,0,5447,SETTLED
STI-000003898,STB-000024,TXN-00004870,2026-01-10,USD,7673,0,0,7673,SETTLED
STI-000003899,STB-000014,TXN-00004871,2026-01-07,THB,18293,0,0,18293,SETTLED
STI-000003900,STB-000025,TXN-00004873,2026-01-11,SGD,3072,0,0,3072,SETTLED
STI-000003901,STB-000017,TXN-00004874,2026-01-08,THB,20922,0,0,20922,SETTLED
STI-000003902,STB-000079,TXN-00004875,2026-01-29,SGD,13143,0,0,13143,SETTLED
STI-000003903,STB-000108,TXN-00004876,2026-02-07,USD,10971,0,0,10971,SETTLED
STI-000003904,STB-000146,TXN-00004881,2026-02-20,THB,5320,5014,0,306,SETTLED
STI-000003905,STB-000100,TXN-00004882,2026-02-05,SGD,857,0,0,857,SETTLED
STI-000003906,STB-000097,TXN-00004883,2026-02-04,SGD,3749,0,0,3749,SETTLED
STI-000003907,STB-000153,TXN-00004884,2026-02-22,USD,34267,0,0,34267,SETTLED
STI-000003908,STB-000028,TXN-00004885,2026-01-12,SGD,2034,0,0,2034,SETTLED
STI-000003909,STB-000090,TXN-00004886,2026-02-01,USD,2973,0,0,2973,SETTLED
STI-000003910,STB-000157,TXN-00004888,2026-02-24,SGD,4965,0,0,4965,SETTLED
STI-000003911,STB-000089,TXN-00004889,2026-02-01,THB,6503,0,0,6503,SETTLED
STI-000003912,STB-000112,TXN-00004890,2026-02-09,SGD,6269,0,0,6269,SETTLED
STI-000003913,STB-000044,TXN-00004894,2026-01-17,THB,5785,0,0,5785,SETTLED
STI-000003914,STB-000134,TXN-00004896,2026-02-16,THB,4619,0,0,4619,SETTLED
STI-000003915,STB-000052,TXN-00004902,2026-01-20,SGD,3346,0,0,3346,SETTLED
STI-000003916,STB-000166,TXN-00004903,2026-02-27,SGD,20345,0,0,20345,SETTLED
STI-000003917,STB-000117,TXN-00004906,2026-02-10,USD,20203,0,0,20203,SETTLED
STI-000003918,STB-000106,TXN-00004907,2026-02-07,SGD,3603,0,0,3603,SETTLED
STI-000003919,STB-000174,TXN-00004908,2026-03-01,USD,14877,0,0,14877,SETTLED
STI-000003920,STB-000098,TXN-00004909,2026-02-04,THB,2638,0,2638,0,SETTLED
STI-000003921,STB-000093,TXN-00004910,2026-02-02,USD,2479,0,0,2479,SETTLED
STI-000003922,STB-000010,TXN-00004911,2026-01-06,SGD,2824,0,0,2824,SETTLED
STI-000003923,STB-000019,TXN-00004912,2026-01-09,SGD,3716,0,0,3716,SETTLED
STI-000003924,STB-000055,TXN-00004913,2026-01-21,SGD,1937,0,0,1937,SETTLED
STI-000003925,STB-000106,TXN-00004914,2026-02-07,SGD,22062,0,0,22062,SETTLED
STI-000003926,STB-000058,TXN-00004915,2026-01-22,SGD,11304,0,0,11304,SETTLED
STI-000003927,STB-000024,TXN-00004916,2026-01-10,USD,1781,0,0,1781,SETTLED
STI-000003928,STB-000055,TXN-00004917,2026-01-21,SGD,6205,0,0,6205,SETTLED
STI-000003929,STB-000016,TXN-00004918,2026-01-08,SGD,7468,0,0,7468,SETTLED
STI-000003930,STB-000078,TXN-00004919,2026-01-28,USD,1089,0,0,1089,SETTLED
STI-000003931,STB-000070,TXN-00004920,2026-01-26,SGD,6377,0,0,6377,SETTLED
STI-000003932,STB-000065,TXN-00004921,2026-01-24,THB,7709,0,0,7709,SETTLED
STI-000003933,STB-000104,TXN-00004922,2026-02-06,THB,7245,0,0,7245,SETTLED
STI-000003934,STB-000025,TXN-00004923,2026-01-11,SGD,882,0,0,882,SETTLED
STI-000003935,STB-000032,TXN-00004924,2026-01-13,THB,23460,0,0,23460,SETTLED
STI-000003936,STB-000056,TXN-00004925,2026-01-21,THB,3174,0,0,3174,SETTLED
STI-000003937,STB-000093,TXN-00004926,2026-02-02,USD,3998,0,0,3998,SETTLED
STI-000003938,STB-000117,TXN-00004927,2026-02-10,USD,1281,0,0,1281,SETTLED
STI-000003939,STB-000131,TXN-00004928,2026-02-15,THB,6689,0,0,6689,SETTLED
STI-000003940,STB-000154,TXN-00004929,2026-02-23,SGD,8425,0,0,8425,SETTLED
STI-000003941,STB-000005,TXN-00004930,2026-01-04,THB,9072,0,0,9072,SETTLED
STI-000003942,STB-000104,TXN-00004931,2026-02-06,THB,1382,0,0,1382,SETTLED
STI-000003943,STB-000001,TXN-00004932,2026-01-03,SGD,1195,0,0,1195,SETTLED
STI-000003944,STB-000171,TXN-00004933,2026-02-28,USD,7389,0,7389,0,SETTLED
STI-000003945,STB-000010,TXN-00004934,2026-01-06,SGD,52741,0,0,52741,SETTLED
STI-000003946,STB-000003,TXN-00004937,2026-01-03,USD,5071,0,0,5071,SETTLED
STI-000003947,STB-000013,TXN-00004938,2026-01-07,SGD,3337,0,0,3337,SETTLED
STI-000003948,STB-000148,TXN-00004939,2026-02-21,SGD,4877,0,0,4877,SETTLED
STI-000003949,STB-000062,TXN-00004940,2026-01-23,THB,22508,15224,0,7284,SETTLED
STI-000003950,STB-000057,TXN-00004941,2026-01-21,USD,2456,0,0,2456,SETTLED
STI-000003951,STB-000083,TXN-00004944,2026-01-30,THB,6559,0,0,6559,SETTLED
STI-000003952,STB-000126,TXN-00004945,2026-02-13,USD,24371,0,0,24371,SETTLED
STI-000003953,STB-000097,TXN-00004946,2026-02-04,SGD,2796,0,0,2796,SETTLED
STI-000003954,STB-000083,TXN-00004947,2026-01-30,THB,4900,0,0,4900,SETTLED
STI-000003955,STB-000123,TXN-00004948,2026-02-12,USD,10116,4656,0,5460,SETTLED
STI-000003956,STB-000118,TXN-00004949,2026-02-11,SGD,14816,8996,0,5820,SETTLED
STI-000003957,STB-000119,TXN-00004950,2026-02-11,THB,1990,0,0,1990,SETTLED
STI-000003958,STB-000109,TXN-00004952,2026-02-08,SGD,2787,0,0,2787,SETTLED
STI-000003959,STB-000015,TXN-00004953,2026-01-07,USD,6771,0,0,6771,SETTLED
STI-000003960,STB-000155,TXN-00004954,2026-02-23,THB,9231,0,0,9231,SETTLED
STI-000003961,STB-000042,TXN-00004955,2026-01-16,USD,4125,0,0,4125,SETTLED
STI-000003962,STB-000121,TXN-00004956,2026-02-12,SGD,28969,0,0,28969,SETTLED
STI-000003963,STB-000062,TXN-00004957,2026-01-23,THB,3188,0,0,3188,SETTLED
STI-000003964,STB-000138,TXN-00004959,2026-02-17,USD,9593,0,0,9593,SETTLED
STI-000003965,STB-000171,TXN-00004960,2026-02-28,USD,3210,0,0,3210,SETTLED
STI-000003966,STB-000137,TXN-00004961,2026-02-17,THB,22515,11886,0,10629,SETTLED
STI-000003967,STB-000069,TXN-00004962,2026-01-25,USD,11416,0,0,11416,SETTLED
STI-000003968,STB-000104,TXN-00004963,2026-02-06,THB,12226,5242,0,6984,SETTLED
STI-000003969,STB-000064,TXN-00004964,2026-01-24,SGD,2231,0,0,2231,SETTLED
STI-000003970,STB-000165,TXN-00004965,2026-02-26,USD,4364,0,0,4364,SETTLED
STI-000003971,STB-000176,TXN-00004966,2026-03-02,THB,886,0,886,0,SETTLED
STI-000003972,STB-000122,TXN-00004967,2026-02-12,THB,5466,0,0,5466,SETTLED
STI-000003973,STB-000145,TXN-00004968,2026-02-20,SGD,4509,0,0,4509,SETTLED
STI-000003974,STB-000071,TXN-00004969,2026-01-26,THB,3491,0,0,3491,SETTLED
STI-000003975,STB-000044,TXN-00004971,2026-01-17,THB,1315,0,0,1315,SETTLED
STI-000003976,STB-000086,TXN-00004972,2026-01-31,THB,8259,0,0,8259,SETTLED
STI-000003977,STB-000077,TXN-00004974,2026-01-28,THB,20760,0,0,20760,SETTLED
STI-000003978,STB-000016,TXN-00004976,2026-01-08,SGD,15788,0,0,15788,SETTLED
STI-000003979,STB-000156,TXN-00004979,2026-02-23,USD,3022,1531,0,1491,SETTLED
STI-000003980,STB-000018,TXN-00004981,2026-01-08,USD,1806,0,0,1806,SETTLED
STI-000003981,STB-000022,TXN-00004982,2026-01-10,SGD,1545,0,0,1545,SETTLED
STI-000003982,STB-000154,TXN-00004983,2026-02-23,SGD,11308,0,0,11308,SETTLED
STI-000003983,STB-000021,TXN-00004985,2026-01-09,USD,1533,0,0,1533,SETTLED
STI-000003984,STB-000160,TXN-00004986,2026-02-25,SGD,14825,0,0,14825,SETTLED
STI-000003985,STB-000088,TXN-00004987,2026-02-01,SGD,6437,0,0,6437,SETTLED
STI-000003986,STB-000032,TXN-00004988,2026-01-13,THB,12197,0,0,12197,SETTLED
STI-000003987,STB-000166,TXN-00004989,2026-02-27,SGD,511,0,0,511,SETTLED
STI-000003988,STB-000018,TXN-00004990,2026-01-08,USD,2632,0,0,2632,SETTLED
STI-000003989,STB-000007,TXN-00004991,2026-01-05,SGD,2105,0,0,2105,SETTLED
STI-000003990,STB-000146,TXN-00004992,2026-02-20,THB,4673,0,4673,0,SETTLED
STI-000003991,STB-000113,TXN-00004993,2026-02-09,THB,692,0,0,692,SETTLED
STI-000003992,STB-000117,TXN-00004994,2026-02-10,USD,852,0,0,852,SETTLED
STI-000003993,STB-000160,TXN-00004995,2026-02-25,SGD,5933,0,0,5933,SETTLED
STI-000003994,STB-000142,TXN-00004996,2026-02-19,SGD,5736,0,0,5736,SETTLED
STI-000003995,STB-000135,TXN-00004997,2026-02-16,USD,14012,7322,0,6690,SETTLED
STI-000003996,STB-000158,TXN-00004998,2026-02-24,THB,22951,0,0,22951,SETTLED
STI-000003997,STB-000031,TXN-00004999,2026-01-13,SGD,14175,0,0,14175,SETTLED
STI-000003998,STB-000124,TXN-00005000,2026-02-13,SGD,2661,0,0,2661,SETTLED
