transaction_id,account_id,merchant_id,idempotency_key,currency,transaction_amount_minor,status,initiated_at,completed_at
TXN-00000001,ACC-000152,MER-00072,IDEMP-00000001,THB,3480,CANCELLED,2026-01-04 07:45:18,2026-01-04 07:54:16
TXN-00000002,ACC-000181,MER-00043,IDEMP-00000002,USD,4938,CANCELLED,2026-02-23 23:50:39,2026-02-23 23:56:05
TXN-00000003,ACC-000157,MER-00052,IDEMP-00000003,THB,847,COMPLETED,2026-02-14 05:02:40,2026-02-14 05:04:18
TXN-00000004,ACC-000091,MER-00037,IDEMP-00000004,THB,5108,PENDING,2026-02-21 09:42:03,
TXN-00000005,ACC-000360,MER-00008,IDEMP-00000005,THB,10673,COMPLETED,2026-02-02 17:46:27,2026-02-02 17:52:16
TXN-00000006,ACC-000072,MER-00010,IDEMP-00000006,THB,4095,PENDING,2026-02-12 23:35:15,
TXN-00000007,ACC-000215,MER-00026,IDEMP-00000007,THB,10560,DECLINED,2026-02-03 23:59:27,2026-02-03 23:59:40
TXN-00000008,ACC-000137,MER-00048,IDEMP-00000008,SGD,5872,COMPLETED,2026-02-03 01:30:04,2026-02-03 01:39:35
TXN-00000009,ACC-000181,MER-00031,IDEMP-00000009,USD,5227,COMPLETED,2026-02-14 08:08:36,2026-02-14 08:11:47
TXN-00000010,ACC-000327,MER-00064,IDEMP-00000010,USD,6397,COMPLETED,2026-01-22 03:15:39,2026-01-22 03:19:23
TXN-00000011,ACC-000368,MER-00041,IDEMP-00000011,THB,30114,COMPLETED,2026-01-31 06:08:30,2026-01-31 06:09:54
TXN-00000012,ACC-000169,MER-00058,IDEMP-00000012,USD,26937,COMPLETED,2026-01-14 18:07:32,2026-01-14 18:16:41
TXN-00000013,ACC-000097,MER-00069,IDEMP-00000013,SGD,2227,COMPLETED,2026-02-09 10:47:38,2026-02-09 10:57:20
TXN-00000014,ACC-000168,MER-00064,IDEMP-00000014,THB,5376,COMPLETED,2026-01-12 05:57:13,2026-01-12 06:01:27
TXN-00000015,ACC-000076,MER-00079,IDEMP-00000015,USD,1692,COMPLETED,2026-02-27 05:58:56,2026-02-27 06:00:56
TXN-00000016,ACC-000105,MER-00042,IDEMP-00000016,SGD,6408,COMPLETED,2026-01-29 08:20:33,2026-01-29 08:28:49
TXN-00000017,ACC-000252,MER-00077,IDEMP-00000017,SGD,763,COMPLETED,2026-01-12 08:07:54,2026-01-12 08:14:17
TXN-00000018,ACC-000246,MER-00025,IDEMP-00000018,THB,4566,COMPLETED,2026-01-12 15:43:56,2026-01-12 15:47:09
TXN-00000019,ACC-000174,MER-00015,IDEMP-00000019,SGD,18680,DECLINED,2026-01-22 11:32:51,2026-01-22 11:34:18
TXN-00000020,ACC-000215,MER-00069,IDEMP-00000020,THB,3380,COMPLETED,2026-02-24 04:13:40,2026-02-24 04:18:37
TXN-00000021,ACC-000268,MER-00070,IDEMP-00000021,SGD,3756,COMPLETED,2026-02-18 11:14:26,2026-02-18 11:15:40
TXN-00000022,ACC-000181,MER-00009,IDEMP-00000022,USD,5072,COMPLETED,2026-02-06 15:52:19,2026-02-06 16:00:24
TXN-00000023,ACC-000423,MER-00055,IDEMP-00000023,USD,1395,COMPLETED,2026-02-02 18:30:21,2026-02-02 18:34:26
TXN-00000024,ACC-000091,MER-00060,IDEMP-00000024,THB,14738,COMPLETED,2026-01-03 05:25:16,2026-01-03 05:25:43
TXN-00000025,ACC-000349,MER-00054,IDEMP-00000025,USD,6206,COMPLETED,2026-02-26 05:36:13,2026-02-26 05:40:29
TXN-00000026,ACC-000075,MER-00069,IDEMP-00000026,SGD,9185,COMPLETED,2026-02-10 05:00:15,2026-02-10 05:05:14
TXN-00000027,ACC-000442,MER-00031,IDEMP-00000027,SGD,1549,PENDING,2026-03-01 16:02:11,
TXN-00000028,ACC-000371,MER-00048,IDEMP-00000028,USD,24653,COMPLETED,2026-02-22 04:58:15,2026-02-22 05:03:30
TXN-00000029,ACC-000110,MER-00019,IDEMP-00000029,USD,9647,COMPLETED,2026-01-01 12:32:20,2026-01-01 12:38:00
TXN-00000030,ACC-000404,MER-00070,IDEMP-00000030,SGD,6655,COMPLETED,2026-01-19 16:58:25,2026-01-19 17:02:28
TXN-00000031,ACC-000409,MER-00016,IDEMP-00000031,USD,6876,COMPLETED,2026-01-11 05:46:40,2026-01-11 05:56:27
TXN-00000032,ACC-000431,MER-00044,IDEMP-00000032,SGD,3410,CANCELLED,2026-02-10 21:37:44,2026-02-10 21:47:22
TXN-00000033,ACC-000131,MER-00002,IDEMP-00000033,SGD,2249,CANCELLED,2026-01-12 13:55:33,2026-01-12 14:05:29
TXN-00000034,ACC-000005,MER-00060,IDEMP-00000034,THB,12590,COMPLETED,2026-02-10 22:15:07,2026-02-10 22:16:36
TXN-00000035,ACC-000130,MER-00066,IDEMP-00000035,SGD,11817,COMPLETED,2026-02-10 18:54:12,2026-02-10 18:56:13
TXN-00000036,ACC-000308,MER-00052,IDEMP-00000036,SGD,2635,COMPLETED,2026-01-07 13:21:30,2026-01-07 13:25:48
TXN-00000037,ACC-000105,MER-00072,IDEMP-00000037,SGD,806,COMPLETED,2026-02-13 12:40:06,2026-02-13 12:49:27
TXN-00000038,ACC-000447,MER-00012,IDEMP-00000038,SGD,6248,COMPLETED,2026-02-25 12:00:41,2026-02-25 12:01:39
TXN-00000039,ACC-000196,MER-00015,IDEMP-00000039,THB,2742,PENDING,2026-02-10 13:39:24,
TXN-00000040,ACC-000204,MER-00059,IDEMP-00000040,THB,4716,COMPLETED,2026-02-01 06:15:47,2026-02-01 06:17:44
TXN-00000041,ACC-000054,MER-00040,IDEMP-00000041,USD,1773,COMPLETED,2026-02-15 02:47:24,2026-02-15 02:53:06
TXN-00000042,ACC-000407,MER-00018,IDEMP-00000042,SGD,14645,COMPLETED,2026-01-18 00:31:07,2026-01-18 00:35:57
TXN-00000043,ACC-000020,MER-00005,IDEMP-00000043,THB,3180,COMPLETED,2026-01-06 02:10:36,2026-01-06 02:14:41
TXN-00000044,ACC-000267,MER-00054,IDEMP-00000044,USD,13464,COMPLETED,2026-01-02 19:22:02,2026-01-02 19:30:06
TXN-00000045,ACC-000193,MER-00048,IDEMP-00000045,USD,2346,COMPLETED,2026-02-26 21:33:09,2026-02-26 21:36:28
TXN-00000046,ACC-000309,MER-00020,IDEMP-00000046,SGD,2739,CANCELLED,2026-01-15 22:19:24,2026-01-15 22:21:26
TXN-00000047,ACC-000232,MER-00080,IDEMP-00000047,SGD,1572,COMPLETED,2026-01-28 16:01:28,2026-01-28 16:06:34
TXN-00000048,ACC-000081,MER-00059,IDEMP-00000048,USD,5937,COMPLETED,2026-02-07 06:26:41,2026-02-07 06:33:01
TXN-00000049,ACC-000280,MER-00041,IDEMP-00000049,USD,11463,COMPLETED,2026-02-01 15:37:36,2026-02-01 15:43:17
TXN-00000050,ACC-000043,MER-00012,IDEMP-00000050,SGD,2600,COMPLETED,2026-02-24 10:05:38,2026-02-24 10:12:19
TXN-00000051,ACC-000132,MER-00016,IDEMP-00000051,SGD,4507,COMPLETED,2026-02-05 03:24:30,2026-02-05 03:24:58
TXN-00000052,ACC-000149,MER-00004,IDEMP-00000052,THB,5923,COMPLETED,2026-02-20 13:03:01,2026-02-20 13:03:17
TXN-00000053,ACC-000386,MER-00035,IDEMP-00000053,USD,10262,COMPLETED,2026-01-03 08:02:30,2026-01-03 08:09:55
TXN-00000054,ACC-000373,MER-00027,IDEMP-00000054,SGD,960,COMPLETED,2026-01-09 15:48:50,2026-01-09 15:56:17
TXN-00000055,ACC-000068,MER-00004,IDEMP-00000055,USD,1853,COMPLETED,2026-01-21 13:04:21,2026-01-21 13:10:18
TXN-00000056,ACC-000261,MER-00075,IDEMP-00000056,THB,6906,COMPLETED,2026-02-02 17:37:17,2026-02-02 17:38:30
TXN-00000057,ACC-000175,MER-00033,IDEMP-00000057,USD,1761,COMPLETED,2026-02-03 22:42:25,2026-02-03 22:44:00
TXN-00000058,ACC-000386,MER-00067,IDEMP-00000058,USD,4627,COMPLETED,2026-01-03 14:23:16,2026-01-03 14:24:14
TXN-00000059,ACC-000175,MER-00057,IDEMP-00000059,USD,22571,PENDING,2026-01-11 17:46:36,
TXN-00000060,ACC-000186,MER-00044,IDEMP-00000060,THB,3264,COMPLETED,2026-01-19 14:58:46,2026-01-19 15:04:49
TXN-00000061,ACC-000221,MER-00048,IDEMP-00000061,USD,5062,COMPLETED,2026-01-18 06:17:54,2026-01-18 06:21:46
TXN-00000062,ACC-000260,MER-00050,IDEMP-00000062,USD,6966,COMPLETED,2026-02-01 18:08:07,2026-02-01 18:15:17
TXN-00000063,ACC-000161,MER-00006,IDEMP-00000063,USD,4212,COMPLETED,2026-01-13 11:41:43,2026-01-13 11:51:06
TXN-00000064,ACC-000359,MER-00040,IDEMP-00000064,THB,444,COMPLETED,2026-01-31 17:12:26,2026-01-31 17:12:58
TXN-00000065,ACC-000285,MER-00044,IDEMP-00000065,SGD,22667,COMPLETED,2026-01-09 20:15:16,2026-01-09 20:24:31
TXN-00000066,ACC-000068,MER-00022,IDEMP-00000066,USD,1402,COMPLETED,2026-02-17 08:30:51,2026-02-17 08:33:50
TXN-00000067,ACC-000171,MER-00003,IDEMP-00000067,SGD,1613,COMPLETED,2026-02-26 06:49:05,2026-02-26 06:55:27
TXN-00000068,ACC-000292,MER-00017,IDEMP-00000068,THB,4250,DECLINED,2026-01-20 03:15:24,2026-01-20 03:17:03
TXN-00000069,ACC-000300,MER-00049,IDEMP-00000069,THB,15440,COMPLETED,2026-02-08 08:39:16,2026-02-08 08:45:55
TXN-00000070,ACC-000152,MER-00079,IDEMP-00000070,THB,2155,COMPLETED,2026-02-22 08:47:43,2026-02-22 08:53:10
TXN-00000071,ACC-000274,MER-00035,IDEMP-00000071,USD,22074,COMPLETED,2026-03-01 13:28:26,2026-03-01 13:32:00
TXN-00000072,ACC-000039,MER-00076,IDEMP-00000072,USD,4655,COMPLETED,2026-02-18 20:35:04,2026-02-18 20:39:35
TXN-00000073,ACC-000422,MER-00005,IDEMP-00000073,THB,4118,COMPLETED,2026-02-03 16:42:01,2026-02-03 16:49:20
TXN-00000074,ACC-000058,MER-00066,IDEMP-00000074,SGD,3788,COMPLETED,2026-02-08 03:14:19,2026-02-08 03:15:03
TXN-00000075,ACC-000317,MER-00075,IDEMP-00000075,USD,4641,COMPLETED,2026-02-12 20:26:10,2026-02-12 20:28:42
TXN-00000076,ACC-000271,MER-00068,IDEMP-00000076,SGD,776,COMPLETED,2026-02-17 14:52:18,2026-02-17 15:00:16
TXN-00000077,ACC-000208,MER-00024,IDEMP-00000077,USD,12339,COMPLETED,2026-02-07 01:13:35,2026-02-07 01:17:22
TXN-00000078,ACC-000349,MER-00024,IDEMP-00000078,USD,15075,COMPLETED,2026-01-06 20:19:46,2026-01-06 20:25:02
TXN-00000079,ACC-000206,MER-00065,IDEMP-00000079,SGD,2927,COMPLETED,2026-01-12 19:58:59,2026-01-12 20:02:00
TXN-00000080,ACC-000005,MER-00011,IDEMP-00000080,THB,3371,COMPLETED,2026-02-14 19:33:38,2026-02-14 19:42:14
TXN-00000081,ACC-000053,MER-00080,IDEMP-00000081,THB,1902,CANCELLED,2026-01-16 07:10:14,2026-01-16 07:18:34
TXN-00000082,ACC-000372,MER-00073,IDEMP-00000082,SGD,10843,DECLINED,2026-02-06 05:34:36,2026-02-06 05:35:09
TXN-00000083,ACC-000427,MER-00061,IDEMP-00000083,THB,2634,COMPLETED,2026-02-11 01:53:06,2026-02-11 01:53:58
TXN-00000084,ACC-000321,MER-00044,IDEMP-00000084,THB,1022,COMPLETED,2026-01-31 02:28:01,2026-01-31 02:31:40
TXN-00000085,ACC-000284,MER-00038,IDEMP-00000085,SGD,408,CANCELLED,2026-03-01 11:02:41,2026-03-01 11:04:40
TXN-00000086,ACC-000025,MER-00010,IDEMP-00000086,USD,1152,COMPLETED,2026-01-19 23:31:35,2026-01-19 23:40:54
TXN-00000087,ACC-000415,MER-00011,IDEMP-00000087,SGD,9834,COMPLETED,2026-02-21 18:58:20,2026-02-21 19:07:45
TXN-00000088,ACC-000090,MER-00049,IDEMP-00000088,THB,7067,CANCELLED,2026-01-04 20:59:27,2026-01-04 21:05:43
TXN-00000089,ACC-000418,MER-00017,IDEMP-00000089,USD,4456,PENDING,2026-01-15 22:04:52,
TXN-00000090,ACC-000075,MER-00015,IDEMP-00000090,SGD,3193,COMPLETED,2026-02-10 15:52:17,2026-02-10 15:58:36
TXN-00000091,ACC-000361,MER-00008,IDEMP-00000091,USD,5742,COMPLETED,2026-03-01 01:11:47,2026-03-01 01:17:58
TXN-00000092,ACC-000035,MER-00047,IDEMP-00000092,THB,3596,COMPLETED,2026-01-05 01:07:01,2026-01-05 01:09:41
TXN-00000093,ACC-000306,MER-00028,IDEMP-00000093,SGD,4811,PENDING,2026-01-26 20:28:57,
TXN-00000094,ACC-000397,MER-00032,IDEMP-00000094,THB,4619,COMPLETED,2026-02-27 16:53:09,2026-02-27 16:54:53
TXN-00000095,ACC-000060,MER-00002,IDEMP-00000095,SGD,12339,COMPLETED,2026-02-19 17:50:11,2026-02-19 17:59:05
TXN-00000096,ACC-000047,MER-00032,IDEMP-00000096,THB,2600,COMPLETED,2026-02-09 10:14:10,2026-02-09 10:22:23
TXN-00000097,ACC-000241,MER-00011,IDEMP-00000097,THB,14750,PENDING,2026-01-28 01:35:09,
TXN-00000098,ACC-000376,MER-00006,IDEMP-00000098,THB,3438,COMPLETED,2026-01-13 10:35:06,2026-01-13 10:40:00
TXN-00000099,ACC-000312,MER-00013,IDEMP-00000099,SGD,2407,DECLINED,2026-02-25 03:34:56,2026-02-25 03:41:32
TXN-00000100,ACC-000089,MER-00077,IDEMP-00000100,USD,2756,COMPLETED,2026-01-09 21:37:04,2026-01-09 21:42:04
TXN-00000101,ACC-000301,MER-00006,IDEMP-00000101,THB,4312,COMPLETED,2026-02-04 19:03:41,2026-02-04 19:04:06
TXN-00000102,ACC-000417,MER-00001,IDEMP-00000102,USD,4636,COMPLETED,2026-02-08 22:20:25,2026-02-08 22:25:09
TXN-00000103,ACC-000088,MER-00078,IDEMP-00000103,SGD,5921,PENDING,2026-01-13 02:58:46,
TXN-00000104,ACC-000214,MER-00037,IDEMP-00000104,THB,8343,COMPLETED,2026-02-04 07:59:50,2026-02-04 08:05:29
TXN-00000105,ACC-000080,MER-00033,IDEMP-00000105,USD,3583,COMPLETED,2026-01-25 07:49:41,2026-01-25 07:58:21
TXN-00000106,ACC-000055,MER-00034,IDEMP-00000106,THB,3021,COMPLETED,2026-01-16 21:49:14,2026-01-16 21:51:25
TXN-00000107,ACC-000164,MER-00030,IDEMP-00000107,USD,4855,COMPLETED,2026-01-29 19:30:29,2026-01-29 19:31:23
TXN-00000108,ACC-000216,MER-00074,IDEMP-00000108,USD,18036,COMPLETED,2026-01-17 17:54:10,2026-01-17 17:58:12
TXN-00000109,ACC-000152,MER-00033,IDEMP-00000109,THB,6981,COMPLETED,2026-01-21 21:32:07,2026-01-21 21:38:33
TXN-00000110,ACC-000429,MER-00026,IDEMP-00000110,USD,8144,COMPLETED,2026-01-26 04:37:41,2026-01-26 04:47:06
TXN-00000111,ACC-000337,MER-00060,IDEMP-00000111,THB,1694,COMPLETED,2026-01-25 04:38:20,2026-01-25 04:45:54
TXN-00000112,ACC-000317,MER-00025,IDEMP-00000112,USD,11017,PENDING,2026-02-05 22:35:17,
TXN-00000113,ACC-000179,MER-00039,IDEMP-00000113,THB,16034,COMPLETED,2026-01-08 14:15:21,2026-01-08 14:24:10
TXN-00000114,ACC-000288,MER-00024,IDEMP-00000114,USD,13328,COMPLETED,2026-01-02 22:48:11,2026-01-02 22:54:43
TXN-00000115,ACC-000079,MER-00012,IDEMP-00000115,SGD,2748,COMPLETED,2026-01-24 23:08:19,2026-01-24 23:15:31
TXN-00000116,ACC-000320,MER-00061,IDEMP-00000116,USD,1168,COMPLETED,2026-01-01 02:49:44,2026-01-01 02:58:15
TXN-00000117,ACC-000017,MER-00014,IDEMP-00000117,USD,7414,COMPLETED,2026-01-14 08:12:26,2026-01-14 08:13:43
TXN-00000118,ACC-000401,MER-00050,IDEMP-00000118,THB,41826,COMPLETED,2026-01-18 17:23:40,2026-01-18 17:27:21
TXN-00000119,ACC-000004,MER-00049,IDEMP-00000119,THB,2346,COMPLETED,2026-01-11 14:31:06,2026-01-11 14:33:30
TXN-00000120,ACC-000065,MER-00065,IDEMP-00000120,THB,2132,COMPLETED,2026-02-11 03:14:05,2026-02-11 03:14:41
TXN-00000121,ACC-000342,MER-00055,IDEMP-00000121,USD,1144,COMPLETED,2026-02-08 20:18:21,2026-02-08 20:23:45
TXN-00000122,ACC-000226,MER-00037,IDEMP-00000122,THB,2998,COMPLETED,2026-01-02 16:01:40,2026-01-02 16:02:13
TXN-00000123,ACC-000400,MER-00029,IDEMP-00000123,SGD,1048,COMPLETED,2026-02-22 21:47:09,2026-02-22 21:50:04
TXN-00000124,ACC-000294,MER-00011,IDEMP-00000124,SGD,1632,COMPLETED,2026-02-24 23:24:56,2026-02-24 23:26:45
TXN-00000125,ACC-000257,MER-00038,IDEMP-00000125,USD,6669,COMPLETED,2026-02-01 16:07:32,2026-02-01 16:09:00
TXN-00000126,ACC-000213,MER-00048,IDEMP-00000126,THB,14149,PENDING,2026-02-18 22:21:53,
TXN-00000127,ACC-000416,MER-00032,IDEMP-00000127,THB,1499,DECLINED,2026-01-08 10:03:13,2026-01-08 10:08:24
TXN-00000128,ACC-000072,MER-00071,IDEMP-00000128,THB,2894,COMPLETED,2026-01-04 09:57:36,2026-01-04 09:58:27
TXN-00000129,ACC-000358,MER-00073,IDEMP-00000129,THB,7532,COMPLETED,2026-02-22 15:34:35,2026-02-22 15:38:15
TXN-00000130,ACC-000398,MER-00033,IDEMP-00000130,THB,8310,COMPLETED,2026-01-02 12:45:07,2026-01-02 12:54:12
TXN-00000131,ACC-000186,MER-00026,IDEMP-00000131,THB,9752,COMPLETED,2026-01-27 02:23:06,2026-01-27 02:24:47
TXN-00000132,ACC-000297,MER-00017,IDEMP-00000132,SGD,14886,COMPLETED,2026-02-21 16:12:02,2026-02-21 16:13:24
TXN-00000133,ACC-000095,MER-00018,IDEMP-00000133,USD,1034,PENDING,2026-02-09 05:11:35,
TXN-00000134,ACC-000352,MER-00038,IDEMP-00000134,SGD,8997,DECLINED,2026-02-11 06:07:32,2026-02-11 06:13:47
TXN-00000135,ACC-000058,MER-00026,IDEMP-00000135,SGD,4507,COMPLETED,2026-02-26 11:39:09,2026-02-26 11:41:53
TXN-00000136,ACC-000239,MER-00001,IDEMP-00000136,USD,6644,COMPLETED,2026-02-16 01:32:34,2026-02-16 01:39:00
TXN-00000137,ACC-000193,MER-00004,IDEMP-00000137,USD,1932,COMPLETED,2026-01-19 09:31:39,2026-01-19 09:40:28
TXN-00000138,ACC-000309,MER-00043,IDEMP-00000138,SGD,5484,COMPLETED,2026-01-30 08:10:05,2026-01-30 08:13:46
TXN-00000139,ACC-000421,MER-00042,IDEMP-00000139,SGD,660,DECLINED,2026-02-02 21:20:36,2026-02-02 21:26:00
TXN-00000140,ACC-000250,MER-00073,IDEMP-00000140,SGD,18796,COMPLETED,2026-01-13 17:20:16,2026-01-13 17:23:38
TXN-00000141,ACC-000396,MER-00023,IDEMP-00000141,THB,31601,COMPLETED,2026-01-08 01:13:11,2026-01-08 01:14:12
TXN-00000142,ACC-000301,MER-00064,IDEMP-00000142,THB,3068,COMPLETED,2026-01-30 13:19:04,2026-01-30 13:24:43
TXN-00000143,ACC-000110,MER-00023,IDEMP-00000143,USD,9430,COMPLETED,2026-01-23 03:07:17,2026-01-23 03:15:45
TXN-00000144,ACC-000323,MER-00029,IDEMP-00000144,USD,2999,COMPLETED,2026-02-16 13:02:00,2026-02-16 13:05:05
TXN-00000145,ACC-000167,MER-00006,IDEMP-00000145,THB,10702,DECLINED,2026-02-21 11:46:03,2026-02-21 11:48:54
TXN-00000146,ACC-000235,MER-00064,IDEMP-00000146,THB,10556,CANCELLED,2026-01-14 18:50:12,2026-01-14 18:51:49
TXN-00000147,ACC-000189,MER-00031,IDEMP-00000147,SGD,4487,CANCELLED,2026-02-15 17:43:32,2026-02-15 17:43:56
TXN-00000148,ACC-000022,MER-00012,IDEMP-00000148,SGD,7083,COMPLETED,2026-01-06 04:11:49,2026-01-06 04:12:29
TXN-00000149,ACC-000035,MER-00065,IDEMP-00000149,THB,5986,COMPLETED,2026-02-08 02:14:24,2026-02-08 02:18:00
TXN-00000150,ACC-000323,MER-00027,IDEMP-00000150,USD,20607,COMPLETED,2026-01-16 07:42:02,2026-01-16 07:51:13
TXN-00000151,ACC-000374,MER-00006,IDEMP-00000151,USD,8349,COMPLETED,2026-01-21 10:26:37,2026-01-21 10:32:25
TXN-00000152,ACC-000129,MER-00028,IDEMP-00000152,SGD,2836,COMPLETED,2026-01-31 03:20:17,2026-01-31 03:26:28
TXN-00000153,ACC-000299,MER-00048,IDEMP-00000153,THB,3075,COMPLETED,2026-03-01 11:58:41,2026-03-01 12:03:38
TXN-00000154,ACC-000441,MER-00025,IDEMP-00000154,SGD,585,COMPLETED,2026-02-28 09:58:49,2026-02-28 10:01:03
TXN-00000155,ACC-000412,MER-00039,IDEMP-00000155,THB,4069,COMPLETED,2026-01-16 17:14:51,2026-01-16 17:19:48
TXN-00000156,ACC-000174,MER-00023,IDEMP-00000156,SGD,3088,DECLINED,2026-02-06 19:29:11,2026-02-06 19:33:25
TXN-00000157,ACC-000065,MER-00067,IDEMP-00000157,THB,1955,COMPLETED,2026-02-05 09:54:27,2026-02-05 10:03:42
TXN-00000158,ACC-000112,MER-00035,IDEMP-00000158,SGD,2434,COMPLETED,2026-02-05 22:24:19,2026-02-05 22:26:47
TXN-00000159,ACC-000154,MER-00048,IDEMP-00000159,THB,10220,CANCELLED,2026-01-05 10:15:41,2026-01-05 10:21:24
TXN-00000160,ACC-000371,MER-00043,IDEMP-00000160,USD,13651,COMPLETED,2026-01-14 17:56:57,2026-01-14 18:06:40
TXN-00000161,ACC-000192,MER-00016,IDEMP-00000161,SGD,5705,COMPLETED,2026-01-16 18:23:06,2026-01-16 18:24:41
TXN-00000162,ACC-000001,MER-00004,IDEMP-00000162,THB,2784,COMPLETED,2026-03-01 04:14:56,2026-03-01 04:16:18
TXN-00000163,ACC-000343,MER-00067,IDEMP-00000163,THB,30805,COMPLETED,2026-02-08 19:50:59,2026-02-08 20:00:15
TXN-00000164,ACC-000229,MER-00070,IDEMP-00000164,SGD,16661,DECLINED,2026-01-11 02:38:01,2026-01-11 02:42:03
TXN-00000165,ACC-000103,MER-00077,IDEMP-00000165,USD,3100,COMPLETED,2026-01-02 02:34:14,2026-01-02 02:35:30
TXN-00000166,ACC-000252,MER-00022,IDEMP-00000166,SGD,1234,COMPLETED,2026-01-04 21:12:25,2026-01-04 21:16:29
TXN-00000167,ACC-000060,MER-00061,IDEMP-00000167,SGD,7665,COMPLETED,2026-01-21 23:50:14,2026-01-21 23:53:47
TXN-00000168,ACC-000005,MER-00023,IDEMP-00000168,THB,3598,COMPLETED,2026-02-24 14:06:24,2026-02-24 14:08:18
TXN-00000169,ACC-000337,MER-00070,IDEMP-00000169,THB,27890,PENDING,2026-02-02 06:42:52,
TXN-00000170,ACC-000046,MER-00068,IDEMP-00000170,SGD,6586,COMPLETED,2026-02-24 14:34:51,2026-02-24 14:44:42
TXN-00000171,ACC-000418,MER-00012,IDEMP-00000171,USD,3853,CANCELLED,2026-02-22 16:40:42,2026-02-22 16:48:59
TXN-00000172,ACC-000329,MER-00050,IDEMP-00000172,THB,1997,COMPLETED,2026-02-07 02:18:51,2026-02-07 02:25:37
TXN-00000173,ACC-000395,MER-00013,IDEMP-00000173,USD,3081,COMPLETED,2026-01-25 01:00:15,2026-01-25 01:04:55
TXN-00000174,ACC-000200,MER-00073,IDEMP-00000174,USD,30946,COMPLETED,2026-01-21 00:29:55,2026-01-21 00:38:53
TXN-00000175,ACC-000163,MER-00003,IDEMP-00000175,SGD,3658,COMPLETED,2026-01-27 22:50:37,2026-01-27 22:53:28
TXN-00000176,ACC-000119,MER-00018,IDEMP-00000176,USD,1491,DECLINED,2026-01-06 18:23:31,2026-01-06 18:32:42
TXN-00000177,ACC-000074,MER-00039,IDEMP-00000177,THB,2276,COMPLETED,2026-01-26 13:37:27,2026-01-26 13:39:36
TXN-00000178,ACC-000425,MER-00024,IDEMP-00000178,THB,4449,COMPLETED,2026-01-29 10:53:25,2026-01-29 11:00:06
TXN-00000179,ACC-000374,MER-00077,IDEMP-00000179,USD,3360,COMPLETED,2026-02-17 04:43:02,2026-02-17 04:51:22
TXN-00000180,ACC-000203,MER-00044,IDEMP-00000180,THB,1931,COMPLETED,2026-01-19 09:47:05,2026-01-19 09:48:46
TXN-00000181,ACC-000123,MER-00009,IDEMP-00000181,USD,3190,COMPLETED,2026-02-13 09:01:46,2026-02-13 09:08:30
TXN-00000182,ACC-000054,MER-00033,IDEMP-00000182,USD,5915,COMPLETED,2026-01-02 17:28:10,2026-01-02 17:37:47
TXN-00000183,ACC-000373,MER-00080,IDEMP-00000183,SGD,15413,COMPLETED,2026-02-28 15:13:03,2026-02-28 15:15:00
TXN-00000184,ACC-000307,MER-00047,IDEMP-00000184,THB,1983,COMPLETED,2026-01-22 21:39:01,2026-01-22 21:42:51
TXN-00000185,ACC-000059,MER-00056,IDEMP-00000185,SGD,4017,COMPLETED,2026-02-10 04:13:16,2026-02-10 04:22:02
TXN-00000186,ACC-000261,MER-00006,IDEMP-00000186,THB,1340,COMPLETED,2026-01-20 23:42:44,2026-01-20 23:45:05
TXN-00000187,ACC-000270,MER-00053,IDEMP-00000187,SGD,2717,COMPLETED,2026-02-25 15:29:10,2026-02-25 15:30:01
TXN-00000188,ACC-000203,MER-00006,IDEMP-00000188,THB,2644,COMPLETED,2026-01-21 16:15:15,2026-01-21 16:17:26
TXN-00000189,ACC-000093,MER-00017,IDEMP-00000189,SGD,12029,DECLINED,2026-02-19 23:25:08,2026-02-19 23:27:00
TXN-00000190,ACC-000304,MER-00039,IDEMP-00000190,SGD,8678,COMPLETED,2026-01-19 04:42:44,2026-01-19 04:49:47
TXN-00000191,ACC-000114,MER-00065,IDEMP-00000191,THB,1398,COMPLETED,2026-01-31 17:36:08,2026-01-31 17:42:34
TXN-00000192,ACC-000343,MER-00060,IDEMP-00000192,THB,17374,CANCELLED,2026-01-18 08:48:57,2026-01-18 08:52:34
TXN-00000193,ACC-000113,MER-00070,IDEMP-00000193,THB,6523,COMPLETED,2026-02-24 18:47:20,2026-02-24 18:50:15
TXN-00000194,ACC-000304,MER-00002,IDEMP-00000194,SGD,12770,COMPLETED,2026-02-16 10:34:57,2026-02-16 10:38:23
TXN-00000195,ACC-000126,MER-00064,IDEMP-00000195,SGD,1651,COMPLETED,2026-01-07 03:07:17,2026-01-07 03:07:19
TXN-00000196,ACC-000009,MER-00023,IDEMP-00000196,SGD,21723,COMPLETED,2026-02-02 03:45:43,2026-02-02 03:53:55
TXN-00000197,ACC-000136,MER-00073,IDEMP-00000197,SGD,7507,COMPLETED,2026-01-24 15:37:49,2026-01-24 15:47:37
TXN-00000198,ACC-000360,MER-00074,IDEMP-00000198,THB,11619,DECLINED,2026-02-27 13:54:37,2026-02-27 14:03:32
TXN-00000199,ACC-000296,MER-00029,IDEMP-00000199,USD,7800,COMPLETED,2026-01-26 06:10:18,2026-01-26 06:17:03
TXN-00000200,ACC-000313,MER-00068,IDEMP-00000200,THB,3167,DECLINED,2026-01-31 23:23:36,2026-01-31 23:26:08
TXN-00000201,ACC-000344,MER-00045,IDEMP-00000201,THB,454,COMPLETED,2026-01-24 13:10:51,2026-01-24 13:17:00
TXN-00000202,ACC-000161,MER-00076,IDEMP-00000202,USD,15112,COMPLETED,2026-02-27 18:24:18,2026-02-27 18:28:21
TXN-00000203,ACC-000076,MER-00029,IDEMP-00000203,USD,2682,COMPLETED,2026-01-14 05:05:22,2026-01-14 05:10:18
TXN-00000204,ACC-000282,MER-00048,IDEMP-00000204,THB,3532,COMPLETED,2026-02-13 00:52:04,2026-02-13 00:56:06
TXN-00000205,ACC-000355,MER-00042,IDEMP-00000205,USD,2632,COMPLETED,2026-02-16 00:23:50,2026-02-16 00:29:12
TXN-00000206,ACC-000400,MER-00029,IDEMP-00000206,SGD,17559,COMPLETED,2026-01-03 18:53:24,2026-01-03 19:01:14
TXN-00000207,ACC-000035,MER-00061,IDEMP-00000207,THB,5326,COMPLETED,2026-01-06 00:00:08,2026-01-06 00:00:32
TXN-00000208,ACC-000404,MER-00020,IDEMP-00000208,SGD,10282,COMPLETED,2026-01-16 11:27:56,2026-01-16 11:36:50
TXN-00000209,ACC-000253,MER-00071,IDEMP-00000209,SGD,5720,CANCELLED,2026-01-01 23:34:30,2026-01-01 23:41:30
TXN-00000210,ACC-000436,MER-00006,IDEMP-00000210,SGD,10833,COMPLETED,2026-02-02 16:56:27,2026-02-02 17:04:29
TXN-00000211,ACC-000390,MER-00062,IDEMP-00000211,SGD,1528,CANCELLED,2026-01-16 22:54:08,2026-01-16 22:57:49
TXN-00000212,ACC-000423,MER-00047,IDEMP-00000212,USD,8497,COMPLETED,2026-01-28 13:13:26,2026-01-28 13:21:55
TXN-00000213,ACC-000381,MER-00074,IDEMP-00000213,USD,1615,COMPLETED,2026-02-09 07:20:18,2026-02-09 07:22:15
TXN-00000214,ACC-000340,MER-00002,IDEMP-00000214,SGD,1131,COMPLETED,2026-02-16 09:36:52,2026-02-16 09:37:06
TXN-00000215,ACC-000293,MER-00012,IDEMP-00000215,THB,4820,COMPLETED,2026-02-27 19:11:17,2026-02-27 19:20:40
TXN-00000216,ACC-000227,MER-00005,IDEMP-00000216,SGD,1010,DECLINED,2026-02-17 15:20:19,2026-02-17 15:21:23
TXN-00000217,ACC-000139,MER-00017,IDEMP-00000217,SGD,8721,COMPLETED,2026-01-25 17:40:33,2026-01-25 17:45:27
TXN-00000218,ACC-000208,MER-00042,IDEMP-00000218,USD,30085,COMPLETED,2026-01-03 14:20:24,2026-01-03 14:24:23
TXN-00000219,ACC-000308,MER-00003,IDEMP-00000219,SGD,12201,COMPLETED,2026-01-02 18:03:51,2026-01-02 18:04:02
TXN-00000220,ACC-000040,MER-00068,IDEMP-00000220,USD,3823,COMPLETED,2026-02-03 01:36:17,2026-02-03 01:46:03
TXN-00000221,ACC-000292,MER-00041,IDEMP-00000221,THB,6514,COMPLETED,2026-02-10 17:32:28,2026-02-10 17:41:43
TXN-00000222,ACC-000159,MER-00046,IDEMP-00000222,USD,5760,COMPLETED,2026-01-27 04:13:55,2026-01-27 04:16:07
TXN-00000223,ACC-000313,MER-00009,IDEMP-00000223,THB,7313,COMPLETED,2026-01-25 16:42:47,2026-01-25 16:47:36
TXN-00000224,ACC-000295,MER-00011,IDEMP-00000224,THB,10719,COMPLETED,2026-02-25 06:08:21,2026-02-25 06:15:06
TXN-00000225,ACC-000375,MER-00053,IDEMP-00000225,SGD,2879,COMPLETED,2026-01-29 11:13:41,2026-01-29 11:17:49
TXN-00000226,ACC-000266,MER-00013,IDEMP-00000226,THB,2407,COMPLETED,2026-01-09 22:01:57,2026-01-09 22:08:43
TXN-00000227,ACC-000192,MER-00001,IDEMP-00000227,SGD,2551,COMPLETED,2026-02-11 02:50:19,2026-02-11 02:59:27
TXN-00000228,ACC-000103,MER-00075,IDEMP-00000228,USD,17514,COMPLETED,2026-01-06 15:07:48,2026-01-06 15:17:07
TXN-00000229,ACC-000414,MER-00077,IDEMP-00000229,USD,11703,CANCELLED,2026-01-03 12:26:07,2026-01-03 12:31:07
TXN-00000230,ACC-000356,MER-00043,IDEMP-00000230,SGD,5594,COMPLETED,2026-02-12 01:08:59,2026-02-12 01:11:07
TXN-00000231,ACC-000298,MER-00021,IDEMP-00000231,SGD,3824,COMPLETED,2026-01-22 22:14:24,2026-01-22 22:22:24
TXN-00000232,ACC-000378,MER-00038,IDEMP-00000232,USD,5867,COMPLETED,2026-01-01 05:00:08,2026-01-01 05:02:36
TXN-00000233,ACC-000199,MER-00021,IDEMP-00000233,USD,3922,COMPLETED,2026-02-21 16:06:23,2026-02-21 16:14:43
TXN-00000234,ACC-000217,MER-00046,IDEMP-00000234,SGD,1508,COMPLETED,2026-02-27 11:43:58,2026-02-27 11:51:12
TXN-00000235,ACC-000308,MER-00020,IDEMP-00000235,SGD,12825,COMPLETED,2026-02-28 22:26:53,2026-02-28 22:31:06
TXN-00000236,ACC-000085,MER-00026,IDEMP-00000236,USD,11567,DECLINED,2026-02-17 14:51:17,2026-02-17 14:54:10
TXN-00000237,ACC-000017,MER-00058,IDEMP-00000237,USD,6064,COMPLETED,2026-02-02 19:00:33,2026-02-02 19:03:30
TXN-00000238,ACC-000210,MER-00043,IDEMP-00000238,USD,6013,COMPLETED,2026-02-01 12:08:28,2026-02-01 12:12:58
TXN-00000239,ACC-000235,MER-00014,IDEMP-00000239,THB,5775,COMPLETED,2026-01-29 01:57:40,2026-01-29 01:59:47
TXN-00000240,ACC-000373,MER-00006,IDEMP-00000240,SGD,4082,COMPLETED,2026-02-26 14:49:39,2026-02-26 14:50:26
TXN-00000241,ACC-000267,MER-00041,IDEMP-00000241,USD,4067,COMPLETED,2026-01-25 09:35:13,2026-01-25 09:37:46
TXN-00000242,ACC-000276,MER-00042,IDEMP-00000242,USD,11250,COMPLETED,2026-02-14 19:45:57,2026-02-14 19:55:33
TXN-00000243,ACC-000296,MER-00027,IDEMP-00000243,USD,31244,COMPLETED,2026-02-18 04:09:39,2026-02-18 04:14:53
TXN-00000244,ACC-000100,MER-00079,IDEMP-00000244,THB,3222,COMPLETED,2026-01-16 08:48:24,2026-01-16 08:52:11
TXN-00000245,ACC-000005,MER-00006,IDEMP-00000245,THB,4024,COMPLETED,2026-01-20 04:06:11,2026-01-20 04:13:34
TXN-00000246,ACC-000277,MER-00059,IDEMP-00000246,SGD,3271,COMPLETED,2026-02-14 21:01:01,2026-02-14 21:02:11
TXN-00000247,ACC-000215,MER-00035,IDEMP-00000247,THB,4783,COMPLETED,2026-02-20 05:50:03,2026-02-20 05:55:32
TXN-00000248,ACC-000163,MER-00035,IDEMP-00000248,SGD,6295,COMPLETED,2026-01-25 07:53:14,2026-01-25 08:01:35
TXN-00000249,ACC-000318,MER-00061,IDEMP-00000249,THB,16589,COMPLETED,2026-01-07 00:34:22,2026-01-07 00:38:07
TXN-00000250,ACC-000255,MER-00074,IDEMP-00000250,SGD,10930,COMPLETED,2026-01-09 23:27:40,2026-01-09 23:27:46
TXN-00000251,ACC-000230,MER-00058,IDEMP-00000251,THB,13557,COMPLETED,2026-01-02 02:22:35,2026-01-02 02:30:01
TXN-00000252,ACC-000107,MER-00019,IDEMP-00000252,SGD,4207,COMPLETED,2026-01-26 12:15:44,2026-01-26 12:23:19
TXN-00000253,ACC-000302,MER-00061,IDEMP-00000253,THB,4441,COMPLETED,2026-02-12 13:55:32,2026-02-12 13:59:00
TXN-00000254,ACC-000088,MER-00018,IDEMP-00000254,SGD,4492,COMPLETED,2026-02-15 20:13:45,2026-02-15 20:16:12
TXN-00000255,ACC-000200,MER-00033,IDEMP-00000255,USD,1805,COMPLETED,2026-02-26 22:10:30,2026-02-26 22:11:59
TXN-00000256,ACC-000084,MER-00016,IDEMP-00000256,USD,7320,PENDING,2026-01-26 11:11:09,
TXN-00000257,ACC-000442,MER-00021,IDEMP-00000257,SGD,3723,COMPLETED,2026-02-16 05:30:32,2026-02-16 05:36:00
TXN-00000258,ACC-000256,MER-00041,IDEMP-00000258,THB,12068,COMPLETED,2026-02-25 08:13:37,2026-02-25 08:14:27
TXN-00000259,ACC-000091,MER-00038,IDEMP-00000259,THB,7557,PENDING,2026-03-01 03:48:16,
TXN-00000260,ACC-000302,MER-00053,IDEMP-00000260,THB,7938,CANCELLED,2026-01-23 16:25:09,2026-01-23 16:33:33
TXN-00000261,ACC-000009,MER-00063,IDEMP-00000261,SGD,9890,COMPLETED,2026-02-02 02:07:42,2026-02-02 02:15:44
TXN-00000262,ACC-000229,MER-00023,IDEMP-00000262,SGD,4216,PENDING,2026-02-04 17:33:09,
TXN-00000263,ACC-000387,MER-00079,IDEMP-00000263,USD,1036,COMPLETED,2026-02-09 07:21:21,2026-02-09 07:24:29
TXN-00000264,ACC-000129,MER-00062,IDEMP-00000264,SGD,4371,COMPLETED,2026-01-31 15:37:28,2026-01-31 15:41:05
TXN-00000265,ACC-000419,MER-00070,IDEMP-00000265,SGD,25425,DECLINED,2026-02-12 02:58:02,2026-02-12 03:06:13
TXN-00000266,ACC-000449,MER-00078,IDEMP-00000266,SGD,26222,COMPLETED,2026-01-09 16:24:45,2026-01-09 16:29:14
TXN-00000267,ACC-000394,MER-00078,IDEMP-00000267,SGD,22487,COMPLETED,2026-01-12 02:45:16,2026-01-12 02:50:39
TXN-00000268,ACC-000286,MER-00029,IDEMP-00000268,THB,9148,COMPLETED,2026-02-15 10:08:29,2026-02-15 10:16:00
TXN-00000269,ACC-000363,MER-00070,IDEMP-00000269,THB,3337,COMPLETED,2026-02-18 18:07:17,2026-02-18 18:12:44
TXN-00000270,ACC-000197,MER-00041,IDEMP-00000270,USD,3956,DECLINED,2026-01-26 02:22:00,2026-01-26 02:22:19
TXN-00000271,ACC-000351,MER-00072,IDEMP-00000271,USD,13474,COMPLETED,2026-02-15 20:52:07,2026-02-15 21:00:46
TXN-00000272,ACC-000270,MER-00016,IDEMP-00000272,SGD,6627,COMPLETED,2026-02-13 13:12:09,2026-02-13 13:22:07
TXN-00000273,ACC-000184,MER-00064,IDEMP-00000273,SGD,11402,COMPLETED,2026-01-02 03:53:23,2026-01-02 03:55:45
TXN-00000274,ACC-000241,MER-00022,IDEMP-00000274,THB,4588,COMPLETED,2026-01-27 02:18:30,2026-01-27 02:24:50
TXN-00000275,ACC-000076,MER-00018,IDEMP-00000275,USD,3740,COMPLETED,2026-02-13 04:32:05,2026-02-13 04:38:30
TXN-00000276,ACC-000106,MER-00047,IDEMP-00000276,SGD,1853,COMPLETED,2026-01-09 00:31:33,2026-01-09 00:32:46
TXN-00000277,ACC-000218,MER-00030,IDEMP-00000277,USD,3642,COMPLETED,2026-01-05 17:46:19,2026-01-05 17:53:42
TXN-00000278,ACC-000001,MER-00054,IDEMP-00000278,THB,11037,COMPLETED,2026-02-05 07:26:31,2026-02-05 07:26:33
TXN-00000279,ACC-000065,MER-00017,IDEMP-00000279,THB,3402,CANCELLED,2026-02-09 17:30:04,2026-02-09 17:33:37
TXN-00000280,ACC-000282,MER-00044,IDEMP-00000280,THB,6955,COMPLETED,2026-01-31 21:44:48,2026-01-31 21:49:52
TXN-00000281,ACC-000107,MER-00041,IDEMP-00000281,SGD,3238,COMPLETED,2026-02-07 13:18:21,2026-02-07 13:26:55
TXN-00000282,ACC-000423,MER-00080,IDEMP-00000282,USD,1132,DECLINED,2026-02-04 06:38:59,2026-02-04 06:42:11
TXN-00000283,ACC-000182,MER-00075,IDEMP-00000283,THB,10645,COMPLETED,2026-01-18 11:35:23,2026-01-18 11:37:11
TXN-00000284,ACC-000404,MER-00076,IDEMP-00000284,SGD,11933,COMPLETED,2026-01-04 15:55:56,2026-01-04 16:03:06
TXN-00000285,ACC-000074,MER-00071,IDEMP-00000285,THB,9675,COMPLETED,2026-02-07 13:31:26,2026-02-07 13:39:49
TXN-00000286,ACC-000408,MER-00022,IDEMP-00000286,THB,8071,COMPLETED,2026-01-04 09:10:12,2026-01-04 09:18:40
TXN-00000287,ACC-000010,MER-00040,IDEMP-00000287,USD,16874,COMPLETED,2026-01-29 04:49:29,2026-01-29 04:52:46
TXN-00000288,ACC-000381,MER-00029,IDEMP-00000288,USD,7773,COMPLETED,2026-02-12 19:42:29,2026-02-12 19:50:30
TXN-00000289,ACC-000145,MER-00051,IDEMP-00000289,SGD,2668,COMPLETED,2026-02-24 03:45:35,2026-02-24 03:51:41
TXN-00000290,ACC-000353,MER-00069,IDEMP-00000290,THB,3673,COMPLETED,2026-02-22 18:08:20,2026-02-22 18:08:50
TXN-00000291,ACC-000180,MER-00030,IDEMP-00000291,SGD,8688,COMPLETED,2026-01-06 05:12:11,2026-01-06 05:18:47
TXN-00000292,ACC-000100,MER-00009,IDEMP-00000292,THB,33897,COMPLETED,2026-02-08 15:06:12,2026-02-08 15:15:13
TXN-00000293,ACC-000349,MER-00034,IDEMP-00000293,USD,28076,COMPLETED,2026-01-23 23:21:45,2026-01-23 23:26:57
TXN-00000294,ACC-000269,MER-00062,IDEMP-00000294,SGD,4312,COMPLETED,2026-02-05 07:31:02,2026-02-05 07:37:40
TXN-00000295,ACC-000107,MER-00073,IDEMP-00000295,SGD,2798,COMPLETED,2026-01-31 02:01:20,2026-01-31 02:05:47
TXN-00000296,ACC-000206,MER-00002,IDEMP-00000296,SGD,14938,COMPLETED,2026-02-05 05:38:55,2026-02-05 05:48:00
TXN-00000297,ACC-000301,MER-00075,IDEMP-00000297,THB,1179,DECLINED,2026-02-27 16:27:47,2026-02-27 16:29:22
TXN-00000298,ACC-000259,MER-00078,IDEMP-00000298,THB,38237,PENDING,2026-02-21 10:29:16,
TXN-00000299,ACC-000191,MER-00077,IDEMP-00000299,THB,16267,COMPLETED,2026-02-07 21:19:05,2026-02-07 21:22:42
TXN-00000300,ACC-000374,MER-00023,IDEMP-00000300,USD,11394,COMPLETED,2026-01-19 07:30:29,2026-01-19 07:39:56
TXN-00000301,ACC-000422,MER-00007,IDEMP-00000301,THB,3694,COMPLETED,2026-02-25 06:26:13,2026-02-25 06:34:14
TXN-00000302,ACC-000327,MER-00034,IDEMP-00000302,USD,8416,COMPLETED,2026-02-10 09:53:17,2026-02-10 09:55:36
TXN-00000303,ACC-000316,MER-00028,IDEMP-00000303,SGD,2912,COMPLETED,2026-02-27 05:41:47,2026-02-27 05:47:54
TXN-00000304,ACC-000250,MER-00029,IDEMP-00000304,SGD,7916,COMPLETED,2026-01-28 23:44:32,2026-01-28 23:47:41
TXN-00000305,ACC-000343,MER-00029,IDEMP-00000305,THB,2344,COMPLETED,2026-01-31 05:50:03,2026-01-31 05:50:50
TXN-00000306,ACC-000253,MER-00022,IDEMP-00000306,SGD,3091,COMPLETED,2026-02-15 17:05:04,2026-02-15 17:08:22
TXN-00000307,ACC-000343,MER-00027,IDEMP-00000307,THB,3505,COMPLETED,2026-02-13 21:18:16,2026-02-13 21:18:59
TXN-00000308,ACC-000392,MER-00023,IDEMP-00000308,SGD,5723,COMPLETED,2026-02-24 10:41:38,2026-02-24 10:43:39
TXN-00000309,ACC-000003,MER-00071,IDEMP-00000309,THB,10443,COMPLETED,2026-01-12 02:03:39,2026-01-12 02:06:34
TXN-00000310,ACC-000098,MER-00010,IDEMP-00000310,THB,4155,COMPLETED,2026-02-14 02:35:47,2026-02-14 02:39:04
TXN-00000311,ACC-000038,MER-00057,IDEMP-00000311,THB,17825,COMPLETED,2026-02-21 13:38:27,2026-02-21 13:46:30
TXN-00000312,ACC-000047,MER-00055,IDEMP-00000312,THB,30222,COMPLETED,2026-02-21 02:47:53,2026-02-21 02:55:17
TXN-00000313,ACC-000013,MER-00040,IDEMP-00000313,THB,38195,COMPLETED,2026-01-28 12:41:50,2026-01-28 12:44:10
TXN-00000314,ACC-000244,MER-00055,IDEMP-00000314,USD,2271,COMPLETED,2026-02-08 13:41:08,2026-02-08 13:44:18
TXN-00000315,ACC-000149,MER-00076,IDEMP-00000315,THB,8567,PENDING,2026-01-08 18:19:39,
TXN-00000316,ACC-000192,MER-00040,IDEMP-00000316,SGD,7879,COMPLETED,2026-02-27 00:21:56,2026-02-27 00:27:04
TXN-00000317,ACC-000019,MER-00059,IDEMP-00000317,SGD,3607,DECLINED,2026-01-02 15:42:08,2026-01-02 15:46:54
TXN-00000318,ACC-000399,MER-00072,IDEMP-00000318,USD,5277,COMPLETED,2026-02-27 11:55:05,2026-02-27 12:04:13
TXN-00000319,ACC-000405,MER-00006,IDEMP-00000319,USD,6971,COMPLETED,2026-02-18 16:16:09,2026-02-18 16:20:49
TXN-00000320,ACC-000407,MER-00056,IDEMP-00000320,SGD,20593,CANCELLED,2026-02-02 08:40:02,2026-02-02 08:40:16
TXN-00000321,ACC-000391,MER-00064,IDEMP-00000321,THB,4989,COMPLETED,2026-01-03 11:31:15,2026-01-03 11:33:33
TXN-00000322,ACC-000073,MER-00078,IDEMP-00000322,THB,18582,COMPLETED,2026-01-20 19:55:14,2026-01-20 20:02:17
TXN-00000323,ACC-000420,MER-00076,IDEMP-00000323,THB,2745,COMPLETED,2026-01-22 05:21:05,2026-01-22 05:27:35
TXN-00000324,ACC-000394,MER-00064,IDEMP-00000324,SGD,13445,COMPLETED,2026-01-21 10:52:25,2026-01-21 10:58:36
TXN-00000325,ACC-000369,MER-00063,IDEMP-00000325,USD,29024,COMPLETED,2026-01-22 20:18:16,2026-01-22 20:21:22
TXN-00000326,ACC-000159,MER-00065,IDEMP-00000326,USD,11660,COMPLETED,2026-02-24 03:15:35,2026-02-24 03:23:03
TXN-00000327,ACC-000189,MER-00004,IDEMP-00000327,SGD,3905,COMPLETED,2026-02-14 04:13:11,2026-02-14 04:16:08
TXN-00000328,ACC-000418,MER-00026,IDEMP-00000328,USD,1911,COMPLETED,2026-02-03 23:41:54,2026-02-03 23:44:43
TXN-00000329,ACC-000371,MER-00029,IDEMP-00000329,USD,3281,COMPLETED,2026-02-09 04:53:29,2026-02-09 05:03:26
TXN-00000330,ACC-000251,MER-00051,IDEMP-00000330,USD,3783,COMPLETED,2026-02-22 04:15:00,2026-02-22 04:21:56
TXN-00000331,ACC-000201,MER-00041,IDEMP-00000331,SGD,1640,COMPLETED,2026-02-23 18:14:37,2026-02-23 18:16:25
TXN-00000332,ACC-000302,MER-00076,IDEMP-00000332,THB,5362,COMPLETED,2026-02-23 17:36:23,2026-02-23 17:39:49
TXN-00000333,ACC-000385,MER-00072,IDEMP-00000333,THB,2689,COMPLETED,2026-01-31 15:05:47,2026-01-31 15:12:46
TXN-00000334,ACC-000086,MER-00017,IDEMP-00000334,SGD,13256,COMPLETED,2026-02-17 13:11:04,2026-02-17 13:15:29
TXN-00000335,ACC-000179,MER-00042,IDEMP-00000335,THB,4950,COMPLETED,2026-01-21 16:41:06,2026-01-21 16:50:35
TXN-00000336,ACC-000431,MER-00006,IDEMP-00000336,SGD,4023,PENDING,2026-01-11 13:19:20,
TXN-00000337,ACC-000143,MER-00024,IDEMP-00000337,SGD,11504,DECLINED,2026-02-02 21:05:31,2026-02-02 21:13:19
TXN-00000338,ACC-000407,MER-00069,IDEMP-00000338,SGD,7765,COMPLETED,2026-02-08 05:54:05,2026-02-08 06:00:38
TXN-00000339,ACC-000186,MER-00051,IDEMP-00000339,THB,7055,COMPLETED,2026-02-28 10:37:24,2026-02-28 10:43:38
TXN-00000340,ACC-000427,MER-00066,IDEMP-00000340,THB,1797,COMPLETED,2026-02-26 07:12:19,2026-02-26 07:19:00
TXN-00000341,ACC-000224,MER-00041,IDEMP-00000341,THB,2634,COMPLETED,2026-01-08 12:01:05,2026-01-08 12:01:09
TXN-00000342,ACC-000300,MER-00080,IDEMP-00000342,THB,2175,COMPLETED,2026-01-09 16:46:47,2026-01-09 16:50:18
TXN-00000343,ACC-000195,MER-00050,IDEMP-00000343,THB,5683,PENDING,2026-02-03 15:09:45,
TXN-00000344,ACC-000316,MER-00016,IDEMP-00000344,SGD,1275,COMPLETED,2026-01-19 07:13:16,2026-01-19 07:17:51
TXN-00000345,ACC-000206,MER-00014,IDEMP-00000345,SGD,10641,COMPLETED,2026-02-15 12:09:49,2026-02-15 12:11:42
TXN-00000346,ACC-000191,MER-00025,IDEMP-00000346,THB,5512,COMPLETED,2026-01-02 07:00:57,2026-01-02 07:07:52
TXN-00000347,ACC-000367,MER-00012,IDEMP-00000347,USD,2520,CANCELLED,2026-01-24 13:12:55,2026-01-24 13:13:06
TXN-00000348,ACC-000197,MER-00015,IDEMP-00000348,USD,4125,COMPLETED,2026-02-25 06:16:26,2026-02-25 06:22:42
TXN-00000349,ACC-000042,MER-00038,IDEMP-00000349,THB,2368,COMPLETED,2026-01-30 02:05:06,2026-01-30 02:06:52
TXN-00000350,ACC-000218,MER-00072,IDEMP-00000350,USD,1673,COMPLETED,2026-02-27 17:07:53,2026-02-27 17:13:19
TXN-00000351,ACC-000178,MER-00015,IDEMP-00000351,SGD,2405,COMPLETED,2026-02-28 07:25:07,2026-02-28 07:30:35
TXN-00000352,ACC-000095,MER-00058,IDEMP-00000352,USD,3263,COMPLETED,2026-01-16 18:36:18,2026-01-16 18:41:45
TXN-00000353,ACC-000443,MER-00067,IDEMP-00000353,SGD,5489,CANCELLED,2026-02-19 12:01:32,2026-02-19 12:09:11
TXN-00000354,ACC-000045,MER-00035,IDEMP-00000354,THB,2697,DECLINED,2026-01-26 09:09:49,2026-01-26 09:14:51
TXN-00000355,ACC-000425,MER-00033,IDEMP-00000355,THB,21711,COMPLETED,2026-01-18 06:57:01,2026-01-18 07:06:17
TXN-00000356,ACC-000004,MER-00047,IDEMP-00000356,THB,14376,COMPLETED,2026-02-23 04:35:55,2026-02-23 04:42:54
TXN-00000357,ACC-000099,MER-00004,IDEMP-00000357,SGD,21447,COMPLETED,2026-01-13 06:18:28,2026-01-13 06:20:45
TXN-00000358,ACC-000277,MER-00057,IDEMP-00000358,SGD,2008,PENDING,2026-01-23 05:31:38,
TXN-00000359,ACC-000289,MER-00015,IDEMP-00000359,SGD,19124,COMPLETED,2026-02-21 14:40:11,2026-02-21 14:49:27
TXN-00000360,ACC-000017,MER-00061,IDEMP-00000360,USD,943,COMPLETED,2026-01-22 12:07:25,2026-01-22 12:08:07
TXN-00000361,ACC-000268,MER-00027,IDEMP-00000361,SGD,1004,COMPLETED,2026-01-20 04:06:18,2026-01-20 04:08:39
TXN-00000362,ACC-000304,MER-00031,IDEMP-00000362,SGD,4442,COMPLETED,2026-02-17 16:41:41,2026-02-17 16:43:06
TXN-00000363,ACC-000302,MER-00063,IDEMP-00000363,THB,7094,COMPLETED,2026-01-01 12:02:13,2026-01-01 12:10:14
TXN-00000364,ACC-000208,MER-00061,IDEMP-00000364,USD,7974,COMPLETED,2026-01-30 05:57:17,2026-01-30 06:00:58
TXN-00000365,ACC-000240,MER-00020,IDEMP-00000365,USD,3177,CANCELLED,2026-01-15 22:14:49,2026-01-15 22:23:09
TXN-00000366,ACC-000380,MER-00007,IDEMP-00000366,SGD,1058,COMPLETED,2026-02-07 13:50:22,2026-02-07 13:58:58
TXN-00000367,ACC-000062,MER-00063,IDEMP-00000367,USD,23030,COMPLETED,2026-01-25 01:36:31,2026-01-25 01:37:29
TXN-00000368,ACC-000104,MER-00043,IDEMP-00000368,THB,6836,COMPLETED,2026-01-29 11:02:27,2026-01-29 11:10:01
TXN-00000369,ACC-000341,MER-00032,IDEMP-00000369,THB,12082,COMPLETED,2026-01-25 00:40:34,2026-01-25 00:50:27
TXN-00000370,ACC-000284,MER-00019,IDEMP-00000370,SGD,1447,COMPLETED,2026-02-21 07:02:16,2026-02-21 07:10:01
TXN-00000371,ACC-000170,MER-00030,IDEMP-00000371,USD,6731,COMPLETED,2026-02-24 11:28:19,2026-02-24 11:37:26
TXN-00000372,ACC-000355,MER-00016,IDEMP-00000372,USD,16672,CANCELLED,2026-02-05 12:07:06,2026-02-05 12:12:35
TXN-00000373,ACC-000227,MER-00006,IDEMP-00000373,SGD,1708,COMPLETED,2026-01-20 13:59:43,2026-01-20 14:05:06
TXN-00000374,ACC-000342,MER-00080,IDEMP-00000374,USD,12799,COMPLETED,2026-01-02 19:40:59,2026-01-02 19:50:10
TXN-00000375,ACC-000335,MER-00063,IDEMP-00000375,USD,4007,DECLINED,2026-02-12 15:36:11,2026-02-12 15:43:33
TXN-00000376,ACC-000155,MER-00025,IDEMP-00000376,USD,2025,DECLINED,2026-01-17 02:26:53,2026-01-17 02:28:02
TXN-00000377,ACC-000144,MER-00028,IDEMP-00000377,SGD,6419,COMPLETED,2026-01-29 17:45:07,2026-01-29 17:45:11
TXN-00000378,ACC-000382,MER-00028,IDEMP-00000378,USD,1772,COMPLETED,2026-01-12 14:28:15,2026-01-12 14:33:37
TXN-00000379,ACC-000269,MER-00058,IDEMP-00000379,SGD,26574,CANCELLED,2026-01-24 00:22:38,2026-01-24 00:28:17
TXN-00000380,ACC-000348,MER-00020,IDEMP-00000380,SGD,17076,PENDING,2026-01-04 20:28:16,
TXN-00000381,ACC-000326,MER-00015,IDEMP-00000381,USD,14706,COMPLETED,2026-02-13 23:46:47,2026-02-13 23:51:39
TXN-00000382,ACC-000020,MER-00054,IDEMP-00000382,THB,8237,COMPLETED,2026-01-29 13:50:30,2026-01-29 14:00:14
TXN-00000383,ACC-000261,MER-00030,IDEMP-00000383,THB,4358,COMPLETED,2026-01-20 10:24:25,2026-01-20 10:29:29
TXN-00000384,ACC-000050,MER-00079,IDEMP-00000384,SGD,1519,COMPLETED,2026-01-22 07:21:46,2026-01-22 07:22:02
TXN-00000385,ACC-000443,MER-00028,IDEMP-00000385,SGD,71057,COMPLETED,2026-02-08 16:55:02,2026-02-08 16:55:19
TXN-00000386,ACC-000286,MER-00058,IDEMP-00000386,THB,6601,COMPLETED,2026-02-27 05:56:10,2026-02-27 06:01:39
TXN-00000387,ACC-000376,MER-00037,IDEMP-00000387,THB,7417,COMPLETED,2026-02-01 09:22:39,2026-02-01 09:27:09
TXN-00000388,ACC-000351,MER-00034,IDEMP-00000388,USD,1801,COMPLETED,2026-02-02 07:47:52,2026-02-02 07:51:30
TXN-00000389,ACC-000299,MER-00054,IDEMP-00000389,THB,1696,COMPLETED,2026-02-01 12:45:46,2026-02-01 12:53:24
TXN-00000390,ACC-000144,MER-00044,IDEMP-00000390,SGD,988,COMPLETED,2026-02-12 07:22:56,2026-02-12 07:31:08
TXN-00000391,ACC-000092,MER-00029,IDEMP-00000391,SGD,2724,COMPLETED,2026-02-06 19:53:02,2026-02-06 20:01:18
TXN-00000392,ACC-000375,MER-00032,IDEMP-00000392,SGD,6435,COMPLETED,2026-02-21 06:52:37,2026-02-21 06:57:32
TXN-00000393,ACC-000368,MER-00072,IDEMP-00000393,THB,22428,PENDING,2026-01-27 15:00:23,
TXN-00000394,ACC-000145,MER-00058,IDEMP-00000394,SGD,5720,PENDING,2026-02-17 16:04:34,
TXN-00000395,ACC-000118,MER-00074,IDEMP-00000395,THB,10436,DECLINED,2026-03-01 14:32:00,2026-03-01 14:37:01
TXN-00000396,ACC-000182,MER-00076,IDEMP-00000396,THB,1879,CANCELLED,2026-02-19 10:32:26,2026-02-19 10:33:33
TXN-00000397,ACC-000357,MER-00027,IDEMP-00000397,SGD,1961,COMPLETED,2026-01-17 10:50:37,2026-01-17 10:52:04
TXN-00000398,ACC-000306,MER-00010,IDEMP-00000398,SGD,44009,DECLINED,2026-02-21 16:12:10,2026-02-21 16:16:48
TXN-00000399,ACC-000047,MER-00057,IDEMP-00000399,THB,16957,CANCELLED,2026-02-17 16:07:31,2026-02-17 16:14:56
TXN-00000400,ACC-000343,MER-00063,IDEMP-00000400,THB,4663,COMPLETED,2026-02-11 04:43:27,2026-02-11 04:53:10
TXN-00000401,ACC-000090,MER-00049,IDEMP-00000401,THB,9007,COMPLETED,2026-02-07 17:01:06,2026-02-07 17:07:16
TXN-00000402,ACC-000137,MER-00025,IDEMP-00000402,SGD,5724,COMPLETED,2026-02-24 04:57:11,2026-02-24 05:03:25
TXN-00000403,ACC-000056,MER-00018,IDEMP-00000403,USD,8185,COMPLETED,2026-02-01 08:26:43,2026-02-01 08:33:34
TXN-00000404,ACC-000065,MER-00076,IDEMP-00000404,THB,16307,COMPLETED,2026-01-30 12:55:10,2026-01-30 12:58:32
TXN-00000405,ACC-000231,MER-00029,IDEMP-00000405,USD,7383,COMPLETED,2026-02-19 06:14:14,2026-02-19 06:21:13
TXN-00000406,ACC-000357,MER-00060,IDEMP-00000406,SGD,4630,CANCELLED,2026-01-02 09:17:56,2026-01-02 09:23:12
TXN-00000407,ACC-000277,MER-00026,IDEMP-00000407,SGD,782,COMPLETED,2026-01-06 14:45:49,2026-01-06 14:49:34
TXN-00000408,ACC-000307,MER-00071,IDEMP-00000408,THB,1852,COMPLETED,2026-02-15 07:47:29,2026-02-15 07:54:07
TXN-00000409,ACC-000144,MER-00038,IDEMP-00000409,SGD,13144,CANCELLED,2026-01-31 03:36:55,2026-01-31 03:45:19
TXN-00000410,ACC-000417,MER-00064,IDEMP-00000410,USD,9700,COMPLETED,2026-02-25 02:51:45,2026-02-25 02:57:36
TXN-00000411,ACC-000046,MER-00031,IDEMP-00000411,SGD,4671,COMPLETED,2026-02-03 15:56:56,2026-02-03 15:57:25
TXN-00000412,ACC-000381,MER-00013,IDEMP-00000412,USD,2853,COMPLETED,2026-02-12 02:38:30,2026-02-12 02:41:59
TXN-00000413,ACC-000139,MER-00061,IDEMP-00000413,SGD,3967,COMPLETED,2026-01-26 06:47:13,2026-01-26 06:56:20
TXN-00000414,ACC-000145,MER-00070,IDEMP-00000414,SGD,12280,PENDING,2026-01-24 16:24:33,
TXN-00000415,ACC-000298,MER-00054,IDEMP-00000415,SGD,2984,COMPLETED,2026-02-01 06:39:44,2026-02-01 06:43:09
TXN-00000416,ACC-000373,MER-00042,IDEMP-00000416,SGD,1987,COMPLETED,2026-01-05 03:36:30,2026-01-05 03:44:24
TXN-00000417,ACC-000312,MER-00030,IDEMP-00000417,SGD,4749,COMPLETED,2026-01-01 03:02:00,2026-01-01 03:03:10
TXN-00000418,ACC-000196,MER-00079,IDEMP-00000418,THB,40763,COMPLETED,2026-01-14 03:26:34,2026-01-14 03:30:23
TXN-00000419,ACC-000206,MER-00055,IDEMP-00000419,SGD,2956,COMPLETED,2026-02-25 06:11:39,2026-02-25 06:11:45
TXN-00000420,ACC-000069,MER-00051,IDEMP-00000420,SGD,8214,COMPLETED,2026-01-17 22:26:11,2026-01-17 22:29:13
TXN-00000421,ACC-000276,MER-00076,IDEMP-00000421,USD,5760,COMPLETED,2026-01-14 06:02:05,2026-01-14 06:08:34
TXN-00000422,ACC-000353,MER-00036,IDEMP-00000422,THB,7448,CANCELLED,2026-02-01 20:14:41,2026-02-01 20:18:42
TXN-00000423,ACC-000174,MER-00032,IDEMP-00000423,SGD,754,COMPLETED,2026-01-21 22:25:05,2026-01-21 22:31:18
TXN-00000424,ACC-000111,MER-00011,IDEMP-00000424,SGD,8190,COMPLETED,2026-01-21 00:31:58,2026-01-21 00:34:40
TXN-00000425,ACC-000384,MER-00065,IDEMP-00000425,USD,4072,COMPLETED,2026-01-01 09:57:33,2026-01-01 10:02:05
TXN-00000426,ACC-000419,MER-00076,IDEMP-00000426,SGD,7316,COMPLETED,2026-01-29 23:04:02,2026-01-29 23:08:34
TXN-00000427,ACC-000081,MER-00003,IDEMP-00000427,USD,1385,COMPLETED,2026-01-28 18:40:01,2026-01-28 18:44:34
TXN-00000428,ACC-000107,MER-00040,IDEMP-00000428,SGD,7713,PENDING,2026-01-30 04:21:26,
TXN-00000429,ACC-000248,MER-00005,IDEMP-00000429,USD,1583,COMPLETED,2026-01-14 16:17:22,2026-01-14 16:19:46
TXN-00000430,ACC-000448,MER-00076,IDEMP-00000430,USD,3504,COMPLETED,2026-02-07 11:17:11,2026-02-07 11:23:13
TXN-00000431,ACC-000435,MER-00018,IDEMP-00000431,SGD,3322,COMPLETED,2026-02-12 15:22:30,2026-02-12 15:30:36
TXN-00000432,ACC-000365,MER-00014,IDEMP-00000432,USD,27246,COMPLETED,2026-02-06 07:41:35,2026-02-06 07:49:13
TXN-00000433,ACC-000395,MER-00059,IDEMP-00000433,USD,12796,PENDING,2026-01-11 11:55:49,
TXN-00000434,ACC-000069,MER-00069,IDEMP-00000434,SGD,3265,PENDING,2026-01-04 16:51:52,
TXN-00000435,ACC-000251,MER-00056,IDEMP-00000435,USD,7547,COMPLETED,2026-03-01 01:35:02,2026-03-01 01:37:11
TXN-00000436,ACC-000281,MER-00042,IDEMP-00000436,SGD,15421,COMPLETED,2026-02-18 13:42:32,2026-02-18 13:43:27
TXN-00000437,ACC-000444,MER-00063,IDEMP-00000437,THB,22886,COMPLETED,2026-02-25 21:24:37,2026-02-25 21:32:25
TXN-00000438,ACC-000258,MER-00065,IDEMP-00000438,THB,1466,COMPLETED,2026-01-25 14:21:46,2026-01-25 14:28:41
TXN-00000439,ACC-000317,MER-00045,IDEMP-00000439,USD,1496,COMPLETED,2026-01-02 03:19:03,2026-01-02 03:23:22
TXN-00000440,ACC-000142,MER-00038,IDEMP-00000440,THB,8157,COMPLETED,2026-02-10 12:25:59,2026-02-10 12:26:24
TXN-00000441,ACC-000103,MER-00056,IDEMP-00000441,USD,37432,COMPLETED,2026-02-21 13:13:45,2026-02-21 13:22:11
TXN-00000442,ACC-000174,MER-00006,IDEMP-00000442,SGD,3256,COMPLETED,2026-01-20 03:09:54,2026-01-20 03:13:00
TXN-00000443,ACC-000415,MER-00071,IDEMP-00000443,SGD,3984,COMPLETED,2026-02-01 23:50:31,2026-02-01 23:58:05
TXN-00000444,ACC-000291,MER-00001,IDEMP-00000444,USD,3134,PENDING,2026-01-10 14:13:00,
TXN-00000445,ACC-000201,MER-00028,IDEMP-00000445,SGD,10635,COMPLETED,2026-01-29 22:14:49,2026-01-29 22:17:17
TXN-00000446,ACC-000373,MER-00067,IDEMP-00000446,SGD,9547,PENDING,2026-01-11 05:47:19,
TXN-00000447,ACC-000125,MER-00046,IDEMP-00000447,USD,10315,COMPLETED,2026-02-24 11:14:47,2026-02-24 11:23:29
TXN-00000448,ACC-000029,MER-00036,IDEMP-00000448,THB,35451,CANCELLED,2026-02-15 06:38:52,2026-02-15 06:42:07
TXN-00000449,ACC-000140,MER-00015,IDEMP-00000449,SGD,2533,COMPLETED,2026-01-07 16:51:21,2026-01-07 17:00:02
TXN-00000450,ACC-000390,MER-00055,IDEMP-00000450,SGD,4277,COMPLETED,2026-02-20 18:05:41,2026-02-20 18:12:14
TXN-00000451,ACC-000065,MER-00005,IDEMP-00000451,THB,5956,COMPLETED,2026-01-15 08:50:14,2026-01-15 08:50:52
TXN-00000452,ACC-000219,MER-00013,IDEMP-00000452,SGD,58006,COMPLETED,2026-02-24 15:38:07,2026-02-24 15:47:02
TXN-00000453,ACC-000267,MER-00017,IDEMP-00000453,USD,2883,COMPLETED,2026-01-04 21:17:04,2026-01-04 21:21:38
TXN-00000454,ACC-000423,MER-00005,IDEMP-00000454,USD,9344,COMPLETED,2026-02-08 11:52:10,2026-02-08 12:01:03
TXN-00000455,ACC-000099,MER-00043,IDEMP-00000455,SGD,14745,COMPLETED,2026-02-01 01:10:33,2026-02-01 01:16:15
TXN-00000456,ACC-000309,MER-00077,IDEMP-00000456,SGD,4526,COMPLETED,2026-01-30 16:20:46,2026-01-30 16:22:01
TXN-00000457,ACC-000029,MER-00077,IDEMP-00000457,THB,25777,COMPLETED,2026-02-19 11:35:12,2026-02-19 11:42:01
TXN-00000458,ACC-000071,MER-00007,IDEMP-00000458,USD,2480,PENDING,2026-01-09 04:38:08,
TXN-00000459,ACC-000267,MER-00022,IDEMP-00000459,USD,8809,PENDING,2026-01-24 22:49:52,
TXN-00000460,ACC-000356,MER-00005,IDEMP-00000460,SGD,439,COMPLETED,2026-01-26 01:45:07,2026-01-26 01:45:29
TXN-00000461,ACC-000202,MER-00015,IDEMP-00000461,USD,3915,COMPLETED,2026-02-27 19:08:21,2026-02-27 19:16:59
TXN-00000462,ACC-000396,MER-00069,IDEMP-00000462,THB,12634,COMPLETED,2026-02-17 18:02:49,2026-02-17 18:07:11
TXN-00000463,ACC-000354,MER-00070,IDEMP-00000463,USD,7573,CANCELLED,2026-01-01 17:17:37,2026-01-01 17:18:14
TXN-00000464,ACC-000404,MER-00037,IDEMP-00000464,SGD,4240,COMPLETED,2026-01-06 22:31:59,2026-01-06 22:39:31
TXN-00000465,ACC-000402,MER-00006,IDEMP-00000465,USD,3141,COMPLETED,2026-02-26 08:58:39,2026-02-26 09:06:36
TXN-00000466,ACC-000394,MER-00035,IDEMP-00000466,SGD,12239,COMPLETED,2026-01-20 15:57:13,2026-01-20 16:02:24
TXN-00000467,ACC-000032,MER-00073,IDEMP-00000467,SGD,10500,COMPLETED,2026-01-02 08:53:24,2026-01-02 08:56:44
TXN-00000468,ACC-000137,MER-00080,IDEMP-00000468,SGD,4341,COMPLETED,2026-01-06 23:08:21,2026-01-06 23:12:37
TXN-00000469,ACC-000066,MER-00051,IDEMP-00000469,SGD,3292,DECLINED,2026-02-26 12:43:32,2026-02-26 12:50:14
TXN-00000470,ACC-000329,MER-00061,IDEMP-00000470,THB,9440,COMPLETED,2026-01-20 03:11:17,2026-01-20 03:17:29
TXN-00000471,ACC-000070,MER-00058,IDEMP-00000471,THB,4638,COMPLETED,2026-02-04 06:37:48,2026-02-04 06:37:51
TXN-00000472,ACC-000015,MER-00002,IDEMP-00000472,USD,4094,DECLINED,2026-01-23 04:34:50,2026-01-23 04:41:23
TXN-00000473,ACC-000359,MER-00049,IDEMP-00000473,THB,2088,DECLINED,2026-01-18 05:00:46,2026-01-18 05:04:54
TXN-00000474,ACC-000010,MER-00026,IDEMP-00000474,USD,4328,COMPLETED,2026-01-26 14:19:40,2026-01-26 14:28:22
TXN-00000475,ACC-000130,MER-00026,IDEMP-00000475,SGD,2097,COMPLETED,2026-01-01 12:52:58,2026-01-01 13:02:29
TXN-00000476,ACC-000328,MER-00042,IDEMP-00000476,THB,7175,COMPLETED,2026-02-17 09:55:19,2026-02-17 10:03:59
TXN-00000477,ACC-000310,MER-00033,IDEMP-00000477,THB,14888,COMPLETED,2026-01-25 17:44:46,2026-01-25 17:53:55
TXN-00000478,ACC-000297,MER-00048,IDEMP-00000478,SGD,3715,PENDING,2026-02-06 10:45:31,
TXN-00000479,ACC-000266,MER-00013,IDEMP-00000479,THB,3103,PENDING,2026-02-08 06:47:35,
TXN-00000480,ACC-000101,MER-00066,IDEMP-00000480,THB,12638,COMPLETED,2026-02-20 09:14:54,2026-02-20 09:22:41
TXN-00000481,ACC-000144,MER-00057,IDEMP-00000481,SGD,2437,COMPLETED,2026-01-18 19:19:48,2026-01-18 19:29:03
TXN-00000482,ACC-000188,MER-00017,IDEMP-00000482,SGD,2545,COMPLETED,2026-02-12 00:14:18,2026-02-12 00:16:48
TXN-00000483,ACC-000153,MER-00013,IDEMP-00000483,SGD,5443,COMPLETED,2026-02-06 13:47:04,2026-02-06 13:56:01
TXN-00000484,ACC-000209,MER-00063,IDEMP-00000484,USD,4972,COMPLETED,2026-02-19 02:31:14,2026-02-19 02:36:09
TXN-00000485,ACC-000064,MER-00042,IDEMP-00000485,SGD,11516,DECLINED,2026-01-13 01:08:40,2026-01-13 01:16:08
TXN-00000486,ACC-000362,MER-00033,IDEMP-00000486,SGD,19946,COMPLETED,2026-01-20 16:57:11,2026-01-20 16:59:38
TXN-00000487,ACC-000095,MER-00048,IDEMP-00000487,USD,13787,PENDING,2026-02-16 14:28:55,
TXN-00000488,ACC-000407,MER-00001,IDEMP-00000488,SGD,16479,COMPLETED,2026-02-21 18:33:55,2026-02-21 18:34:11
TXN-00000489,ACC-000443,MER-00003,IDEMP-00000489,SGD,27889,COMPLETED,2026-02-28 05:52:12,2026-02-28 05:55:02
TXN-00000490,ACC-000444,MER-00009,IDEMP-00000490,THB,14372,COMPLETED,2026-02-24 07:47:00,2026-02-24 07:49:19
TXN-00000491,ACC-000205,MER-00020,IDEMP-00000491,USD,3352,COMPLETED,2026-02-22 02:40:33,2026-02-22 02:50:11
TXN-00000492,ACC-000068,MER-00060,IDEMP-00000492,USD,948,COMPLETED,2026-01-12 12:14:00,2026-01-12 12:18:20
TXN-00000493,ACC-000264,MER-00019,IDEMP-00000493,THB,3145,COMPLETED,2026-02-09 05:42:37,2026-02-09 05:44:32
TXN-00000494,ACC-000170,MER-00005,IDEMP-00000494,USD,2797,DECLINED,2026-02-03 10:07:04,2026-02-03 10:08:15
TXN-00000495,ACC-000385,MER-00047,IDEMP-00000495,THB,10649,COMPLETED,2026-02-08 22:56:34,2026-02-08 23:03:19
TXN-00000496,ACC-000100,MER-00034,IDEMP-00000496,THB,4707,PENDING,2026-01-21 02:41:32,
TXN-00000497,ACC-000428,MER-00007,IDEMP-00000497,USD,5622,COMPLETED,2026-01-06 11:07:58,2026-01-06 11:08:52
TXN-00000498,ACC-000093,MER-00069,IDEMP-00000498,SGD,12597,DECLINED,2026-01-03 04:52:12,2026-01-03 04:58:38
TXN-00000499,ACC-000338,MER-00010,IDEMP-00000499,THB,24525,COMPLETED,2026-02-24 13:48:21,2026-02-24 13:55:15
TXN-00000500,ACC-000170,MER-00069,IDEMP-00000500,USD,861,COMPLETED,2026-01-31 11:11:31,2026-01-31 11:15:06
TXN-00000501,ACC-000369,MER-00037,IDEMP-00000501,USD,3080,COMPLETED,2026-01-26 08:07:59,2026-01-26 08:08:58
TXN-00000502,ACC-000410,MER-00020,IDEMP-00000502,USD,24614,PENDING,2026-02-15 01:19:42,
TXN-00000503,ACC-000291,MER-00030,IDEMP-00000503,USD,5165,COMPLETED,2026-02-19 05:36:47,2026-02-19 05:44:17
TXN-00000504,ACC-000186,MER-00063,IDEMP-00000504,THB,3084,COMPLETED,2026-02-04 09:14:34,2026-02-04 09:21:27
TXN-00000505,ACC-000161,MER-00038,IDEMP-00000505,USD,757,DECLINED,2026-01-27 02:13:10,2026-01-27 02:21:06
TXN-00000506,ACC-000086,MER-00059,IDEMP-00000506,SGD,7673,COMPLETED,2026-02-24 02:38:57,2026-02-24 02:45:26
TXN-00000507,ACC-000223,MER-00025,IDEMP-00000507,SGD,7287,COMPLETED,2026-01-09 06:21:17,2026-01-09 06:30:12
TXN-00000508,ACC-000071,MER-00020,IDEMP-00000508,USD,12070,COMPLETED,2026-03-01 08:42:13,2026-03-01 08:44:03
TXN-00000509,ACC-000001,MER-00062,IDEMP-00000509,THB,21971,COMPLETED,2026-02-14 00:32:21,2026-02-14 00:37:19
TXN-00000510,ACC-000258,MER-00067,IDEMP-00000510,THB,513,COMPLETED,2026-01-25 18:56:55,2026-01-25 19:02:13
TXN-00000511,ACC-000224,MER-00075,IDEMP-00000511,THB,36201,COMPLETED,2026-02-24 20:38:04,2026-02-24 20:42:59
TXN-00000512,ACC-000103,MER-00004,IDEMP-00000512,USD,5458,CANCELLED,2026-02-25 03:50:00,2026-02-25 03:57:22
TXN-00000513,ACC-000003,MER-00040,IDEMP-00000513,THB,18004,COMPLETED,2026-02-05 10:11:02,2026-02-05 10:15:23
TXN-00000514,ACC-000285,MER-00044,IDEMP-00000514,SGD,4069,COMPLETED,2026-02-02 07:36:26,2026-02-02 07:38:48
TXN-00000515,ACC-000362,MER-00060,IDEMP-00000515,SGD,20011,COMPLETED,2026-02-27 21:54:39,2026-02-27 22:02:03
TXN-00000516,ACC-000052,MER-00017,IDEMP-00000516,SGD,22458,COMPLETED,2026-02-20 23:17:45,2026-02-20 23:20:02
TXN-00000517,ACC-000084,MER-00003,IDEMP-00000517,USD,14968,COMPLETED,2026-01-18 02:31:11,2026-01-18 02:33:01
TXN-00000518,ACC-000413,MER-00040,IDEMP-00000518,USD,2417,COMPLETED,2026-01-18 11:30:09,2026-01-18 11:36:11
TXN-00000519,ACC-000115,MER-00030,IDEMP-00000519,USD,3289,COMPLETED,2026-01-09 15:36:21,2026-01-09 15:41:45
TXN-00000520,ACC-000124,MER-00071,IDEMP-00000520,USD,2270,COMPLETED,2026-01-28 19:40:54,2026-01-28 19:44:55
TXN-00000521,ACC-000432,MER-00024,IDEMP-00000521,SGD,5127,PENDING,2026-01-23 23:13:36,
TXN-00000522,ACC-000026,MER-00012,IDEMP-00000522,USD,7808,COMPLETED,2026-01-27 16:55:22,2026-01-27 16:57:53
TXN-00000523,ACC-000446,MER-00009,IDEMP-00000523,THB,5091,COMPLETED,2026-01-26 10:57:49,2026-01-26 10:59:37
TXN-00000524,ACC-000145,MER-00062,IDEMP-00000524,SGD,2988,COMPLETED,2026-03-01 01:12:05,2026-03-01 01:16:59
TXN-00000525,ACC-000411,MER-00010,IDEMP-00000525,THB,1579,COMPLETED,2026-02-17 22:25:05,2026-02-17 22:30:48
TXN-00000526,ACC-000293,MER-00026,IDEMP-00000526,THB,3089,COMPLETED,2026-01-26 15:10:19,2026-01-26 15:15:56
TXN-00000527,ACC-000212,MER-00003,IDEMP-00000527,THB,16821,COMPLETED,2026-01-21 22:11:23,2026-01-21 22:13:43
TXN-00000528,ACC-000011,MER-00005,IDEMP-00000528,SGD,2014,COMPLETED,2026-02-10 07:33:50,2026-02-10 07:38:55
TXN-00000529,ACC-000412,MER-00009,IDEMP-00000529,THB,548,PENDING,2026-03-01 19:24:22,
TXN-00000530,ACC-000423,MER-00047,IDEMP-00000530,USD,1909,COMPLETED,2026-01-30 18:41:21,2026-01-30 18:42:24
TXN-00000531,ACC-000089,MER-00009,IDEMP-00000531,USD,22851,CANCELLED,2026-01-18 18:11:02,2026-01-18 18:16:29
TXN-00000532,ACC-000094,MER-00058,IDEMP-00000532,SGD,21779,COMPLETED,2026-01-13 04:17:34,2026-01-13 04:23:33
TXN-00000533,ACC-000225,MER-00003,IDEMP-00000533,USD,25310,COMPLETED,2026-01-25 03:40:15,2026-01-25 03:47:15
TXN-00000534,ACC-000275,MER-00007,IDEMP-00000534,SGD,15133,COMPLETED,2026-01-24 12:06:10,2026-01-24 12:08:23
TXN-00000535,ACC-000217,MER-00067,IDEMP-00000535,SGD,1374,COMPLETED,2026-01-24 15:22:50,2026-01-24 15:32:01
TXN-00000536,ACC-000324,MER-00070,IDEMP-00000536,THB,3462,COMPLETED,2026-01-21 22:07:20,2026-01-21 22:11:32
TXN-00000537,ACC-000387,MER-00028,IDEMP-00000537,USD,4409,COMPLETED,2026-02-23 20:50:56,2026-02-23 20:52:33
TXN-00000538,ACC-000063,MER-00054,IDEMP-00000538,THB,2132,PENDING,2026-03-01 08:29:21,
TXN-00000539,ACC-000326,MER-00009,IDEMP-00000539,USD,4927,COMPLETED,2026-01-01 18:47:35,2026-01-01 18:51:03
TXN-00000540,ACC-000349,MER-00051,IDEMP-00000540,USD,5711,PENDING,2026-02-09 06:28:21,
TXN-00000541,ACC-000298,MER-00045,IDEMP-00000541,SGD,4266,COMPLETED,2026-01-16 15:10:40,2026-01-16 15:14:53
TXN-00000542,ACC-000139,MER-00073,IDEMP-00000542,SGD,3382,COMPLETED,2026-01-01 06:58:44,2026-01-01 07:04:23
TXN-00000543,ACC-000212,MER-00006,IDEMP-00000543,THB,8219,COMPLETED,2026-02-10 02:04:48,2026-02-10 02:09:17
TXN-00000544,ACC-000046,MER-00048,IDEMP-00000544,SGD,12795,PENDING,2026-01-05 03:11:09,
TXN-00000545,ACC-000373,MER-00036,IDEMP-00000545,SGD,5939,COMPLETED,2026-02-15 11:38:46,2026-02-15 11:44:53
TXN-00000546,ACC-000214,MER-00077,IDEMP-00000546,THB,2466,COMPLETED,2026-02-28 17:40:37,2026-02-28 17:47:25
TXN-00000547,ACC-000323,MER-00023,IDEMP-00000547,USD,11576,COMPLETED,2026-01-09 08:33:46,2026-01-09 08:34:17
TXN-00000548,ACC-000413,MER-00039,IDEMP-00000548,USD,2445,COMPLETED,2026-01-16 08:35:35,2026-01-16 08:44:58
TXN-00000549,ACC-000427,MER-00033,IDEMP-00000549,THB,5872,COMPLETED,2026-01-14 09:05:18,2026-01-14 09:11:33
TXN-00000550,ACC-000347,MER-00004,IDEMP-00000550,USD,9905,DECLINED,2026-02-26 20:25:28,2026-02-26 20:26:27
TXN-00000551,ACC-000073,MER-00022,IDEMP-00000551,THB,2513,COMPLETED,2026-01-18 09:15:58,2026-01-18 09:21:00
TXN-00000552,ACC-000273,MER-00067,IDEMP-00000552,THB,331,PENDING,2026-02-09 20:18:24,
TXN-00000553,ACC-000154,MER-00016,IDEMP-00000553,THB,1027,COMPLETED,2026-02-23 19:25:19,2026-02-23 19:25:24
TXN-00000554,ACC-000389,MER-00054,IDEMP-00000554,THB,3773,COMPLETED,2026-01-17 14:47:11,2026-01-17 14:53:25
TXN-00000555,ACC-000327,MER-00037,IDEMP-00000555,USD,1536,COMPLETED,2026-01-02 20:02:40,2026-01-02 20:10:51
TXN-00000556,ACC-000255,MER-00058,IDEMP-00000556,SGD,4644,COMPLETED,2026-01-23 06:03:51,2026-01-23 06:11:30
TXN-00000557,ACC-000445,MER-00080,IDEMP-00000557,SGD,7850,COMPLETED,2026-01-23 16:33:08,2026-01-23 16:34:08
TXN-00000558,ACC-000001,MER-00022,IDEMP-00000558,THB,6803,COMPLETED,2026-02-11 19:35:17,2026-02-11 19:39:27
TXN-00000559,ACC-000098,MER-00030,IDEMP-00000559,THB,8739,COMPLETED,2026-01-03 22:26:27,2026-01-03 22:35:37
TXN-00000560,ACC-000292,MER-00021,IDEMP-00000560,THB,3942,COMPLETED,2026-02-11 07:58:11,2026-02-11 08:04:47
TXN-00000561,ACC-000212,MER-00042,IDEMP-00000561,THB,4001,COMPLETED,2026-02-13 09:08:18,2026-02-13 09:16:51
TXN-00000562,ACC-000373,MER-00025,IDEMP-00000562,SGD,7614,COMPLETED,2026-01-27 08:19:14,2026-01-27 08:25:46
TXN-00000563,ACC-000272,MER-00036,IDEMP-00000563,THB,2878,COMPLETED,2026-02-15 18:57:41,2026-02-15 19:07:39
TXN-00000564,ACC-000325,MER-00002,IDEMP-00000564,SGD,3690,PENDING,2026-02-04 05:17:05,
TXN-00000565,ACC-000313,MER-00022,IDEMP-00000565,THB,43058,CANCELLED,2026-01-12 19:30:06,2026-01-12 19:32:43
TXN-00000566,ACC-000228,MER-00070,IDEMP-00000566,THB,13649,COMPLETED,2026-01-25 04:09:08,2026-01-25 04:09:43
TXN-00000567,ACC-000181,MER-00006,IDEMP-00000567,USD,10452,COMPLETED,2026-02-16 16:21:51,2026-02-16 16:22:17
TXN-00000568,ACC-000263,MER-00061,IDEMP-00000568,SGD,1393,COMPLETED,2026-02-16 08:15:57,2026-02-16 08:21:44
TXN-00000569,ACC-000243,MER-00065,IDEMP-00000569,SGD,3569,CANCELLED,2026-02-18 18:43:33,2026-02-18 18:49:55
TXN-00000570,ACC-000341,MER-00022,IDEMP-00000570,THB,2337,DECLINED,2026-01-28 02:27:21,2026-01-28 02:33:59
TXN-00000571,ACC-000371,MER-00037,IDEMP-00000571,USD,9968,COMPLETED,2026-02-16 16:18:10,2026-02-16 16:24:59
TXN-00000572,ACC-000429,MER-00066,IDEMP-00000572,USD,3811,DECLINED,2026-02-13 17:45:46,2026-02-13 17:48:21
TXN-00000573,ACC-000358,MER-00007,IDEMP-00000573,THB,5555,COMPLETED,2026-02-11 09:20:26,2026-02-11 09:24:06
TXN-00000574,ACC-000083,MER-00018,IDEMP-00000574,USD,4935,COMPLETED,2026-02-24 10:58:27,2026-02-24 11:00:45
TXN-00000575,ACC-000100,MER-00038,IDEMP-00000575,THB,1555,COMPLETED,2026-01-05 00:02:46,2026-01-05 00:06:08
TXN-00000576,ACC-000190,MER-00014,IDEMP-00000576,USD,21016,DECLINED,2026-02-25 08:47:55,2026-02-25 08:56:46
TXN-00000577,ACC-000322,MER-00065,IDEMP-00000577,SGD,6399,COMPLETED,2026-02-11 05:15:30,2026-02-11 05:17:46
TXN-00000578,ACC-000441,MER-00032,IDEMP-00000578,SGD,1799,COMPLETED,2026-01-11 15:24:17,2026-01-11 15:29:26
TXN-00000579,ACC-000337,MER-00011,IDEMP-00000579,THB,405,CANCELLED,2026-02-04 08:25:30,2026-02-04 08:25:53
TXN-00000580,ACC-000075,MER-00054,IDEMP-00000580,SGD,8428,COMPLETED,2026-01-18 21:58:39,2026-01-18 22:08:14
TXN-00000581,ACC-000333,MER-00064,IDEMP-00000581,USD,2878,DECLINED,2026-01-09 07:18:46,2026-01-09 07:21:02
TXN-00000582,ACC-000117,MER-00010,IDEMP-00000582,SGD,2661,PENDING,2026-01-26 07:15:44,
TXN-00000583,ACC-000340,MER-00065,IDEMP-00000583,SGD,30184,COMPLETED,2026-02-14 18:18:40,2026-02-14 18:20:33
TXN-00000584,ACC-000212,MER-00023,IDEMP-00000584,THB,1031,CANCELLED,2026-02-25 05:04:22,2026-02-25 05:12:20
TXN-00000585,ACC-000006,MER-00008,IDEMP-00000585,USD,5409,COMPLETED,2026-02-06 13:44:20,2026-02-06 13:48:39
TXN-00000586,ACC-000021,MER-00056,IDEMP-00000586,USD,3182,COMPLETED,2026-01-02 17:12:38,2026-01-02 17:14:38
TXN-00000587,ACC-000092,MER-00074,IDEMP-00000587,SGD,873,COMPLETED,2026-01-16 19:21:42,2026-01-16 19:22:35
TXN-00000588,ACC-000339,MER-00046,IDEMP-00000588,SGD,4754,COMPLETED,2026-01-30 01:38:04,2026-01-30 01:47:21
TXN-00000589,ACC-000338,MER-00053,IDEMP-00000589,THB,3795,PENDING,2026-01-26 16:52:23,
TXN-00000590,ACC-000305,MER-00038,IDEMP-00000590,THB,12055,COMPLETED,2026-01-09 23:29:53,2026-01-09 23:36:53
TXN-00000591,ACC-000239,MER-00029,IDEMP-00000591,USD,10272,DECLINED,2026-01-26 04:15:50,2026-01-26 04:19:41
TXN-00000592,ACC-000117,MER-00059,IDEMP-00000592,SGD,2817,PENDING,2026-01-25 09:10:01,
TXN-00000593,ACC-000007,MER-00025,IDEMP-00000593,THB,10973,PENDING,2026-02-20 16:53:54,
TXN-00000594,ACC-000217,MER-00035,IDEMP-00000594,SGD,3904,COMPLETED,2026-01-25 00:00:07,2026-01-25 00:08:07
TXN-00000595,ACC-000079,MER-00067,IDEMP-00000595,SGD,1825,COMPLETED,2026-01-16 08:06:14,2026-01-16 08:15:09
TXN-00000596,ACC-000128,MER-00023,IDEMP-00000596,USD,5353,COMPLETED,2026-02-23 07:25:27,2026-02-23 07:34:30
TXN-00000597,ACC-000274,MER-00079,IDEMP-00000597,USD,2874,CANCELLED,2026-01-02 08:38:53,2026-01-02 08:44:12
TXN-00000598,ACC-000238,MER-00077,IDEMP-00000598,THB,2016,COMPLETED,2026-02-27 20:53:54,2026-02-27 21:03:46
TXN-00000599,ACC-000014,MER-00075,IDEMP-00000599,THB,5292,COMPLETED,2026-02-20 06:24:24,2026-02-20 06:25:20
TXN-00000600,ACC-000005,MER-00076,IDEMP-00000600,THB,5947,COMPLETED,2026-01-10 01:34:41,2026-01-10 01:43:06
TXN-00000601,ACC-000315,MER-00078,IDEMP-00000601,THB,1937,PENDING,2026-01-19 13:42:50,
TXN-00000602,ACC-000144,MER-00054,IDEMP-00000602,SGD,12132,COMPLETED,2026-01-14 02:29:30,2026-01-14 02:37:33
TXN-00000603,ACC-000077,MER-00013,IDEMP-00000603,SGD,6688,COMPLETED,2026-01-13 04:08:59,2026-01-13 04:09:24
TXN-00000604,ACC-000388,MER-00059,IDEMP-00000604,USD,1930,COMPLETED,2026-01-26 04:27:33,2026-01-26 04:31:20
TXN-00000605,ACC-000171,MER-00080,IDEMP-00000605,SGD,16030,COMPLETED,2026-02-06 11:59:03,2026-02-06 12:02:47
TXN-00000606,ACC-000387,MER-00051,IDEMP-00000606,USD,2985,COMPLETED,2026-02-25 04:03:49,2026-02-25 04:12:39
TXN-00000607,ACC-000099,MER-00056,IDEMP-00000607,SGD,2592,COMPLETED,2026-01-16 00:26:26,2026-01-16 00:28:46
TXN-00000608,ACC-000167,MER-00074,IDEMP-00000608,THB,30098,COMPLETED,2026-01-08 07:56:02,2026-01-08 08:05:48
TXN-00000609,ACC-000326,MER-00073,IDEMP-00000609,USD,6137,COMPLETED,2026-01-05 09:36:19,2026-01-05 09:45:39
TXN-00000610,ACC-000227,MER-00012,IDEMP-00000610,SGD,7498,COMPLETED,2026-01-01 14:55:30,2026-01-01 14:55:40
TXN-00000611,ACC-000337,MER-00015,IDEMP-00000611,THB,9470,COMPLETED,2026-02-01 09:32:21,2026-02-01 09:41:59
TXN-00000612,ACC-000001,MER-00023,IDEMP-00000612,THB,39302,CANCELLED,2026-01-26 15:34:21,2026-01-26 15:35:30
TXN-00000613,ACC-000192,MER-00045,IDEMP-00000613,SGD,54186,COMPLETED,2026-01-11 03:23:32,2026-01-11 03:31:52
TXN-00000614,ACC-000186,MER-00019,IDEMP-00000614,THB,14565,CANCELLED,2026-02-13 04:20:40,2026-02-13 04:29:09
TXN-00000615,ACC-000141,MER-00040,IDEMP-00000615,USD,3470,COMPLETED,2026-02-08 19:41:49,2026-02-08 19:44:08
TXN-00000616,ACC-000442,MER-00077,IDEMP-00000616,SGD,5426,CANCELLED,2026-02-21 13:00:32,2026-02-21 13:04:51
TXN-00000617,ACC-000121,MER-00064,IDEMP-00000617,THB,2559,PENDING,2026-02-19 11:59:29,
TXN-00000618,ACC-000089,MER-00020,IDEMP-00000618,USD,4580,COMPLETED,2026-02-10 20:03:44,2026-02-10 20:11:51
TXN-00000619,ACC-000052,MER-00080,IDEMP-00000619,SGD,6906,PENDING,2026-02-19 18:02:36,
TXN-00000620,ACC-000399,MER-00054,IDEMP-00000620,USD,6135,COMPLETED,2026-02-24 11:30:39,2026-02-24 11:39:23
TXN-00000621,ACC-000418,MER-00036,IDEMP-00000621,USD,918,COMPLETED,2026-01-27 01:45:07,2026-01-27 01:46:11
TXN-00000622,ACC-000020,MER-00028,IDEMP-00000622,THB,3810,DECLINED,2026-02-13 21:18:14,2026-02-13 21:27:37
TXN-00000623,ACC-000357,MER-00005,IDEMP-00000623,SGD,1801,COMPLETED,2026-02-07 21:48:53,2026-02-07 21:58:48
TXN-00000624,ACC-000189,MER-00044,IDEMP-00000624,SGD,9948,COMPLETED,2026-01-29 05:51:39,2026-01-29 05:58:01
TXN-00000625,ACC-000247,MER-00056,IDEMP-00000625,USD,3481,COMPLETED,2026-02-26 22:42:19,2026-02-26 22:47:34
TXN-00000626,ACC-000141,MER-00078,IDEMP-00000626,USD,23882,COMPLETED,2026-01-30 06:19:47,2026-01-30 06:20:03
TXN-00000627,ACC-000095,MER-00005,IDEMP-00000627,USD,3492,COMPLETED,2026-02-02 08:51:38,2026-02-02 08:51:43
TXN-00000628,ACC-000104,MER-00077,IDEMP-00000628,THB,5941,COMPLETED,2026-02-21 07:28:48,2026-02-21 07:33:41
TXN-00000629,ACC-000291,MER-00003,IDEMP-00000629,USD,7435,COMPLETED,2026-01-07 12:01:53,2026-01-07 12:09:36
TXN-00000630,ACC-000230,MER-00011,IDEMP-00000630,THB,994,COMPLETED,2026-02-16 23:49:45,2026-02-16 23:51:00
TXN-00000631,ACC-000076,MER-00015,IDEMP-00000631,USD,833,COMPLETED,2026-02-17 19:27:16,2026-02-17 19:34:34
TXN-00000632,ACC-000215,MER-00036,IDEMP-00000632,THB,3355,COMPLETED,2026-01-10 02:04:34,2026-01-10 02:11:34
TXN-00000633,ACC-000286,MER-00010,IDEMP-00000633,THB,8702,COMPLETED,2026-02-06 20:37:45,2026-02-06 20:37:50
TXN-00000634,ACC-000122,MER-00056,IDEMP-00000634,THB,6513,COMPLETED,2026-02-27 23:56:37,2026-02-28 00:01:25
TXN-00000635,ACC-000021,MER-00038,IDEMP-00000635,USD,2513,DECLINED,2026-02-09 23:40:11,2026-02-09 23:47:19
TXN-00000636,ACC-000031,MER-00042,IDEMP-00000636,THB,812,COMPLETED,2026-01-27 18:07:24,2026-01-27 18:12:39
TXN-00000637,ACC-000404,MER-00030,IDEMP-00000637,SGD,2894,DECLINED,2026-01-09 21:02:43,2026-01-09 21:09:58
TXN-00000638,ACC-000042,MER-00009,IDEMP-00000638,THB,11565,COMPLETED,2026-01-10 17:38:35,2026-01-10 17:38:45
TXN-00000639,ACC-000352,MER-00004,IDEMP-00000639,SGD,17494,COMPLETED,2026-02-13 01:40:14,2026-02-13 01:49:25
TXN-00000640,ACC-000081,MER-00031,IDEMP-00000640,USD,2155,COMPLETED,2026-02-19 16:08:51,2026-02-19 16:09:36
TXN-00000641,ACC-000358,MER-00004,IDEMP-00000641,THB,14500,CANCELLED,2026-01-11 06:22:16,2026-01-11 06:22:45
TXN-00000642,ACC-000401,MER-00067,IDEMP-00000642,THB,3760,COMPLETED,2026-01-13 21:21:27,2026-01-13 21:31:02
TXN-00000643,ACC-000170,MER-00012,IDEMP-00000643,USD,2676,COMPLETED,2026-01-05 00:02:36,2026-01-05 00:09:34
TXN-00000644,ACC-000048,MER-00045,IDEMP-00000644,THB,34244,COMPLETED,2026-01-16 11:05:43,2026-01-16 11:09:45
TXN-00000645,ACC-000033,MER-00015,IDEMP-00000645,USD,667,PENDING,2026-01-03 09:02:07,
TXN-00000646,ACC-000354,MER-00050,IDEMP-00000646,USD,23675,COMPLETED,2026-01-15 20:22:15,2026-01-15 20:29:55
TXN-00000647,ACC-000051,MER-00020,IDEMP-00000647,USD,7944,COMPLETED,2026-02-05 09:24:29,2026-02-05 09:29:36
TXN-00000648,ACC-000283,MER-00014,IDEMP-00000648,USD,3697,COMPLETED,2026-02-02 21:31:28,2026-02-02 21:36:37
TXN-00000649,ACC-000272,MER-00068,IDEMP-00000649,THB,1042,COMPLETED,2026-02-14 11:30:22,2026-02-14 11:35:28
TXN-00000650,ACC-000286,MER-00045,IDEMP-00000650,THB,3893,COMPLETED,2026-02-01 11:16:20,2026-02-01 11:18:15
TXN-00000651,ACC-000098,MER-00071,IDEMP-00000651,THB,4137,COMPLETED,2026-02-27 05:52:51,2026-02-27 05:59:43
TXN-00000652,ACC-000416,MER-00039,IDEMP-00000652,THB,14359,PENDING,2026-01-12 21:27:17,
TXN-00000653,ACC-000110,MER-00013,IDEMP-00000653,USD,2030,COMPLETED,2026-01-03 04:41:12,2026-01-03 04:44:48
TXN-00000654,ACC-000107,MER-00012,IDEMP-00000654,SGD,26777,CANCELLED,2026-02-09 01:55:55,2026-02-09 01:59:36
TXN-00000655,ACC-000226,MER-00025,IDEMP-00000655,THB,14222,COMPLETED,2026-01-16 00:35:13,2026-01-16 00:41:27
TXN-00000656,ACC-000162,MER-00007,IDEMP-00000656,THB,4980,PENDING,2026-02-21 18:47:59,
TXN-00000657,ACC-000198,MER-00046,IDEMP-00000657,THB,14184,COMPLETED,2026-01-18 23:53:14,2026-01-18 23:57:57
TXN-00000658,ACC-000194,MER-00031,IDEMP-00000658,SGD,3628,DECLINED,2026-02-26 02:51:01,2026-02-26 02:59:33
TXN-00000659,ACC-000382,MER-00026,IDEMP-00000659,USD,13847,PENDING,2026-01-21 04:39:53,
TXN-00000660,ACC-000354,MER-00029,IDEMP-00000660,USD,12049,COMPLETED,2026-02-26 03:20:38,2026-02-26 03:24:38
TXN-00000661,ACC-000399,MER-00001,IDEMP-00000661,USD,2942,DECLINED,2026-01-21 12:01:56,2026-01-21 12:08:36
TXN-00000662,ACC-000333,MER-00032,IDEMP-00000662,USD,1172,CANCELLED,2026-01-22 00:43:44,2026-01-22 00:47:39
TXN-00000663,ACC-000197,MER-00040,IDEMP-00000663,USD,3694,COMPLETED,2026-02-18 00:30:15,2026-02-18 00:33:45
TXN-00000664,ACC-000411,MER-00013,IDEMP-00000664,THB,2051,DECLINED,2026-01-03 16:41:19,2026-01-03 16:44:15
TXN-00000665,ACC-000204,MER-00062,IDEMP-00000665,THB,5881,COMPLETED,2026-01-06 17:07:50,2026-01-06 17:12:51
TXN-00000666,ACC-000311,MER-00039,IDEMP-00000666,USD,2066,CANCELLED,2026-01-23 07:58:09,2026-01-23 08:04:28
TXN-00000667,ACC-000407,MER-00045,IDEMP-00000667,SGD,9209,COMPLETED,2026-01-24 19:54:08,2026-01-24 19:54:25
TXN-00000668,ACC-000336,MER-00061,IDEMP-00000668,THB,3603,COMPLETED,2026-02-15 05:28:35,2026-02-15 05:29:33
TXN-00000669,ACC-000052,MER-00042,IDEMP-00000669,SGD,11250,COMPLETED,2026-01-03 04:49:33,2026-01-03 04:58:31
TXN-00000670,ACC-000422,MER-00038,IDEMP-00000670,THB,1807,COMPLETED,2026-01-23 02:18:58,2026-01-23 02:19:09
TXN-00000671,ACC-000261,MER-00032,IDEMP-00000671,THB,4120,COMPLETED,2026-02-12 00:53:34,2026-02-12 00:57:15
TXN-00000672,ACC-000349,MER-00045,IDEMP-00000672,USD,5155,PENDING,2026-01-31 01:46:01,
TXN-00000673,ACC-000330,MER-00016,IDEMP-00000673,USD,1104,COMPLETED,2026-02-13 22:17:52,2026-02-13 22:25:24
TXN-00000674,ACC-000051,MER-00048,IDEMP-00000674,USD,9971,COMPLETED,2026-02-25 04:17:28,2026-02-25 04:23:12
TXN-00000675,ACC-000139,MER-00007,IDEMP-00000675,SGD,8939,COMPLETED,2026-01-22 07:54:02,2026-01-22 08:00:20
TXN-00000676,ACC-000060,MER-00039,IDEMP-00000676,SGD,4902,COMPLETED,2026-02-07 13:41:53,2026-02-07 13:48:09
TXN-00000677,ACC-000349,MER-00019,IDEMP-00000677,USD,2856,COMPLETED,2026-01-25 17:03:27,2026-01-25 17:09:01
TXN-00000678,ACC-000138,MER-00018,IDEMP-00000678,SGD,2034,COMPLETED,2026-01-11 16:37:41,2026-01-11 16:39:05
TXN-00000679,ACC-000390,MER-00041,IDEMP-00000679,SGD,22054,COMPLETED,2026-01-03 04:24:03,2026-01-03 04:30:10
TXN-00000680,ACC-000354,MER-00044,IDEMP-00000680,USD,8212,CANCELLED,2026-02-14 16:30:40,2026-02-14 16:32:10
TXN-00000681,ACC-000350,MER-00055,IDEMP-00000681,THB,2833,COMPLETED,2026-02-24 13:01:50,2026-02-24 13:07:58
TXN-00000682,ACC-000450,MER-00068,IDEMP-00000682,SGD,29914,COMPLETED,2026-01-09 17:38:02,2026-01-09 17:44:05
TXN-00000683,ACC-000067,MER-00046,IDEMP-00000683,THB,4354,COMPLETED,2026-02-22 20:39:51,2026-02-22 20:44:25
TXN-00000684,ACC-000092,MER-00031,IDEMP-00000684,SGD,6403,COMPLETED,2026-02-05 17:54:58,2026-02-05 18:02:49
TXN-00000685,ACC-000176,MER-00072,IDEMP-00000685,SGD,4703,CANCELLED,2026-01-13 05:33:16,2026-01-13 05:34:38
TXN-00000686,ACC-000085,MER-00051,IDEMP-00000686,USD,50010,COMPLETED,2026-02-02 13:24:24,2026-02-02 13:27:19
TXN-00000687,ACC-000120,MER-00039,IDEMP-00000687,THB,3012,COMPLETED,2026-01-06 13:07:52,2026-01-06 13:13:46
TXN-00000688,ACC-000299,MER-00025,IDEMP-00000688,THB,44992,COMPLETED,2026-01-11 08:26:24,2026-01-11 08:27:13
TXN-00000689,ACC-000256,MER-00076,IDEMP-00000689,THB,11330,COMPLETED,2026-02-08 18:17:35,2026-02-08 18:23:02
TXN-00000690,ACC-000333,MER-00059,IDEMP-00000690,USD,3069,COMPLETED,2026-01-11 05:55:36,2026-01-11 06:02:07
TXN-00000691,ACC-000427,MER-00047,IDEMP-00000691,THB,979,COMPLETED,2026-02-26 12:16:28,2026-02-26 12:20:29
TXN-00000692,ACC-000368,MER-00027,IDEMP-00000692,THB,14675,COMPLETED,2026-01-01 05:35:21,2026-01-01 05:44:28
TXN-00000693,ACC-000240,MER-00009,IDEMP-00000693,USD,9323,COMPLETED,2026-02-01 23:18:42,2026-02-01 23:27:22
TXN-00000694,ACC-000062,MER-00040,IDEMP-00000694,USD,6735,COMPLETED,2026-02-18 10:48:58,2026-02-18 10:54:21
TXN-00000695,ACC-000294,MER-00013,IDEMP-00000695,SGD,3796,COMPLETED,2026-01-15 05:43:03,2026-01-15 05:52:43
TXN-00000696,ACC-000248,MER-00053,IDEMP-00000696,USD,7749,COMPLETED,2026-02-28 02:16:04,2026-02-28 02:19:45
TXN-00000697,ACC-000036,MER-00030,IDEMP-00000697,SGD,2128,COMPLETED,2026-01-16 18:23:04,2026-01-16 18:29:06
TXN-00000698,ACC-000404,MER-00010,IDEMP-00000698,SGD,11514,COMPLETED,2026-01-28 22:16:04,2026-01-28 22:22:43
TXN-00000699,ACC-000024,MER-00036,IDEMP-00000699,SGD,3850,COMPLETED,2026-02-23 17:51:37,2026-02-23 17:57:33
TXN-00000700,ACC-000097,MER-00003,IDEMP-00000700,SGD,2316,COMPLETED,2026-02-20 05:35:56,2026-02-20 05:36:41
TXN-00000701,ACC-000121,MER-00058,IDEMP-00000701,THB,4281,COMPLETED,2026-02-22 22:17:30,2026-02-22 22:24:37
TXN-00000702,ACC-000012,MER-00071,IDEMP-00000702,SGD,12000,COMPLETED,2026-02-06 18:39:29,2026-02-06 18:47:16
TXN-00000703,ACC-000193,MER-00011,IDEMP-00000703,USD,2629,COMPLETED,2026-01-23 03:34:56,2026-01-23 03:36:52
TXN-00000704,ACC-000280,MER-00023,IDEMP-00000704,USD,13033,COMPLETED,2026-01-27 15:46:26,2026-01-27 15:52:02
TXN-00000705,ACC-000170,MER-00058,IDEMP-00000705,USD,29413,COMPLETED,2026-02-09 19:09:33,2026-02-09 19:15:08
TXN-00000706,ACC-000026,MER-00021,IDEMP-00000706,USD,7572,COMPLETED,2026-01-18 04:46:20,2026-01-18 04:55:25
TXN-00000707,ACC-000143,MER-00057,IDEMP-00000707,SGD,2368,COMPLETED,2026-02-10 11:09:50,2026-02-10 11:19:28
TXN-00000708,ACC-000076,MER-00027,IDEMP-00000708,USD,10927,COMPLETED,2026-01-08 18:58:57,2026-01-08 19:05:42
TXN-00000709,ACC-000177,MER-00014,IDEMP-00000709,USD,4998,COMPLETED,2026-01-14 23:05:23,2026-01-14 23:12:54
TXN-00000710,ACC-000425,MER-00027,IDEMP-00000710,THB,4422,CANCELLED,2026-01-19 10:09:39,2026-01-19 10:17:25
TXN-00000711,ACC-000138,MER-00073,IDEMP-00000711,SGD,13493,CANCELLED,2026-02-16 20:18:57,2026-02-16 20:25:15
TXN-00000712,ACC-000251,MER-00016,IDEMP-00000712,USD,9216,COMPLETED,2026-01-10 21:24:23,2026-01-10 21:33:44
TXN-00000713,ACC-000355,MER-00002,IDEMP-00000713,USD,4733,COMPLETED,2026-02-25 01:31:02,2026-02-25 01:38:34
TXN-00000714,ACC-000043,MER-00044,IDEMP-00000714,SGD,15240,COMPLETED,2026-01-12 15:59:39,2026-01-12 16:03:32
TXN-00000715,ACC-000134,MER-00001,IDEMP-00000715,THB,3772,COMPLETED,2026-01-02 16:10:20,2026-01-02 16:11:41
TXN-00000716,ACC-000296,MER-00073,IDEMP-00000716,USD,4099,COMPLETED,2026-01-26 01:35:50,2026-01-26 01:39:47
TXN-00000717,ACC-000270,MER-00019,IDEMP-00000717,SGD,3746,COMPLETED,2026-01-05 05:04:54,2026-01-05 05:05:28
TXN-00000718,ACC-000221,MER-00003,IDEMP-00000718,USD,1250,COMPLETED,2026-02-14 19:47:04,2026-02-14 19:55:00
TXN-00000719,ACC-000230,MER-00040,IDEMP-00000719,THB,1853,DECLINED,2026-01-26 20:49:31,2026-01-26 20:51:49
TXN-00000720,ACC-000438,MER-00042,IDEMP-00000720,USD,6528,COMPLETED,2026-02-13 11:50:03,2026-02-13 11:55:58
TXN-00000721,ACC-000145,MER-00028,IDEMP-00000721,SGD,27434,CANCELLED,2026-01-27 03:27:21,2026-01-27 03:37:09
TXN-00000722,ACC-000344,MER-00053,IDEMP-00000722,THB,1857,COMPLETED,2026-01-02 01:58:38,2026-01-02 02:00:48
TXN-00000723,ACC-000254,MER-00071,IDEMP-00000723,USD,4206,COMPLETED,2026-01-12 00:15:40,2026-01-12 00:18:14
TXN-00000724,ACC-000401,MER-00077,IDEMP-00000724,THB,777,COMPLETED,2026-01-05 02:39:52,2026-01-05 02:40:57
TXN-00000725,ACC-000053,MER-00030,IDEMP-00000725,THB,7554,COMPLETED,2026-01-21 18:20:55,2026-01-21 18:30:38
TXN-00000726,ACC-000193,MER-00058,IDEMP-00000726,USD,8477,COMPLETED,2026-01-18 05:24:36,2026-01-18 05:30:31
TXN-00000727,ACC-000012,MER-00062,IDEMP-00000727,SGD,611,CANCELLED,2026-01-01 23:10:22,2026-01-01 23:10:35
TXN-00000728,ACC-000372,MER-00078,IDEMP-00000728,SGD,4223,COMPLETED,2026-01-09 03:22:44,2026-01-09 03:23:59
TXN-00000729,ACC-000255,MER-00046,IDEMP-00000729,SGD,1159,COMPLETED,2026-02-04 21:26:11,2026-02-04 21:33:41
TXN-00000730,ACC-000378,MER-00013,IDEMP-00000730,USD,8274,COMPLETED,2026-02-12 22:40:36,2026-02-12 22:47:19
TXN-00000731,ACC-000247,MER-00053,IDEMP-00000731,USD,5409,PENDING,2026-01-30 05:28:00,
TXN-00000732,ACC-000267,MER-00001,IDEMP-00000732,USD,1138,COMPLETED,2026-01-02 08:17:54,2026-01-02 08:18:19
TXN-00000733,ACC-000167,MER-00070,IDEMP-00000733,THB,7009,COMPLETED,2026-02-12 13:26:37,2026-02-12 13:32:08
TXN-00000734,ACC-000034,MER-00014,IDEMP-00000734,SGD,32217,COMPLETED,2026-01-26 17:54:02,2026-01-26 17:58:46
TXN-00000735,ACC-000012,MER-00077,IDEMP-00000735,SGD,34297,COMPLETED,2026-01-26 07:05:29,2026-01-26 07:06:41
TXN-00000736,ACC-000308,MER-00031,IDEMP-00000736,SGD,7274,COMPLETED,2026-02-06 12:17:41,2026-02-06 12:22:00
TXN-00000737,ACC-000147,MER-00022,IDEMP-00000737,USD,38606,COMPLETED,2026-02-04 05:25:23,2026-02-04 05:33:59
TXN-00000738,ACC-000066,MER-00026,IDEMP-00000738,SGD,62695,COMPLETED,2026-01-15 12:36:49,2026-01-15 12:40:41
TXN-00000739,ACC-000413,MER-00051,IDEMP-00000739,USD,17218,COMPLETED,2026-02-14 06:54:07,2026-02-14 06:54:49
TXN-00000740,ACC-000323,MER-00036,IDEMP-00000740,USD,4857,COMPLETED,2026-02-08 15:34:57,2026-02-08 15:37:15
TXN-00000741,ACC-000169,MER-00010,IDEMP-00000741,USD,1088,COMPLETED,2026-01-05 14:58:19,2026-01-05 15:00:56
TXN-00000742,ACC-000415,MER-00072,IDEMP-00000742,SGD,2940,COMPLETED,2026-01-21 05:36:25,2026-01-21 05:37:50
TXN-00000743,ACC-000442,MER-00019,IDEMP-00000743,SGD,9617,COMPLETED,2026-02-08 10:58:13,2026-02-08 11:01:57
TXN-00000744,ACC-000255,MER-00048,IDEMP-00000744,SGD,13397,COMPLETED,2026-01-09 22:26:38,2026-01-09 22:27:42
TXN-00000745,ACC-000276,MER-00011,IDEMP-00000745,USD,26658,COMPLETED,2026-02-26 00:57:42,2026-02-26 00:59:54
TXN-00000746,ACC-000319,MER-00014,IDEMP-00000746,SGD,1310,COMPLETED,2026-02-23 21:54:09,2026-02-23 21:58:57
TXN-00000747,ACC-000277,MER-00068,IDEMP-00000747,SGD,2472,COMPLETED,2026-02-23 21:16:28,2026-02-23 21:18:15
TXN-00000748,ACC-000112,MER-00035,IDEMP-00000748,SGD,1730,DECLINED,2026-02-13 17:06:17,2026-02-13 17:13:41
TXN-00000749,ACC-000057,MER-00031,IDEMP-00000749,THB,251,COMPLETED,2026-02-17 23:57:25,2026-02-18 00:00:52
TXN-00000750,ACC-000088,MER-00044,IDEMP-00000750,SGD,4123,COMPLETED,2026-01-21 20:37:57,2026-01-21 20:44:22
TXN-00000751,ACC-000058,MER-00064,IDEMP-00000751,SGD,7912,CANCELLED,2026-01-29 21:09:47,2026-01-29 21:15:06
TXN-00000752,ACC-000280,MER-00058,IDEMP-00000752,USD,33582,COMPLETED,2026-02-10 17:35:55,2026-02-10 17:36:15
TXN-00000753,ACC-000120,MER-00017,IDEMP-00000753,THB,10184,COMPLETED,2026-01-07 07:40:50,2026-01-07 07:48:54
TXN-00000754,ACC-000116,MER-00054,IDEMP-00000754,USD,21752,COMPLETED,2026-01-10 22:16:45,2026-01-10 22:25:14
TXN-00000755,ACC-000137,MER-00004,IDEMP-00000755,SGD,11064,COMPLETED,2026-01-10 04:20:24,2026-01-10 04:29:27
TXN-00000756,ACC-000220,MER-00007,IDEMP-00000756,SGD,39784,COMPLETED,2026-02-14 20:30:44,2026-02-14 20:40:00
TXN-00000757,ACC-000260,MER-00038,IDEMP-00000757,USD,6874,COMPLETED,2026-01-19 13:44:07,2026-01-19 13:50:50
TXN-00000758,ACC-000316,MER-00030,IDEMP-00000758,SGD,4948,COMPLETED,2026-01-25 07:02:02,2026-01-25 07:03:51
TXN-00000759,ACC-000323,MER-00080,IDEMP-00000759,USD,6222,COMPLETED,2026-01-18 22:04:15,2026-01-18 22:10:43
TXN-00000760,ACC-000348,MER-00037,IDEMP-00000760,SGD,1317,COMPLETED,2026-02-16 13:08:15,2026-02-16 13:17:32
TXN-00000761,ACC-000403,MER-00020,IDEMP-00000761,USD,5553,COMPLETED,2026-02-06 04:23:26,2026-02-06 04:27:10
TXN-00000762,ACC-000354,MER-00057,IDEMP-00000762,USD,5235,COMPLETED,2026-01-15 15:14:09,2026-01-15 15:19:35
TXN-00000763,ACC-000303,MER-00037,IDEMP-00000763,SGD,11873,COMPLETED,2026-02-24 22:58:38,2026-02-24 23:05:36
TXN-00000764,ACC-000298,MER-00023,IDEMP-00000764,SGD,2587,COMPLETED,2026-01-05 08:29:23,2026-01-05 08:31:00
TXN-00000765,ACC-000210,MER-00067,IDEMP-00000765,USD,1809,COMPLETED,2026-01-16 00:01:23,2026-01-16 00:07:23
TXN-00000766,ACC-000312,MER-00066,IDEMP-00000766,SGD,9442,COMPLETED,2026-01-03 22:52:57,2026-01-03 22:57:41
TXN-00000767,ACC-000143,MER-00035,IDEMP-00000767,SGD,4313,COMPLETED,2026-01-26 21:15:46,2026-01-26 21:18:11
TXN-00000768,ACC-000048,MER-00001,IDEMP-00000768,THB,1658,COMPLETED,2026-01-15 12:57:16,2026-01-15 13:01:21
TXN-00000769,ACC-000078,MER-00036,IDEMP-00000769,SGD,4065,COMPLETED,2026-01-23 20:35:11,2026-01-23 20:43:21
TXN-00000770,ACC-000144,MER-00049,IDEMP-00000770,SGD,3172,COMPLETED,2026-01-20 12:46:02,2026-01-20 12:48:26
TXN-00000771,ACC-000400,MER-00034,IDEMP-00000771,SGD,3025,COMPLETED,2026-02-01 20:57:32,2026-02-01 21:00:51
TXN-00000772,ACC-000101,MER-00016,IDEMP-00000772,THB,4980,COMPLETED,2026-01-31 14:26:20,2026-01-31 14:27:55
TXN-00000773,ACC-000175,MER-00045,IDEMP-00000773,USD,5855,COMPLETED,2026-02-15 11:13:38,2026-02-15 11:14:56
TXN-00000774,ACC-000314,MER-00009,IDEMP-00000774,THB,2321,COMPLETED,2026-02-27 11:27:36,2026-02-27 11:31:49
TXN-00000775,ACC-000175,MER-00020,IDEMP-00000775,USD,668,COMPLETED,2026-01-07 12:16:43,2026-01-07 12:23:00
TXN-00000776,ACC-000359,MER-00058,IDEMP-00000776,THB,38011,COMPLETED,2026-01-29 00:26:28,2026-01-29 00:32:20
TXN-00000777,ACC-000110,MER-00067,IDEMP-00000777,USD,3336,COMPLETED,2026-02-20 14:08:49,2026-02-20 14:15:46
TXN-00000778,ACC-000114,MER-00065,IDEMP-00000778,THB,14409,COMPLETED,2026-01-27 13:11:39,2026-01-27 13:17:34
TXN-00000779,ACC-000255,MER-00019,IDEMP-00000779,SGD,489,COMPLETED,2026-01-01 02:08:48,2026-01-01 02:13:53
TXN-00000780,ACC-000243,MER-00016,IDEMP-00000780,SGD,3971,COMPLETED,2026-02-23 22:32:47,2026-02-23 22:42:14
TXN-00000781,ACC-000359,MER-00072,IDEMP-00000781,THB,5330,COMPLETED,2026-01-31 15:53:35,2026-01-31 15:59:10
TXN-00000782,ACC-000313,MER-00026,IDEMP-00000782,THB,4922,DECLINED,2026-01-14 03:51:38,2026-01-14 03:58:24
TXN-00000783,ACC-000337,MER-00049,IDEMP-00000783,THB,21146,COMPLETED,2026-01-13 20:58:05,2026-01-13 21:02:33
TXN-00000784,ACC-000435,MER-00072,IDEMP-00000784,SGD,19694,CANCELLED,2026-01-14 04:32:31,2026-01-14 04:36:33
TXN-00000785,ACC-000091,MER-00009,IDEMP-00000785,THB,8724,COMPLETED,2026-01-20 02:53:16,2026-01-20 02:56:30
TXN-00000786,ACC-000136,MER-00028,IDEMP-00000786,SGD,3278,COMPLETED,2026-02-17 12:31:21,2026-02-17 12:41:00
TXN-00000787,ACC-000292,MER-00001,IDEMP-00000787,THB,14584,COMPLETED,2026-01-22 00:47:28,2026-01-22 00:48:53
TXN-00000788,ACC-000373,MER-00078,IDEMP-00000788,SGD,5435,COMPLETED,2026-02-15 17:11:51,2026-02-15 17:12:30
TXN-00000789,ACC-000399,MER-00065,IDEMP-00000789,USD,3163,COMPLETED,2026-02-18 22:00:29,2026-02-18 22:01:04
TXN-00000790,ACC-000027,MER-00028,IDEMP-00000790,SGD,26232,COMPLETED,2026-01-08 00:52:56,2026-01-08 00:56:51
TXN-00000791,ACC-000374,MER-00046,IDEMP-00000791,USD,11600,COMPLETED,2026-02-19 18:20:51,2026-02-19 18:26:31
TXN-00000792,ACC-000133,MER-00078,IDEMP-00000792,USD,2675,PENDING,2026-01-11 21:52:56,
TXN-00000793,ACC-000222,MER-00009,IDEMP-00000793,USD,11942,PENDING,2026-02-17 01:23:59,
TXN-00000794,ACC-000116,MER-00057,IDEMP-00000794,USD,9237,CANCELLED,2026-01-15 06:36:14,2026-01-15 06:43:30
TXN-00000795,ACC-000236,MER-00028,IDEMP-00000795,THB,3057,COMPLETED,2026-01-24 06:48:48,2026-01-24 06:51:03
TXN-00000796,ACC-000148,MER-00061,IDEMP-00000796,USD,7850,COMPLETED,2026-01-17 22:03:07,2026-01-17 22:11:19
TXN-00000797,ACC-000414,MER-00070,IDEMP-00000797,USD,2922,COMPLETED,2026-01-29 23:43:38,2026-01-29 23:44:11
TXN-00000798,ACC-000354,MER-00070,IDEMP-00000798,USD,5754,COMPLETED,2026-01-14 21:27:00,2026-01-14 21:28:14
TXN-00000799,ACC-000414,MER-00054,IDEMP-00000799,USD,3191,COMPLETED,2026-01-09 22:40:53,2026-01-09 22:45:09
TXN-00000800,ACC-000082,MER-00030,IDEMP-00000800,USD,17239,PENDING,2026-02-06 13:59:36,
TXN-00000801,ACC-000285,MER-00004,IDEMP-00000801,SGD,1889,COMPLETED,2026-01-21 07:29:02,2026-01-21 07:37:20
TXN-00000802,ACC-000204,MER-00055,IDEMP-00000802,THB,9804,COMPLETED,2026-01-24 23:34:47,2026-01-24 23:44:32
TXN-00000803,ACC-000401,MER-00012,IDEMP-00000803,THB,46232,COMPLETED,2026-01-29 16:29:07,2026-01-29 16:37:54
TXN-00000804,ACC-000214,MER-00007,IDEMP-00000804,THB,1631,PENDING,2026-02-15 10:46:04,
TXN-00000805,ACC-000066,MER-00011,IDEMP-00000805,SGD,2494,COMPLETED,2026-01-16 08:39:35,2026-01-16 08:40:29
TXN-00000806,ACC-000251,MER-00005,IDEMP-00000806,USD,1864,COMPLETED,2026-01-09 17:59:06,2026-01-09 17:59:50
TXN-00000807,ACC-000143,MER-00006,IDEMP-00000807,SGD,24587,DECLINED,2026-01-30 00:21:17,2026-01-30 00:24:00
TXN-00000808,ACC-000152,MER-00035,IDEMP-00000808,THB,3647,COMPLETED,2026-01-31 16:23:33,2026-01-31 16:23:44
TXN-00000809,ACC-000244,MER-00077,IDEMP-00000809,USD,15375,PENDING,2026-01-01 09:10:41,
TXN-00000810,ACC-000310,MER-00005,IDEMP-00000810,THB,1721,COMPLETED,2026-01-20 17:58:14,2026-01-20 18:07:14
TXN-00000811,ACC-000266,MER-00064,IDEMP-00000811,THB,3492,COMPLETED,2026-01-17 14:20:37,2026-01-17 14:23:10
TXN-00000812,ACC-000162,MER-00079,IDEMP-00000812,THB,19620,DECLINED,2026-01-24 04:48:26,2026-01-24 04:54:18
TXN-00000813,ACC-000380,MER-00055,IDEMP-00000813,SGD,4214,COMPLETED,2026-02-23 14:07:15,2026-02-23 14:16:06
TXN-00000814,ACC-000095,MER-00075,IDEMP-00000814,USD,5610,COMPLETED,2026-01-10 15:02:35,2026-01-10 15:11:38
TXN-00000815,ACC-000236,MER-00006,IDEMP-00000815,THB,6821,COMPLETED,2026-01-01 07:26:01,2026-01-01 07:28:53
TXN-00000816,ACC-000196,MER-00053,IDEMP-00000816,THB,1377,COMPLETED,2026-02-27 19:21:33,2026-02-27 19:25:33
TXN-00000817,ACC-000045,MER-00030,IDEMP-00000817,THB,10488,COMPLETED,2026-02-25 11:15:10,2026-02-25 11:21:18
TXN-00000818,ACC-000007,MER-00067,IDEMP-00000818,THB,5010,COMPLETED,2026-01-09 04:41:57,2026-01-09 04:48:44
TXN-00000819,ACC-000355,MER-00021,IDEMP-00000819,USD,15256,COMPLETED,2026-02-02 22:24:56,2026-02-02 22:27:46
TXN-00000820,ACC-000373,MER-00017,IDEMP-00000820,SGD,8390,COMPLETED,2026-01-14 15:40:57,2026-01-14 15:47:51
TXN-00000821,ACC-000383,MER-00080,IDEMP-00000821,USD,3401,COMPLETED,2026-01-31 01:11:06,2026-01-31 01:13:48
TXN-00000822,ACC-000263,MER-00041,IDEMP-00000822,SGD,2950,COMPLETED,2026-01-22 23:21:17,2026-01-22 23:22:24
TXN-00000823,ACC-000328,MER-00038,IDEMP-00000823,THB,799,DECLINED,2026-01-16 07:55:09,2026-01-16 07:59:44
TXN-00000824,ACC-000260,MER-00056,IDEMP-00000824,USD,2790,COMPLETED,2026-02-16 06:53:09,2026-02-16 06:59:43
TXN-00000825,ACC-000306,MER-00022,IDEMP-00000825,SGD,2665,COMPLETED,2026-02-26 01:57:36,2026-02-26 02:07:08
TXN-00000826,ACC-000125,MER-00048,IDEMP-00000826,USD,926,COMPLETED,2026-01-21 22:51:55,2026-01-21 22:54:47
TXN-00000827,ACC-000357,MER-00051,IDEMP-00000827,SGD,3682,COMPLETED,2026-01-24 19:45:56,2026-01-24 19:53:50
TXN-00000828,ACC-000159,MER-00011,IDEMP-00000828,USD,931,COMPLETED,2026-01-03 17:21:48,2026-01-03 17:26:36
TXN-00000829,ACC-000178,MER-00047,IDEMP-00000829,SGD,6327,COMPLETED,2026-02-16 11:40:03,2026-02-16 11:48:48
TXN-00000830,ACC-000122,MER-00034,IDEMP-00000830,THB,738,DECLINED,2026-02-01 18:16:14,2026-02-01 18:24:21
TXN-00000831,ACC-000393,MER-00014,IDEMP-00000831,THB,3738,COMPLETED,2026-01-31 09:21:20,2026-01-31 09:27:20
TXN-00000832,ACC-000155,MER-00069,IDEMP-00000832,USD,6321,COMPLETED,2026-01-04 20:04:36,2026-01-04 20:10:39
TXN-00000833,ACC-000240,MER-00033,IDEMP-00000833,USD,2199,COMPLETED,2026-02-19 09:52:25,2026-02-19 09:56:25
TXN-00000834,ACC-000146,MER-00050,IDEMP-00000834,USD,4633,COMPLETED,2026-01-27 17:45:52,2026-01-27 17:52:58
TXN-00000835,ACC-000413,MER-00049,IDEMP-00000835,USD,1855,COMPLETED,2026-01-07 05:47:59,2026-01-07 05:51:07
TXN-00000836,ACC-000393,MER-00063,IDEMP-00000836,THB,4502,COMPLETED,2026-02-24 13:04:15,2026-02-24 13:06:03
TXN-00000837,ACC-000053,MER-00070,IDEMP-00000837,THB,2039,COMPLETED,2026-02-24 10:15:22,2026-02-24 10:15:44
TXN-00000838,ACC-000432,MER-00066,IDEMP-00000838,SGD,14704,COMPLETED,2026-01-06 15:46:05,2026-01-06 15:55:33
TXN-00000839,ACC-000259,MER-00062,IDEMP-00000839,THB,8320,COMPLETED,2026-01-17 18:53:48,2026-01-17 19:03:40
TXN-00000840,ACC-000116,MER-00007,IDEMP-00000840,USD,949,COMPLETED,2026-02-11 04:14:54,2026-02-11 04:22:05
TXN-00000841,ACC-000259,MER-00015,IDEMP-00000841,THB,40208,COMPLETED,2026-02-13 05:33:33,2026-02-13 05:41:37
TXN-00000842,ACC-000004,MER-00007,IDEMP-00000842,THB,2348,DECLINED,2026-01-26 22:53:13,2026-01-26 22:53:40
TXN-00000843,ACC-000144,MER-00001,IDEMP-00000843,SGD,1668,COMPLETED,2026-02-01 02:55:59,2026-02-01 03:01:59
TXN-00000844,ACC-000032,MER-00059,IDEMP-00000844,SGD,5534,COMPLETED,2026-01-23 21:29:39,2026-01-23 21:30:33
TXN-00000845,ACC-000110,MER-00072,IDEMP-00000845,USD,22469,COMPLETED,2026-01-31 02:41:22,2026-01-31 02:46:11
TXN-00000846,ACC-000225,MER-00040,IDEMP-00000846,USD,15003,COMPLETED,2026-02-20 13:09:48,2026-02-20 13:12:24
TXN-00000847,ACC-000027,MER-00065,IDEMP-00000847,SGD,7363,DECLINED,2026-01-29 23:15:45,2026-01-29 23:22:28
TXN-00000848,ACC-000361,MER-00043,IDEMP-00000848,USD,9677,COMPLETED,2026-01-19 06:11:52,2026-01-19 06:12:53
TXN-00000849,ACC-000020,MER-00011,IDEMP-00000849,THB,2301,CANCELLED,2026-01-28 06:33:53,2026-01-28 06:37:05
TXN-00000850,ACC-000056,MER-00017,IDEMP-00000850,USD,6889,CANCELLED,2026-01-03 06:58:33,2026-01-03 07:05:32
TXN-00000851,ACC-000322,MER-00019,IDEMP-00000851,SGD,7698,COMPLETED,2026-01-14 14:14:34,2026-01-14 14:15:26
TXN-00000852,ACC-000305,MER-00074,IDEMP-00000852,THB,658,COMPLETED,2026-02-06 12:28:17,2026-02-06 12:33:12
TXN-00000853,ACC-000263,MER-00019,IDEMP-00000853,SGD,25898,COMPLETED,2026-02-25 21:22:07,2026-02-25 21:30:54
TXN-00000854,ACC-000304,MER-00045,IDEMP-00000854,SGD,9881,COMPLETED,2026-01-02 11:06:02,2026-01-02 11:13:52
TXN-00000855,ACC-000433,MER-00009,IDEMP-00000855,SGD,5862,COMPLETED,2026-02-03 01:49:42,2026-02-03 01:57:16
TXN-00000856,ACC-000224,MER-00056,IDEMP-00000856,THB,3437,COMPLETED,2026-01-13 05:14:54,2026-01-13 05:22:04
TXN-00000857,ACC-000345,MER-00050,IDEMP-00000857,THB,30369,PENDING,2026-02-06 10:26:24,
TXN-00000858,ACC-000052,MER-00061,IDEMP-00000858,SGD,4618,COMPLETED,2026-02-05 08:08:19,2026-02-05 08:12:17
TXN-00000859,ACC-000009,MER-00044,IDEMP-00000859,SGD,9600,COMPLETED,2026-01-05 23:32:19,2026-01-05 23:37:34
TXN-00000860,ACC-000426,MER-00071,IDEMP-00000860,USD,4567,COMPLETED,2026-02-07 17:42:37,2026-02-07 17:51:57
TXN-00000861,ACC-000130,MER-00037,IDEMP-00000861,SGD,3076,COMPLETED,2026-01-04 23:58:02,2026-01-05 00:00:08
TXN-00000862,ACC-000230,MER-00067,IDEMP-00000862,THB,247,COMPLETED,2026-01-27 05:47:14,2026-01-27 05:48:38
TXN-00000863,ACC-000362,MER-00060,IDEMP-00000863,SGD,9327,PENDING,2026-01-18 13:36:54,
TXN-00000864,ACC-000088,MER-00058,IDEMP-00000864,SGD,1031,COMPLETED,2026-02-20 14:39:42,2026-02-20 14:47:58
TXN-00000865,ACC-000434,MER-00029,IDEMP-00000865,USD,1604,COMPLETED,2026-01-29 14:05:29,2026-01-29 14:07:27
TXN-00000866,ACC-000004,MER-00007,IDEMP-00000866,THB,9007,COMPLETED,2026-01-26 08:08:40,2026-01-26 08:18:02
TXN-00000867,ACC-000284,MER-00028,IDEMP-00000867,SGD,3385,CANCELLED,2026-01-06 06:38:23,2026-01-06 06:45:08
TXN-00000868,ACC-000384,MER-00023,IDEMP-00000868,USD,3878,COMPLETED,2026-01-24 15:09:19,2026-01-24 15:16:44
TXN-00000869,ACC-000410,MER-00006,IDEMP-00000869,USD,758,DECLINED,2026-01-25 21:48:54,2026-01-25 21:53:17
TXN-00000870,ACC-000325,MER-00050,IDEMP-00000870,SGD,1850,COMPLETED,2026-01-03 23:32:42,2026-01-03 23:39:35
TXN-00000871,ACC-000412,MER-00036,IDEMP-00000871,THB,3659,COMPLETED,2026-01-12 17:51:51,2026-01-12 17:57:09
TXN-00000872,ACC-000270,MER-00069,IDEMP-00000872,SGD,1856,COMPLETED,2026-01-11 09:06:55,2026-01-11 09:09:39
TXN-00000873,ACC-000147,MER-00028,IDEMP-00000873,USD,8272,COMPLETED,2026-01-20 01:04:29,2026-01-20 01:07:10
TXN-00000874,ACC-000338,MER-00075,IDEMP-00000874,THB,12550,COMPLETED,2026-02-01 12:24:40,2026-02-01 12:34:21
TXN-00000875,ACC-000400,MER-00001,IDEMP-00000875,SGD,12527,COMPLETED,2026-02-13 11:43:08,2026-02-13 11:49:50
TXN-00000876,ACC-000239,MER-00016,IDEMP-00000876,USD,1084,CANCELLED,2026-01-14 18:00:12,2026-01-14 18:03:37
TXN-00000877,ACC-000185,MER-00005,IDEMP-00000877,USD,25068,COMPLETED,2026-01-29 16:46:26,2026-01-29 16:53:42
TXN-00000878,ACC-000422,MER-00066,IDEMP-00000878,THB,3926,CANCELLED,2026-02-04 01:51:29,2026-02-04 01:55:38
TXN-00000879,ACC-000376,MER-00038,IDEMP-00000879,THB,5888,COMPLETED,2026-01-15 13:38:40,2026-01-15 13:39:44
TXN-00000880,ACC-000303,MER-00060,IDEMP-00000880,SGD,7854,DECLINED,2026-02-20 04:43:12,2026-02-20 04:52:31
TXN-00000881,ACC-000277,MER-00078,IDEMP-00000881,SGD,2225,COMPLETED,2026-01-21 14:08:16,2026-01-21 14:16:41
TXN-00000882,ACC-000160,MER-00056,IDEMP-00000882,USD,21512,COMPLETED,2026-02-28 09:34:05,2026-02-28 09:34:14
TXN-00000883,ACC-000323,MER-00047,IDEMP-00000883,USD,2874,COMPLETED,2026-01-01 19:03:55,2026-01-01 19:07:29
TXN-00000884,ACC-000016,MER-00041,IDEMP-00000884,SGD,5818,COMPLETED,2026-01-28 19:10:12,2026-01-28 19:19:36
TXN-00000885,ACC-000316,MER-00063,IDEMP-00000885,SGD,463,COMPLETED,2026-01-10 22:30:06,2026-01-10 22:35:45
TXN-00000886,ACC-000061,MER-00026,IDEMP-00000886,SGD,3227,COMPLETED,2026-01-29 11:00:42,2026-01-29 11:05:18
TXN-00000887,ACC-000207,MER-00077,IDEMP-00000887,THB,4791,COMPLETED,2026-01-02 17:04:41,2026-01-02 17:06:15
TXN-00000888,ACC-000187,MER-00008,IDEMP-00000888,SGD,1812,COMPLETED,2026-01-16 02:45:20,2026-01-16 02:52:44
TXN-00000889,ACC-000440,MER-00013,IDEMP-00000889,SGD,14799,COMPLETED,2026-02-10 03:59:32,2026-02-10 03:59:59
TXN-00000890,ACC-000182,MER-00076,IDEMP-00000890,THB,34474,PENDING,2026-01-01 03:44:15,
TXN-00000891,ACC-000068,MER-00049,IDEMP-00000891,USD,3139,DECLINED,2026-02-28 09:30:14,2026-02-28 09:35:28
TXN-00000892,ACC-000370,MER-00069,IDEMP-00000892,THB,2278,DECLINED,2026-02-22 04:45:33,2026-02-22 04:46:30
TXN-00000893,ACC-000395,MER-00076,IDEMP-00000893,USD,4213,COMPLETED,2026-03-01 20:49:01,2026-03-01 20:52:28
TXN-00000894,ACC-000366,MER-00055,IDEMP-00000894,USD,6587,COMPLETED,2026-02-11 16:20:30,2026-02-11 16:23:10
TXN-00000895,ACC-000248,MER-00072,IDEMP-00000895,USD,3909,COMPLETED,2026-02-15 19:04:53,2026-02-15 19:06:36
TXN-00000896,ACC-000150,MER-00058,IDEMP-00000896,SGD,1325,COMPLETED,2026-01-29 21:05:51,2026-01-29 21:10:11
TXN-00000897,ACC-000037,MER-00058,IDEMP-00000897,USD,3797,COMPLETED,2026-01-27 19:59:02,2026-01-27 20:01:12
TXN-00000898,ACC-000169,MER-00020,IDEMP-00000898,USD,6366,COMPLETED,2026-01-03 13:45:01,2026-01-03 13:52:40
TXN-00000899,ACC-000222,MER-00072,IDEMP-00000899,USD,5025,COMPLETED,2026-01-18 01:53:42,2026-01-18 01:56:25
TXN-00000900,ACC-000247,MER-00007,IDEMP-00000900,USD,1776,COMPLETED,2026-02-19 08:37:03,2026-02-19 08:43:30
TXN-00000901,ACC-000168,MER-00066,IDEMP-00000901,THB,12727,COMPLETED,2026-02-24 08:16:05,2026-02-24 08:16:56
TXN-00000902,ACC-000415,MER-00076,IDEMP-00000902,SGD,3385,COMPLETED,2026-01-06 01:24:33,2026-01-06 01:31:23
TXN-00000903,ACC-000178,MER-00025,IDEMP-00000903,SGD,3900,COMPLETED,2026-02-26 12:34:43,2026-02-26 12:37:53
TXN-00000904,ACC-000224,MER-00032,IDEMP-00000904,THB,588,COMPLETED,2026-02-24 15:05:00,2026-02-24 15:11:30
TXN-00000905,ACC-000233,MER-00044,IDEMP-00000905,USD,13358,COMPLETED,2026-01-21 01:54:41,2026-01-21 01:57:53
TXN-00000906,ACC-000305,MER-00072,IDEMP-00000906,THB,9672,COMPLETED,2026-01-26 16:51:01,2026-01-26 16:51:37
TXN-00000907,ACC-000363,MER-00015,IDEMP-00000907,THB,16195,COMPLETED,2026-01-07 06:47:36,2026-01-07 06:56:36
TXN-00000908,ACC-000036,MER-00060,IDEMP-00000908,SGD,10574,CANCELLED,2026-02-25 03:05:41,2026-02-25 03:15:07
TXN-00000909,ACC-000307,MER-00064,IDEMP-00000909,THB,6582,COMPLETED,2026-01-29 20:34:23,2026-01-29 20:37:03
TXN-00000910,ACC-000336,MER-00076,IDEMP-00000910,THB,13833,PENDING,2026-01-08 17:04:47,
TXN-00000911,ACC-000185,MER-00058,IDEMP-00000911,USD,2270,COMPLETED,2026-02-24 00:58:48,2026-02-24 01:00:33
TXN-00000912,ACC-000153,MER-00080,IDEMP-00000912,SGD,1846,DECLINED,2026-01-27 17:12:08,2026-01-27 17:17:33
TXN-00000913,ACC-000271,MER-00079,IDEMP-00000913,SGD,1875,COMPLETED,2026-02-23 03:13:11,2026-02-23 03:14:42
TXN-00000914,ACC-000387,MER-00054,IDEMP-00000914,USD,19369,PENDING,2026-01-02 03:47:42,
TXN-00000915,ACC-000402,MER-00068,IDEMP-00000915,USD,3125,DECLINED,2026-02-07 05:37:57,2026-02-07 05:40:44
TXN-00000916,ACC-000138,MER-00053,IDEMP-00000916,SGD,13446,COMPLETED,2026-02-15 05:36:16,2026-02-15 05:43:55
TXN-00000917,ACC-000021,MER-00075,IDEMP-00000917,USD,6413,COMPLETED,2026-02-09 10:51:05,2026-02-09 10:53:35
TXN-00000918,ACC-000048,MER-00053,IDEMP-00000918,THB,9816,COMPLETED,2026-02-15 14:18:48,2026-02-15 14:22:02
TXN-00000919,ACC-000409,MER-00006,IDEMP-00000919,USD,5753,COMPLETED,2026-02-18 19:15:10,2026-02-18 19:16:03
TXN-00000920,ACC-000100,MER-00076,IDEMP-00000920,THB,6152,COMPLETED,2026-01-12 07:40:56,2026-01-12 07:47:27
TXN-00000921,ACC-000204,MER-00066,IDEMP-00000921,THB,3282,PENDING,2026-02-17 04:20:50,
TXN-00000922,ACC-000343,MER-00008,IDEMP-00000922,THB,7278,COMPLETED,2026-01-05 17:14:14,2026-01-05 17:21:51
TXN-00000923,ACC-000241,MER-00018,IDEMP-00000923,THB,1668,PENDING,2026-01-17 12:01:42,
TXN-00000924,ACC-000033,MER-00060,IDEMP-00000924,USD,8731,CANCELLED,2026-02-17 16:24:54,2026-02-17 16:25:10
TXN-00000925,ACC-000243,MER-00005,IDEMP-00000925,SGD,4846,COMPLETED,2026-01-26 11:17:11,2026-01-26 11:27:05
TXN-00000926,ACC-000252,MER-00050,IDEMP-00000926,SGD,7535,COMPLETED,2026-01-05 14:30:03,2026-01-05 14:39:36
TXN-00000927,ACC-000240,MER-00040,IDEMP-00000927,USD,1040,COMPLETED,2026-01-09 17:28:35,2026-01-09 17:31:23
TXN-00000928,ACC-000151,MER-00047,IDEMP-00000928,USD,5417,COMPLETED,2026-01-13 12:16:03,2026-01-13 12:17:25
TXN-00000929,ACC-000351,MER-00001,IDEMP-00000929,USD,5147,COMPLETED,2026-01-29 07:02:10,2026-01-29 07:08:13
TXN-00000930,ACC-000332,MER-00080,IDEMP-00000930,THB,1051,COMPLETED,2026-02-26 18:13:53,2026-02-26 18:14:59
TXN-00000931,ACC-000143,MER-00029,IDEMP-00000931,SGD,1489,COMPLETED,2026-02-19 08:53:28,2026-02-19 08:55:34
TXN-00000932,ACC-000021,MER-00010,IDEMP-00000932,USD,18168,COMPLETED,2026-02-08 12:12:19,2026-02-08 12:18:30
TXN-00000933,ACC-000446,MER-00062,IDEMP-00000933,THB,16805,COMPLETED,2026-02-02 15:09:09,2026-02-02 15:10:20
TXN-00000934,ACC-000137,MER-00027,IDEMP-00000934,SGD,3704,COMPLETED,2026-01-05 23:03:50,2026-01-05 23:12:11
TXN-00000935,ACC-000431,MER-00053,IDEMP-00000935,SGD,26677,COMPLETED,2026-01-14 02:16:27,2026-01-14 02:22:50
TXN-00000936,ACC-000240,MER-00078,IDEMP-00000936,USD,23262,COMPLETED,2026-01-03 02:39:44,2026-01-03 02:41:12
TXN-00000937,ACC-000396,MER-00019,IDEMP-00000937,THB,2202,COMPLETED,2026-01-19 20:09:29,2026-01-19 20:10:17
TXN-00000938,ACC-000060,MER-00065,IDEMP-00000938,SGD,1675,CANCELLED,2026-01-23 17:22:34,2026-01-23 17:22:35
TXN-00000939,ACC-000138,MER-00006,IDEMP-00000939,SGD,1939,COMPLETED,2026-01-18 03:44:14,2026-01-18 03:46:11
TXN-00000940,ACC-000058,MER-00066,IDEMP-00000940,SGD,1252,COMPLETED,2026-01-25 02:58:41,2026-01-25 03:01:10
TXN-00000941,ACC-000253,MER-00033,IDEMP-00000941,SGD,4223,COMPLETED,2026-02-03 01:52:38,2026-02-03 01:52:59
TXN-00000942,ACC-000450,MER-00011,IDEMP-00000942,SGD,6227,COMPLETED,2026-01-17 20:09:14,2026-01-17 20:11:11
TXN-00000943,ACC-000389,MER-00050,IDEMP-00000943,THB,14877,COMPLETED,2026-01-17 18:05:16,2026-01-17 18:10:34
TXN-00000944,ACC-000003,MER-00009,IDEMP-00000944,THB,12768,COMPLETED,2026-02-01 10:10:55,2026-02-01 10:11:41
TXN-00000945,ACC-000403,MER-00065,IDEMP-00000945,USD,11424,COMPLETED,2026-02-26 04:19:58,2026-02-26 04:22:25
TXN-00000946,ACC-000034,MER-00001,IDEMP-00000946,SGD,2460,COMPLETED,2026-01-25 19:51:07,2026-01-25 19:58:45
TXN-00000947,ACC-000305,MER-00016,IDEMP-00000947,THB,13835,COMPLETED,2026-01-11 02:59:53,2026-01-11 03:06:54
TXN-00000948,ACC-000211,MER-00051,IDEMP-00000948,USD,8088,COMPLETED,2026-02-12 22:36:45,2026-02-12 22:42:12
TXN-00000949,ACC-000065,MER-00071,IDEMP-00000949,THB,7057,COMPLETED,2026-01-08 05:39:44,2026-01-08 05:43:07
TXN-00000950,ACC-000250,MER-00022,IDEMP-00000950,SGD,6463,COMPLETED,2026-01-22 15:29:05,2026-01-22 15:37:10
TXN-00000951,ACC-000135,MER-00058,IDEMP-00000951,THB,2133,COMPLETED,2026-02-25 17:35:21,2026-02-25 17:38:55
TXN-00000952,ACC-000259,MER-00047,IDEMP-00000952,THB,60142,COMPLETED,2026-01-30 01:26:47,2026-01-30 01:29:35
TXN-00000953,ACC-000001,MER-00010,IDEMP-00000953,THB,5567,COMPLETED,2026-01-10 16:56:20,2026-01-10 16:59:02
TXN-00000954,ACC-000379,MER-00007,IDEMP-00000954,USD,3626,COMPLETED,2026-01-07 08:30:48,2026-01-07 08:39:00
TXN-00000955,ACC-000431,MER-00052,IDEMP-00000955,SGD,2190,COMPLETED,2026-02-28 19:31:29,2026-02-28 19:32:56
TXN-00000956,ACC-000384,MER-00003,IDEMP-00000956,USD,9894,COMPLETED,2026-01-31 11:11:10,2026-01-31 11:20:45
TXN-00000957,ACC-000253,MER-00068,IDEMP-00000957,SGD,20441,COMPLETED,2026-02-05 04:09:56,2026-02-05 04:17:35
TXN-00000958,ACC-000323,MER-00031,IDEMP-00000958,USD,8558,COMPLETED,2026-02-06 19:08:56,2026-02-06 19:18:39
TXN-00000959,ACC-000122,MER-00061,IDEMP-00000959,THB,5759,COMPLETED,2026-02-08 19:55:30,2026-02-08 20:02:32
TXN-00000960,ACC-000176,MER-00012,IDEMP-00000960,SGD,3565,COMPLETED,2026-01-18 13:09:47,2026-01-18 13:11:21
TXN-00000961,ACC-000023,MER-00070,IDEMP-00000961,SGD,3809,COMPLETED,2026-01-17 14:49:06,2026-01-17 14:50:35
TXN-00000962,ACC-000135,MER-00060,IDEMP-00000962,THB,33400,COMPLETED,2026-02-13 11:27:04,2026-02-13 11:30:41
TXN-00000963,ACC-000400,MER-00051,IDEMP-00000963,SGD,7179,COMPLETED,2026-02-26 15:21:05,2026-02-26 15:23:05
TXN-00000964,ACC-000172,MER-00040,IDEMP-00000964,THB,1810,COMPLETED,2026-02-23 03:44:30,2026-02-23 03:47:49
TXN-00000965,ACC-000408,MER-00007,IDEMP-00000965,THB,5260,COMPLETED,2026-01-29 20:09:07,2026-01-29 20:11:36
TXN-00000966,ACC-000105,MER-00038,IDEMP-00000966,SGD,15980,COMPLETED,2026-02-19 15:17:46,2026-02-19 15:18:52
TXN-00000967,ACC-000343,MER-00033,IDEMP-00000967,THB,12857,DECLINED,2026-01-20 21:30:08,2026-01-20 21:35:11
TXN-00000968,ACC-000182,MER-00075,IDEMP-00000968,THB,4441,COMPLETED,2026-01-10 08:22:59,2026-01-10 08:30:41
TXN-00000969,ACC-000148,MER-00041,IDEMP-00000969,USD,1644,PENDING,2026-01-19 12:50:55,
TXN-00000970,ACC-000127,MER-00016,IDEMP-00000970,SGD,3695,COMPLETED,2026-01-09 14:54:35,2026-01-09 14:59:22
TXN-00000971,ACC-000448,MER-00033,IDEMP-00000971,USD,20593,COMPLETED,2026-01-01 01:07:47,2026-01-01 01:15:04
TXN-00000972,ACC-000295,MER-00018,IDEMP-00000972,THB,6768,COMPLETED,2026-02-15 16:36:49,2026-02-15 16:42:06
TXN-00000973,ACC-000047,MER-00044,IDEMP-00000973,THB,3019,COMPLETED,2026-01-15 23:57:35,2026-01-16 00:03:24
TXN-00000974,ACC-000307,MER-00069,IDEMP-00000974,THB,20647,COMPLETED,2026-01-27 06:34:37,2026-01-27 06:40:18
TXN-00000975,ACC-000189,MER-00006,IDEMP-00000975,SGD,3545,COMPLETED,2026-02-03 17:00:11,2026-02-03 17:09:55
TXN-00000976,ACC-000141,MER-00002,IDEMP-00000976,USD,19978,PENDING,2026-01-02 06:32:01,
TXN-00000977,ACC-000155,MER-00039,IDEMP-00000977,USD,36783,PENDING,2026-01-29 16:18:21,
TXN-00000978,ACC-000189,MER-00046,IDEMP-00000978,SGD,5040,COMPLETED,2026-01-19 19:22:45,2026-01-19 19:29:28
TXN-00000979,ACC-000121,MER-00017,IDEMP-00000979,THB,5262,COMPLETED,2026-02-17 05:52:24,2026-02-17 05:54:58
TXN-00000980,ACC-000046,MER-00073,IDEMP-00000980,SGD,9504,COMPLETED,2026-01-25 19:37:30,2026-01-25 19:45:10
TXN-00000981,ACC-000307,MER-00047,IDEMP-00000981,THB,19824,COMPLETED,2026-01-27 18:36:37,2026-01-27 18:45:58
TXN-00000982,ACC-000269,MER-00063,IDEMP-00000982,SGD,3176,COMPLETED,2026-02-06 15:23:14,2026-02-06 15:25:24
TXN-00000983,ACC-000158,MER-00078,IDEMP-00000983,USD,5299,COMPLETED,2026-01-10 04:55:19,2026-01-10 05:03:40
TXN-00000984,ACC-000114,MER-00065,IDEMP-00000984,THB,2576,COMPLETED,2026-02-23 07:38:20,2026-02-23 07:44:54
TXN-00000985,ACC-000422,MER-00060,IDEMP-00000985,THB,20706,COMPLETED,2026-01-29 16:34:12,2026-01-29 16:37:24
TXN-00000986,ACC-000073,MER-00010,IDEMP-00000986,THB,25270,COMPLETED,2026-01-05 07:33:20,2026-01-05 07:35:28
TXN-00000987,ACC-000411,MER-00049,IDEMP-00000987,THB,10993,COMPLETED,2026-01-08 12:07:20,2026-01-08 12:14:22
TXN-00000988,ACC-000094,MER-00040,IDEMP-00000988,SGD,1267,DECLINED,2026-02-23 00:46:31,2026-02-23 00:49:41
TXN-00000989,ACC-000155,MER-00058,IDEMP-00000989,USD,495,COMPLETED,2026-01-11 10:46:44,2026-01-11 10:48:42
TXN-00000990,ACC-000307,MER-00012,IDEMP-00000990,THB,4321,COMPLETED,2026-01-12 08:19:46,2026-01-12 08:20:04
TXN-00000991,ACC-000364,MER-00007,IDEMP-00000991,THB,9482,COMPLETED,2026-01-21 01:21:44,2026-01-21 01:29:19
TXN-00000992,ACC-000318,MER-00024,IDEMP-00000992,THB,18757,COMPLETED,2026-02-25 16:09:23,2026-02-25 16:14:06
TXN-00000993,ACC-000432,MER-00004,IDEMP-00000993,SGD,634,COMPLETED,2026-02-15 23:06:34,2026-02-15 23:08:02
TXN-00000994,ACC-000033,MER-00062,IDEMP-00000994,USD,4884,PENDING,2026-02-19 17:51:50,
TXN-00000995,ACC-000394,MER-00072,IDEMP-00000995,SGD,9544,COMPLETED,2026-01-08 21:22:36,2026-01-08 21:27:28
TXN-00000996,ACC-000233,MER-00076,IDEMP-00000996,USD,6668,COMPLETED,2026-01-06 17:31:04,2026-01-06 17:38:13
TXN-00000997,ACC-000298,MER-00009,IDEMP-00000997,SGD,4590,COMPLETED,2026-01-18 13:11:06,2026-01-18 13:11:18
TXN-00000998,ACC-000350,MER-00023,IDEMP-00000998,THB,7074,PENDING,2026-01-12 13:28:04,
TXN-00000999,ACC-000167,MER-00051,IDEMP-00000999,THB,2859,DECLINED,2026-02-26 19:33:32,2026-02-26 19:35:30
TXN-00001000,ACC-000432,MER-00079,IDEMP-00001000,SGD,1949,PENDING,2026-01-26 20:03:41,
TXN-00001001,ACC-000362,MER-00018,IDEMP-00001001,SGD,3360,COMPLETED,2026-01-04 13:12:22,2026-01-04 13:17:20
TXN-00001002,ACC-000231,MER-00079,IDEMP-00001002,USD,6387,COMPLETED,2026-01-27 18:45:21,2026-01-27 18:47:06
TXN-00001003,ACC-000005,MER-00007,IDEMP-00001003,THB,9609,COMPLETED,2026-03-01 03:27:00,2026-03-01 03:35:47
TXN-00001004,ACC-000358,MER-00017,IDEMP-00001004,THB,5132,COMPLETED,2026-01-16 08:48:10,2026-01-16 08:48:26
TXN-00001005,ACC-000391,MER-00010,IDEMP-00001005,THB,7724,PENDING,2026-01-21 12:02:04,
TXN-00001006,ACC-000124,MER-00057,IDEMP-00001006,USD,10982,CANCELLED,2026-01-25 07:15:57,2026-01-25 07:18:29
TXN-00001007,ACC-000352,MER-00027,IDEMP-00001007,SGD,9879,COMPLETED,2026-01-10 13:23:54,2026-01-10 13:33:38
TXN-00001008,ACC-000150,MER-00065,IDEMP-00001008,SGD,195,COMPLETED,2026-01-18 07:33:17,2026-01-18 07:39:11
TXN-00001009,ACC-000449,MER-00045,IDEMP-00001009,SGD,4080,CANCELLED,2026-02-25 19:10:08,2026-02-25 19:15:12
TXN-00001010,ACC-000362,MER-00041,IDEMP-00001010,SGD,3555,COMPLETED,2026-01-01 01:32:07,2026-01-01 01:32:16
TXN-00001011,ACC-000429,MER-00059,IDEMP-00001011,USD,3449,DECLINED,2026-02-22 08:28:46,2026-02-22 08:32:13
TXN-00001012,ACC-000024,MER-00013,IDEMP-00001012,SGD,3738,DECLINED,2026-02-16 13:39:46,2026-02-16 13:43:50
TXN-00001013,ACC-000072,MER-00079,IDEMP-00001013,THB,24958,COMPLETED,2026-02-15 12:15:23,2026-02-15 12:23:30
TXN-00001014,ACC-000434,MER-00061,IDEMP-00001014,USD,6984,COMPLETED,2026-02-16 19:09:05,2026-02-16 19:10:36
TXN-00001015,ACC-000187,MER-00035,IDEMP-00001015,SGD,4874,COMPLETED,2026-01-17 23:29:52,2026-01-17 23:33:02
TXN-00001016,ACC-000169,MER-00043,IDEMP-00001016,USD,3430,COMPLETED,2026-02-24 05:58:51,2026-02-24 05:59:57
TXN-00001017,ACC-000432,MER-00011,IDEMP-00001017,SGD,5124,COMPLETED,2026-01-25 10:46:29,2026-01-25 10:55:26
TXN-00001018,ACC-000027,MER-00076,IDEMP-00001018,SGD,8536,DECLINED,2026-01-30 19:04:14,2026-01-30 19:08:19
TXN-00001019,ACC-000066,MER-00043,IDEMP-00001019,SGD,3126,COMPLETED,2026-02-14 06:17:02,2026-02-14 06:25:14
TXN-00001020,ACC-000013,MER-00003,IDEMP-00001020,THB,5321,COMPLETED,2026-02-12 10:09:22,2026-02-12 10:17:27
TXN-00001021,ACC-000238,MER-00077,IDEMP-00001021,THB,9050,COMPLETED,2026-01-07 11:36:30,2026-01-07 11:46:15
TXN-00001022,ACC-000083,MER-00047,IDEMP-00001022,USD,2110,COMPLETED,2026-02-09 14:17:35,2026-02-09 14:23:26
TXN-00001023,ACC-000444,MER-00038,IDEMP-00001023,THB,5436,COMPLETED,2026-01-07 14:34:02,2026-01-07 14:43:23
TXN-00001024,ACC-000129,MER-00034,IDEMP-00001024,SGD,3342,COMPLETED,2026-01-02 05:42:49,2026-01-02 05:46:40
TXN-00001025,ACC-000098,MER-00031,IDEMP-00001025,THB,5286,COMPLETED,2026-02-17 06:58:51,2026-02-17 07:05:23
TXN-00001026,ACC-000273,MER-00055,IDEMP-00001026,THB,17621,COMPLETED,2026-01-13 17:22:37,2026-01-13 17:28:00
TXN-00001027,ACC-000358,MER-00015,IDEMP-00001027,THB,14200,COMPLETED,2026-03-01 13:08:56,2026-03-01 13:18:22
TXN-00001028,ACC-000226,MER-00061,IDEMP-00001028,THB,2175,COMPLETED,2026-01-13 08:05:58,2026-01-13 08:06:31
TXN-00001029,ACC-000231,MER-00074,IDEMP-00001029,USD,39297,COMPLETED,2026-02-18 18:53:52,2026-02-18 19:03:42
TXN-00001030,ACC-000086,MER-00032,IDEMP-00001030,SGD,24359,COMPLETED,2026-01-23 19:20:15,2026-01-23 19:22:02
TXN-00001031,ACC-000223,MER-00076,IDEMP-00001031,SGD,38292,COMPLETED,2026-02-21 02:37:40,2026-02-21 02:46:33
TXN-00001032,ACC-000440,MER-00003,IDEMP-00001032,SGD,2252,COMPLETED,2026-01-16 16:55:57,2026-01-16 17:02:30
TXN-00001033,ACC-000339,MER-00041,IDEMP-00001033,SGD,2341,COMPLETED,2026-01-04 05:54:40,2026-01-04 06:04:07
TXN-00001034,ACC-000251,MER-00066,IDEMP-00001034,USD,7220,COMPLETED,2026-02-14 19:54:06,2026-02-14 19:59:07
TXN-00001035,ACC-000026,MER-00064,IDEMP-00001035,USD,12938,COMPLETED,2026-02-14 17:22:25,2026-02-14 17:22:54
TXN-00001036,ACC-000082,MER-00019,IDEMP-00001036,USD,8807,COMPLETED,2026-01-08 18:15:56,2026-01-08 18:17:38
TXN-00001037,ACC-000223,MER-00010,IDEMP-00001037,SGD,6003,COMPLETED,2026-01-26 20:26:27,2026-01-26 20:31:30
TXN-00001038,ACC-000016,MER-00006,IDEMP-00001038,SGD,11538,DECLINED,2026-01-05 04:32:37,2026-01-05 04:39:52
TXN-00001039,ACC-000179,MER-00040,IDEMP-00001039,THB,4966,COMPLETED,2026-02-22 13:10:33,2026-02-22 13:15:34
TXN-00001040,ACC-000403,MER-00009,IDEMP-00001040,USD,5247,COMPLETED,2026-02-20 02:33:12,2026-02-20 02:38:29
TXN-00001041,ACC-000263,MER-00035,IDEMP-00001041,SGD,13358,COMPLETED,2026-01-23 01:05:34,2026-01-23 01:08:26
TXN-00001042,ACC-000167,MER-00024,IDEMP-00001042,THB,28107,COMPLETED,2026-01-05 01:52:38,2026-01-05 01:56:59
TXN-00001043,ACC-000038,MER-00066,IDEMP-00001043,THB,2718,PENDING,2026-02-10 16:02:34,
TXN-00001044,ACC-000253,MER-00067,IDEMP-00001044,SGD,9031,DECLINED,2026-01-07 23:54:15,2026-01-07 23:59:32
TXN-00001045,ACC-000346,MER-00005,IDEMP-00001045,THB,3558,COMPLETED,2026-01-21 08:06:59,2026-01-21 08:10:50
TXN-00001046,ACC-000332,MER-00025,IDEMP-00001046,THB,6678,CANCELLED,2026-01-26 23:14:10,2026-01-26 23:22:19
TXN-00001047,ACC-000202,MER-00033,IDEMP-00001047,USD,5178,COMPLETED,2026-02-11 07:06:11,2026-02-11 07:15:41
TXN-00001048,ACC-000084,MER-00008,IDEMP-00001048,USD,8387,COMPLETED,2026-02-25 13:22:22,2026-02-25 13:31:48
TXN-00001049,ACC-000447,MER-00071,IDEMP-00001049,SGD,3865,CANCELLED,2026-01-03 19:30:11,2026-01-03 19:33:49
TXN-00001050,ACC-000251,MER-00035,IDEMP-00001050,USD,2598,DECLINED,2026-01-12 11:43:02,2026-01-12 11:46:20
TXN-00001051,ACC-000367,MER-00070,IDEMP-00001051,USD,53442,PENDING,2026-01-24 17:35:53,
TXN-00001052,ACC-000193,MER-00048,IDEMP-00001052,USD,2464,DECLINED,2026-01-30 04:37:27,2026-01-30 04:47:07
TXN-00001053,ACC-000197,MER-00002,IDEMP-00001053,USD,24542,PENDING,2026-02-27 10:51:52,
TXN-00001054,ACC-000356,MER-00075,IDEMP-00001054,SGD,65821,COMPLETED,2026-01-03 23:04:06,2026-01-03 23:04:49
TXN-00001055,ACC-000359,MER-00025,IDEMP-00001055,THB,846,COMPLETED,2026-01-14 12:57:11,2026-01-14 12:58:08
TXN-00001056,ACC-000171,MER-00050,IDEMP-00001056,SGD,4209,COMPLETED,2026-01-31 05:15:36,2026-01-31 05:23:51
TXN-00001057,ACC-000044,MER-00053,IDEMP-00001057,USD,928,COMPLETED,2026-02-24 04:50:22,2026-02-24 04:56:10
TXN-00001058,ACC-000186,MER-00073,IDEMP-00001058,THB,5339,COMPLETED,2026-02-22 23:11:06,2026-02-22 23:20:14
TXN-00001059,ACC-000096,MER-00017,IDEMP-00001059,SGD,4182,COMPLETED,2026-02-04 08:58:54,2026-02-04 09:04:32
TXN-00001060,ACC-000080,MER-00076,IDEMP-00001060,USD,17269,COMPLETED,2026-02-03 10:41:21,2026-02-03 10:41:47
TXN-00001061,ACC-000156,MER-00037,IDEMP-00001061,USD,10881,COMPLETED,2026-02-21 15:27:04,2026-02-21 15:33:13
TXN-00001062,ACC-000098,MER-00012,IDEMP-00001062,THB,1512,COMPLETED,2026-01-11 06:10:19,2026-01-11 06:10:43
TXN-00001063,ACC-000393,MER-00032,IDEMP-00001063,THB,4531,COMPLETED,2026-01-06 11:52:27,2026-01-06 11:56:46
TXN-00001064,ACC-000275,MER-00026,IDEMP-00001064,SGD,3089,COMPLETED,2026-01-30 23:22:43,2026-01-30 23:29:22
TXN-00001065,ACC-000263,MER-00073,IDEMP-00001065,SGD,5046,COMPLETED,2026-01-19 02:13:21,2026-01-19 02:17:48
TXN-00001066,ACC-000418,MER-00024,IDEMP-00001066,USD,3329,COMPLETED,2026-02-01 23:38:42,2026-02-01 23:42:56
TXN-00001067,ACC-000270,MER-00059,IDEMP-00001067,SGD,951,COMPLETED,2026-01-27 03:13:03,2026-01-27 03:16:11
TXN-00001068,ACC-000103,MER-00005,IDEMP-00001068,USD,11607,PENDING,2026-02-26 16:59:04,
TXN-00001069,ACC-000414,MER-00020,IDEMP-00001069,USD,8886,COMPLETED,2026-02-19 07:12:36,2026-02-19 07:18:26
TXN-00001070,ACC-000247,MER-00035,IDEMP-00001070,USD,13102,COMPLETED,2026-01-01 08:32:00,2026-01-01 08:33:20
TXN-00001071,ACC-000387,MER-00012,IDEMP-00001071,USD,6560,COMPLETED,2026-01-11 23:13:49,2026-01-11 23:16:33
TXN-00001072,ACC-000053,MER-00020,IDEMP-00001072,THB,38077,COMPLETED,2026-01-24 03:04:00,2026-01-24 03:11:31
TXN-00001073,ACC-000388,MER-00023,IDEMP-00001073,USD,4348,COMPLETED,2026-02-17 06:48:48,2026-02-17 06:54:30
TXN-00001074,ACC-000369,MER-00079,IDEMP-00001074,USD,4336,COMPLETED,2026-01-11 17:48:24,2026-01-11 17:49:38
TXN-00001075,ACC-000177,MER-00019,IDEMP-00001075,USD,5002,COMPLETED,2026-02-20 03:22:23,2026-02-20 03:31:40
TXN-00001076,ACC-000037,MER-00064,IDEMP-00001076,USD,24702,COMPLETED,2026-01-29 14:47:40,2026-01-29 14:54:14
TXN-00001077,ACC-000194,MER-00031,IDEMP-00001077,SGD,1257,COMPLETED,2026-01-08 18:06:48,2026-01-08 18:11:09
TXN-00001078,ACC-000154,MER-00017,IDEMP-00001078,THB,1098,COMPLETED,2026-01-17 01:24:51,2026-01-17 01:31:42
TXN-00001079,ACC-000276,MER-00006,IDEMP-00001079,USD,8092,COMPLETED,2026-01-05 09:00:23,2026-01-05 09:00:25
TXN-00001080,ACC-000436,MER-00048,IDEMP-00001080,SGD,527,COMPLETED,2026-01-27 02:07:36,2026-01-27 02:13:06
TXN-00001081,ACC-000140,MER-00076,IDEMP-00001081,SGD,14613,COMPLETED,2026-02-20 05:47:06,2026-02-20 05:53:26
TXN-00001082,ACC-000236,MER-00047,IDEMP-00001082,THB,9734,PENDING,2026-01-20 14:25:12,
TXN-00001083,ACC-000312,MER-00052,IDEMP-00001083,SGD,13544,COMPLETED,2026-02-28 18:45:25,2026-02-28 18:53:52
TXN-00001084,ACC-000053,MER-00029,IDEMP-00001084,THB,3632,COMPLETED,2026-02-24 23:00:45,2026-02-24 23:10:23
TXN-00001085,ACC-000424,MER-00069,IDEMP-00001085,USD,8666,COMPLETED,2026-01-13 07:20:45,2026-01-13 07:21:37
TXN-00001086,ACC-000391,MER-00045,IDEMP-00001086,THB,1589,COMPLETED,2026-02-15 17:28:57,2026-02-15 17:34:00
TXN-00001087,ACC-000407,MER-00051,IDEMP-00001087,SGD,12752,DECLINED,2026-02-02 20:32:54,2026-02-02 20:42:32
TXN-00001088,ACC-000420,MER-00002,IDEMP-00001088,THB,24125,COMPLETED,2026-01-09 14:13:10,2026-01-09 14:15:48
TXN-00001089,ACC-000259,MER-00080,IDEMP-00001089,THB,7022,COMPLETED,2026-02-01 13:39:42,2026-02-01 13:44:48
TXN-00001090,ACC-000149,MER-00056,IDEMP-00001090,THB,15167,COMPLETED,2026-02-23 10:23:35,2026-02-23 10:27:14
TXN-00001091,ACC-000218,MER-00009,IDEMP-00001091,USD,5491,COMPLETED,2026-02-17 00:20:17,2026-02-17 00:26:24
TXN-00001092,ACC-000190,MER-00079,IDEMP-00001092,USD,5950,COMPLETED,2026-01-25 17:19:39,2026-01-25 17:20:24
TXN-00001093,ACC-000108,MER-00043,IDEMP-00001093,USD,2885,COMPLETED,2026-02-25 23:57:55,2026-02-26 00:04:33
TXN-00001094,ACC-000057,MER-00007,IDEMP-00001094,THB,926,COMPLETED,2026-02-13 19:38:26,2026-02-13 19:44:08
TXN-00001095,ACC-000368,MER-00051,IDEMP-00001095,THB,2006,COMPLETED,2026-02-26 07:12:21,2026-02-26 07:20:29
TXN-00001096,ACC-000160,MER-00006,IDEMP-00001096,USD,27380,COMPLETED,2026-01-19 09:53:15,2026-01-19 10:01:32
TXN-00001097,ACC-000375,MER-00071,IDEMP-00001097,SGD,1703,COMPLETED,2026-01-02 16:03:50,2026-01-02 16:07:10
TXN-00001098,ACC-000369,MER-00001,IDEMP-00001098,USD,10915,COMPLETED,2026-02-27 21:47:48,2026-02-27 21:54:30
TXN-00001099,ACC-000254,MER-00028,IDEMP-00001099,USD,13372,COMPLETED,2026-02-04 13:26:17,2026-02-04 13:33:25
TXN-00001100,ACC-000294,MER-00045,IDEMP-00001100,SGD,2472,COMPLETED,2026-01-15 00:11:36,2026-01-15 00:12:13
TXN-00001101,ACC-000298,MER-00031,IDEMP-00001101,SGD,14776,COMPLETED,2026-02-04 03:40:17,2026-02-04 03:43:59
TXN-00001102,ACC-000308,MER-00035,IDEMP-00001102,SGD,4283,DECLINED,2026-01-12 13:20:52,2026-01-12 13:23:38
TXN-00001103,ACC-000226,MER-00043,IDEMP-00001103,THB,5161,COMPLETED,2026-01-28 22:32:17,2026-01-28 22:36:40
TXN-00001104,ACC-000149,MER-00029,IDEMP-00001104,THB,10187,COMPLETED,2026-02-28 18:51:49,2026-02-28 18:58:19
TXN-00001105,ACC-000350,MER-00018,IDEMP-00001105,THB,2424,COMPLETED,2026-01-05 16:11:59,2026-01-05 16:21:05
TXN-00001106,ACC-000295,MER-00019,IDEMP-00001106,THB,3915,COMPLETED,2026-01-15 13:02:47,2026-01-15 13:07:07
TXN-00001107,ACC-000159,MER-00027,IDEMP-00001107,USD,8225,DECLINED,2026-02-20 16:28:41,2026-02-20 16:32:16
TXN-00001108,ACC-000305,MER-00074,IDEMP-00001108,THB,4080,COMPLETED,2026-01-15 11:53:07,2026-01-15 11:59:47
TXN-00001109,ACC-000051,MER-00006,IDEMP-00001109,USD,5210,COMPLETED,2026-02-23 17:08:37,2026-02-23 17:14:50
TXN-00001110,ACC-000318,MER-00065,IDEMP-00001110,THB,8608,COMPLETED,2026-01-16 17:45:43,2026-01-16 17:47:22
TXN-00001111,ACC-000193,MER-00061,IDEMP-00001111,USD,2546,PENDING,2026-02-04 02:00:14,
TXN-00001112,ACC-000396,MER-00030,IDEMP-00001112,THB,382,COMPLETED,2026-01-30 12:36:08,2026-01-30 12:39:43
TXN-00001113,ACC-000071,MER-00029,IDEMP-00001113,USD,2430,COMPLETED,2026-01-01 03:10:19,2026-01-01 03:10:36
TXN-00001114,ACC-000005,MER-00005,IDEMP-00001114,THB,3698,COMPLETED,2026-02-04 08:59:51,2026-02-04 09:04:45
TXN-00001115,ACC-000158,MER-00078,IDEMP-00001115,USD,3564,COMPLETED,2026-02-24 09:15:16,2026-02-24 09:21:49
TXN-00001116,ACC-000131,MER-00018,IDEMP-00001116,SGD,3021,COMPLETED,2026-01-30 09:25:47,2026-01-30 09:29:20
TXN-00001117,ACC-000411,MER-00042,IDEMP-00001117,THB,1702,COMPLETED,2026-02-15 01:34:01,2026-02-15 01:35:53
TXN-00001118,ACC-000405,MER-00031,IDEMP-00001118,USD,3032,COMPLETED,2026-01-07 02:38:12,2026-01-07 02:44:04
TXN-00001119,ACC-000442,MER-00080,IDEMP-00001119,SGD,4731,DECLINED,2026-02-25 22:03:54,2026-02-25 22:05:51
TXN-00001120,ACC-000224,MER-00009,IDEMP-00001120,THB,9832,COMPLETED,2026-01-09 10:20:39,2026-01-09 10:29:26
TXN-00001121,ACC-000232,MER-00042,IDEMP-00001121,SGD,5061,COMPLETED,2026-02-17 13:56:14,2026-02-17 14:04:16
TXN-00001122,ACC-000417,MER-00039,IDEMP-00001122,USD,9951,DECLINED,2026-02-01 04:03:15,2026-02-01 04:13:08
TXN-00001123,ACC-000122,MER-00018,IDEMP-00001123,THB,23165,PENDING,2026-01-15 03:24:48,
TXN-00001124,ACC-000002,MER-00059,IDEMP-00001124,USD,29545,COMPLETED,2026-02-15 09:54:10,2026-02-15 09:56:30
TXN-00001125,ACC-000152,MER-00073,IDEMP-00001125,THB,12612,DECLINED,2026-02-16 12:36:07,2026-02-16 12:39:41
TXN-00001126,ACC-000396,MER-00002,IDEMP-00001126,THB,8528,CANCELLED,2026-01-07 05:30:09,2026-01-07 05:35:00
TXN-00001127,ACC-000097,MER-00034,IDEMP-00001127,SGD,2270,COMPLETED,2026-01-01 17:18:27,2026-01-01 17:25:10
TXN-00001128,ACC-000121,MER-00016,IDEMP-00001128,THB,25272,COMPLETED,2026-02-27 19:49:36,2026-02-27 19:50:55
TXN-00001129,ACC-000393,MER-00008,IDEMP-00001129,THB,876,CANCELLED,2026-01-16 05:20:59,2026-01-16 05:25:34
TXN-00001130,ACC-000140,MER-00022,IDEMP-00001130,SGD,3107,COMPLETED,2026-01-26 14:25:36,2026-01-26 14:27:39
TXN-00001131,ACC-000439,MER-00080,IDEMP-00001131,SGD,2623,COMPLETED,2026-01-11 21:49:32,2026-01-11 21:56:12
TXN-00001132,ACC-000348,MER-00013,IDEMP-00001132,SGD,2739,COMPLETED,2026-01-14 20:59:54,2026-01-14 21:03:28
TXN-00001133,ACC-000080,MER-00074,IDEMP-00001133,USD,1234,COMPLETED,2026-01-20 12:50:31,2026-01-20 12:59:35
TXN-00001134,ACC-000154,MER-00029,IDEMP-00001134,THB,5170,COMPLETED,2026-02-22 15:23:05,2026-02-22 15:24:23
TXN-00001135,ACC-000232,MER-00069,IDEMP-00001135,SGD,3764,COMPLETED,2026-02-07 06:10:24,2026-02-07 06:17:15
TXN-00001136,ACC-000070,MER-00015,IDEMP-00001136,THB,1842,DECLINED,2026-02-28 04:03:38,2026-02-28 04:11:14
TXN-00001137,ACC-000192,MER-00075,IDEMP-00001137,SGD,11074,PENDING,2026-02-21 00:27:26,
TXN-00001138,ACC-000450,MER-00079,IDEMP-00001138,SGD,1195,COMPLETED,2026-01-03 13:46:07,2026-01-03 13:50:02
TXN-00001139,ACC-000331,MER-00079,IDEMP-00001139,USD,399,COMPLETED,2026-02-08 18:09:39,2026-02-08 18:18:50
TXN-00001140,ACC-000099,MER-00031,IDEMP-00001140,SGD,2708,COMPLETED,2026-02-03 01:13:18,2026-02-03 01:15:06
TXN-00001141,ACC-000286,MER-00002,IDEMP-00001141,THB,3502,COMPLETED,2026-01-04 02:02:19,2026-01-04 02:08:21
TXN-00001142,ACC-000003,MER-00044,IDEMP-00001142,THB,1371,COMPLETED,2026-02-06 01:14:53,2026-02-06 01:21:05
TXN-00001143,ACC-000172,MER-00080,IDEMP-00001143,THB,12599,COMPLETED,2026-02-07 12:36:46,2026-02-07 12:45:21
TXN-00001144,ACC-000010,MER-00074,IDEMP-00001144,USD,10679,COMPLETED,2026-02-27 18:34:18,2026-02-27 18:39:36
TXN-00001145,ACC-000045,MER-00051,IDEMP-00001145,THB,6630,COMPLETED,2026-01-28 18:36:27,2026-01-28 18:42:02
TXN-00001146,ACC-000402,MER-00075,IDEMP-00001146,USD,9706,COMPLETED,2026-01-18 00:04:59,2026-01-18 00:07:04
TXN-00001147,ACC-000176,MER-00055,IDEMP-00001147,SGD,3017,COMPLETED,2026-01-08 18:49:56,2026-01-08 18:56:11
TXN-00001148,ACC-000025,MER-00064,IDEMP-00001148,USD,4470,DECLINED,2026-01-01 16:52:30,2026-01-01 16:54:48
TXN-00001149,ACC-000005,MER-00063,IDEMP-00001149,THB,5722,COMPLETED,2026-01-15 15:43:16,2026-01-15 15:47:30
TXN-00001150,ACC-000383,MER-00012,IDEMP-00001150,USD,17015,COMPLETED,2026-02-04 10:46:40,2026-02-04 10:54:32
TXN-00001151,ACC-000356,MER-00015,IDEMP-00001151,SGD,4242,COMPLETED,2026-01-03 14:41:19,2026-01-03 14:45:25
TXN-00001152,ACC-000300,MER-00007,IDEMP-00001152,THB,2379,COMPLETED,2026-02-26 00:28:07,2026-02-26 00:35:46
TXN-00001153,ACC-000331,MER-00006,IDEMP-00001153,USD,10118,COMPLETED,2026-01-07 10:04:26,2026-01-07 10:13:15
TXN-00001154,ACC-000054,MER-00073,IDEMP-00001154,USD,6192,PENDING,2026-01-08 20:32:16,
TXN-00001155,ACC-000198,MER-00023,IDEMP-00001155,THB,21988,COMPLETED,2026-01-12 23:10:31,2026-01-12 23:18:16
TXN-00001156,ACC-000017,MER-00015,IDEMP-00001156,USD,10336,PENDING,2026-01-20 23:45:59,
TXN-00001157,ACC-000151,MER-00032,IDEMP-00001157,USD,2362,COMPLETED,2026-01-17 03:24:48,2026-01-17 03:32:13
TXN-00001158,ACC-000372,MER-00024,IDEMP-00001158,SGD,5417,COMPLETED,2026-01-22 12:27:23,2026-01-22 12:33:16
TXN-00001159,ACC-000244,MER-00019,IDEMP-00001159,USD,2884,COMPLETED,2026-01-07 19:52:06,2026-01-07 19:59:41
TXN-00001160,ACC-000008,MER-00014,IDEMP-00001160,THB,1601,COMPLETED,2026-02-13 05:52:38,2026-02-13 05:53:19
TXN-00001161,ACC-000010,MER-00066,IDEMP-00001161,USD,3760,COMPLETED,2026-02-12 01:51:46,2026-02-12 01:59:04
TXN-00001162,ACC-000260,MER-00020,IDEMP-00001162,USD,5084,CANCELLED,2026-01-11 21:53:45,2026-01-11 22:02:10
TXN-00001163,ACC-000173,MER-00063,IDEMP-00001163,SGD,6812,COMPLETED,2026-01-31 08:04:43,2026-01-31 08:13:08
TXN-00001164,ACC-000094,MER-00050,IDEMP-00001164,SGD,2814,COMPLETED,2026-02-26 19:53:44,2026-02-26 20:03:14
TXN-00001165,ACC-000407,MER-00027,IDEMP-00001165,SGD,1963,COMPLETED,2026-02-09 13:12:41,2026-02-09 13:20:29
TXN-00001166,ACC-000002,MER-00050,IDEMP-00001166,USD,555,COMPLETED,2026-02-22 17:29:30,2026-02-22 17:30:44
TXN-00001167,ACC-000316,MER-00037,IDEMP-00001167,SGD,39344,COMPLETED,2026-02-01 14:44:05,2026-02-01 14:53:55
TXN-00001168,ACC-000363,MER-00010,IDEMP-00001168,THB,22769,COMPLETED,2026-01-16 18:09:35,2026-01-16 18:13:24
TXN-00001169,ACC-000184,MER-00078,IDEMP-00001169,SGD,4109,COMPLETED,2026-01-20 15:51:08,2026-01-20 15:55:08
TXN-00001170,ACC-000315,MER-00018,IDEMP-00001170,THB,19551,DECLINED,2026-01-16 09:58:18,2026-01-16 10:02:48
TXN-00001171,ACC-000394,MER-00036,IDEMP-00001171,SGD,712,COMPLETED,2026-02-25 14:22:03,2026-02-25 14:30:38
TXN-00001172,ACC-000211,MER-00037,IDEMP-00001172,USD,7463,COMPLETED,2026-03-01 23:02:43,2026-03-01 23:03:41
TXN-00001173,ACC-000378,MER-00055,IDEMP-00001173,USD,31177,COMPLETED,2026-02-27 03:13:45,2026-02-27 03:19:38
TXN-00001174,ACC-000018,MER-00003,IDEMP-00001174,THB,3282,COMPLETED,2026-01-28 13:14:29,2026-01-28 13:16:17
TXN-00001175,ACC-000239,MER-00057,IDEMP-00001175,USD,8331,COMPLETED,2026-02-26 09:56:01,2026-02-26 09:59:23
TXN-00001176,ACC-000197,MER-00070,IDEMP-00001176,USD,1675,PENDING,2026-01-03 00:43:08,
TXN-00001177,ACC-000027,MER-00061,IDEMP-00001177,SGD,5707,COMPLETED,2026-01-04 12:05:29,2026-01-04 12:07:01
TXN-00001178,ACC-000155,MER-00068,IDEMP-00001178,USD,18812,COMPLETED,2026-01-16 01:25:24,2026-01-16 01:34:51
TXN-00001179,ACC-000217,MER-00027,IDEMP-00001179,SGD,4871,COMPLETED,2026-02-13 20:52:59,2026-02-13 20:59:00
TXN-00001180,ACC-000259,MER-00023,IDEMP-00001180,THB,17767,DECLINED,2026-02-19 00:20:41,2026-02-19 00:24:11
TXN-00001181,ACC-000085,MER-00068,IDEMP-00001181,USD,7973,COMPLETED,2026-01-25 14:45:13,2026-01-25 14:46:34
TXN-00001182,ACC-000246,MER-00079,IDEMP-00001182,THB,5382,COMPLETED,2026-02-15 20:41:02,2026-02-15 20:47:47
TXN-00001183,ACC-000389,MER-00044,IDEMP-00001183,THB,4598,COMPLETED,2026-01-21 23:00:59,2026-01-21 23:10:08
TXN-00001184,ACC-000220,MER-00071,IDEMP-00001184,SGD,1996,COMPLETED,2026-02-28 16:37:22,2026-02-28 16:43:50
TXN-00001185,ACC-000422,MER-00021,IDEMP-00001185,THB,8509,COMPLETED,2026-02-26 18:19:07,2026-02-26 18:27:33
TXN-00001186,ACC-000417,MER-00062,IDEMP-00001186,USD,9307,COMPLETED,2026-01-14 23:17:34,2026-01-14 23:21:05
TXN-00001187,ACC-000189,MER-00064,IDEMP-00001187,SGD,2587,COMPLETED,2026-02-13 09:02:04,2026-02-13 09:07:49
TXN-00001188,ACC-000196,MER-00052,IDEMP-00001188,THB,6186,DECLINED,2026-02-11 21:47:17,2026-02-11 21:51:08
TXN-00001189,ACC-000371,MER-00027,IDEMP-00001189,USD,13464,COMPLETED,2026-01-13 17:29:02,2026-01-13 17:33:32
TXN-00001190,ACC-000186,MER-00038,IDEMP-00001190,THB,1444,COMPLETED,2026-01-06 17:59:53,2026-01-06 18:07:54
TXN-00001191,ACC-000277,MER-00039,IDEMP-00001191,SGD,2559,COMPLETED,2026-02-21 03:56:12,2026-02-21 03:59:16
TXN-00001192,ACC-000252,MER-00018,IDEMP-00001192,SGD,5962,COMPLETED,2026-01-28 18:54:47,2026-01-28 18:59:02
TXN-00001193,ACC-000056,MER-00005,IDEMP-00001193,USD,1613,DECLINED,2026-01-22 06:41:48,2026-01-22 06:47:52
TXN-00001194,ACC-000242,MER-00047,IDEMP-00001194,SGD,5641,COMPLETED,2026-02-11 06:43:40,2026-02-11 06:50:07
TXN-00001195,ACC-000272,MER-00064,IDEMP-00001195,THB,1598,COMPLETED,2026-01-10 05:11:36,2026-01-10 05:16:26
TXN-00001196,ACC-000294,MER-00038,IDEMP-00001196,SGD,8166,CANCELLED,2026-01-31 20:55:00,2026-01-31 21:04:04
TXN-00001197,ACC-000427,MER-00080,IDEMP-00001197,THB,4868,COMPLETED,2026-01-13 18:29:01,2026-01-13 18:38:09
TXN-00001198,ACC-000038,MER-00041,IDEMP-00001198,THB,24191,COMPLETED,2026-02-21 20:45:13,2026-02-21 20:47:27
TXN-00001199,ACC-000124,MER-00021,IDEMP-00001199,USD,1125,COMPLETED,2026-01-27 22:27:31,2026-01-27 22:37:22
TXN-00001200,ACC-000413,MER-00009,IDEMP-00001200,USD,5607,PENDING,2026-01-17 22:00:02,
TXN-00001201,ACC-000059,MER-00029,IDEMP-00001201,SGD,7380,COMPLETED,2026-02-24 23:02:57,2026-02-24 23:05:26
TXN-00001202,ACC-000300,MER-00072,IDEMP-00001202,THB,5610,CANCELLED,2026-01-03 03:18:46,2026-01-03 03:27:31
TXN-00001203,ACC-000279,MER-00052,IDEMP-00001203,SGD,3503,CANCELLED,2026-01-27 22:14:29,2026-01-27 22:20:23
TXN-00001204,ACC-000260,MER-00019,IDEMP-00001204,USD,1968,COMPLETED,2026-01-02 16:06:35,2026-01-02 16:11:37
TXN-00001205,ACC-000207,MER-00018,IDEMP-00001205,THB,14758,COMPLETED,2026-02-03 21:35:40,2026-02-03 21:43:31
TXN-00001206,ACC-000069,MER-00005,IDEMP-00001206,SGD,1656,COMPLETED,2026-01-01 17:05:51,2026-01-01 17:14:56
TXN-00001207,ACC-000259,MER-00044,IDEMP-00001207,THB,7660,COMPLETED,2026-01-04 00:35:23,2026-01-04 00:38:03
TXN-00001208,ACC-000448,MER-00051,IDEMP-00001208,USD,14582,COMPLETED,2026-02-04 23:19:36,2026-02-04 23:29:11
TXN-00001209,ACC-000285,MER-00060,IDEMP-00001209,SGD,16392,CANCELLED,2026-01-26 05:00:47,2026-01-26 05:07:42
TXN-00001210,ACC-000233,MER-00039,IDEMP-00001210,USD,3772,DECLINED,2026-01-19 03:36:35,2026-01-19 03:39:48
TXN-00001211,ACC-000125,MER-00069,IDEMP-00001211,USD,9806,COMPLETED,2026-01-27 17:21:16,2026-01-27 17:30:55
TXN-00001212,ACC-000242,MER-00052,IDEMP-00001212,SGD,1156,COMPLETED,2026-01-17 16:05:02,2026-01-17 16:07:44
TXN-00001213,ACC-000111,MER-00080,IDEMP-00001213,SGD,14550,CANCELLED,2026-02-02 05:02:27,2026-02-02 05:03:56
TXN-00001214,ACC-000393,MER-00019,IDEMP-00001214,THB,1312,COMPLETED,2026-02-04 09:14:11,2026-02-04 09:19:20
TXN-00001215,ACC-000381,MER-00074,IDEMP-00001215,USD,4066,COMPLETED,2026-01-13 13:58:15,2026-01-13 14:06:27
TXN-00001216,ACC-000360,MER-00043,IDEMP-00001216,THB,6625,COMPLETED,2026-01-31 15:55:25,2026-01-31 16:00:17
TXN-00001217,ACC-000237,MER-00080,IDEMP-00001217,USD,2284,CANCELLED,2026-02-25 19:48:00,2026-02-25 19:54:07
TXN-00001218,ACC-000142,MER-00042,IDEMP-00001218,THB,2783,PENDING,2026-01-14 17:39:28,
TXN-00001219,ACC-000149,MER-00054,IDEMP-00001219,THB,60462,COMPLETED,2026-01-31 10:18:19,2026-01-31 10:27:43
TXN-00001220,ACC-000027,MER-00033,IDEMP-00001220,SGD,16354,COMPLETED,2026-01-29 11:23:26,2026-01-29 11:33:08
TXN-00001221,ACC-000074,MER-00006,IDEMP-00001221,THB,6117,COMPLETED,2026-02-24 01:20:37,2026-02-24 01:23:26
TXN-00001222,ACC-000347,MER-00017,IDEMP-00001222,USD,23418,COMPLETED,2026-02-15 10:24:11,2026-02-15 10:32:26
TXN-00001223,ACC-000121,MER-00056,IDEMP-00001223,THB,2673,COMPLETED,2026-01-09 08:38:25,2026-01-09 08:41:50
TXN-00001224,ACC-000420,MER-00010,IDEMP-00001224,THB,5915,COMPLETED,2026-02-15 21:26:22,2026-02-15 21:28:46
TXN-00001225,ACC-000385,MER-00001,IDEMP-00001225,THB,1504,COMPLETED,2026-01-31 06:30:01,2026-01-31 06:35:31
TXN-00001226,ACC-000043,MER-00027,IDEMP-00001226,SGD,18627,COMPLETED,2026-02-19 02:36:36,2026-02-19 02:44:09
TXN-00001227,ACC-000353,MER-00019,IDEMP-00001227,THB,6829,COMPLETED,2026-01-20 14:09:25,2026-01-20 14:16:17
TXN-00001228,ACC-000056,MER-00035,IDEMP-00001228,USD,4586,COMPLETED,2026-02-04 09:31:57,2026-02-04 09:39:34
TXN-00001229,ACC-000361,MER-00080,IDEMP-00001229,USD,519,COMPLETED,2026-02-03 19:47:50,2026-02-03 19:49:54
TXN-00001230,ACC-000166,MER-00052,IDEMP-00001230,SGD,3095,COMPLETED,2026-01-29 18:03:52,2026-01-29 18:06:21
TXN-00001231,ACC-000333,MER-00012,IDEMP-00001231,USD,4403,COMPLETED,2026-02-05 18:43:54,2026-02-05 18:51:00
TXN-00001232,ACC-000381,MER-00001,IDEMP-00001232,USD,3044,COMPLETED,2026-02-19 21:27:01,2026-02-19 21:33:59
TXN-00001233,ACC-000320,MER-00012,IDEMP-00001233,USD,14765,COMPLETED,2026-03-01 16:03:45,2026-03-01 16:06:22
TXN-00001234,ACC-000321,MER-00021,IDEMP-00001234,THB,11120,DECLINED,2026-01-27 02:49:35,2026-01-27 02:52:07
TXN-00001235,ACC-000053,MER-00032,IDEMP-00001235,THB,1807,DECLINED,2026-01-13 19:47:52,2026-01-13 19:56:42
TXN-00001236,ACC-000194,MER-00072,IDEMP-00001236,SGD,4252,COMPLETED,2026-01-02 08:43:19,2026-01-02 08:44:33
TXN-00001237,ACC-000418,MER-00078,IDEMP-00001237,USD,8813,COMPLETED,2026-02-01 14:48:21,2026-02-01 14:51:55
TXN-00001238,ACC-000363,MER-00011,IDEMP-00001238,THB,1073,COMPLETED,2026-01-22 04:33:59,2026-01-22 04:34:38
TXN-00001239,ACC-000376,MER-00024,IDEMP-00001239,THB,2387,COMPLETED,2026-01-13 19:46:55,2026-01-13 19:55:55
TXN-00001240,ACC-000394,MER-00070,IDEMP-00001240,SGD,8079,COMPLETED,2026-02-27 04:06:11,2026-02-27 04:15:01
TXN-00001241,ACC-000279,MER-00059,IDEMP-00001241,SGD,3781,COMPLETED,2026-01-26 12:32:51,2026-01-26 12:40:05
TXN-00001242,ACC-000243,MER-00010,IDEMP-00001242,SGD,11754,COMPLETED,2026-01-30 09:08:04,2026-01-30 09:12:15
TXN-00001243,ACC-000054,MER-00076,IDEMP-00001243,USD,2475,COMPLETED,2026-02-12 04:21:24,2026-02-12 04:30:29
TXN-00001244,ACC-000011,MER-00053,IDEMP-00001244,SGD,8713,COMPLETED,2026-02-21 07:35:04,2026-02-21 07:40:34
TXN-00001245,ACC-000035,MER-00044,IDEMP-00001245,THB,15582,PENDING,2026-02-10 13:31:54,
TXN-00001246,ACC-000016,MER-00006,IDEMP-00001246,SGD,5568,COMPLETED,2026-01-28 08:56:05,2026-01-28 08:57:30
TXN-00001247,ACC-000313,MER-00079,IDEMP-00001247,THB,8885,PENDING,2026-01-11 11:20:10,
TXN-00001248,ACC-000227,MER-00075,IDEMP-00001248,SGD,2791,COMPLETED,2026-01-19 14:53:58,2026-01-19 14:59:00
TXN-00001249,ACC-000215,MER-00059,IDEMP-00001249,THB,2602,COMPLETED,2026-02-26 21:41:42,2026-02-26 21:49:56
TXN-00001250,ACC-000091,MER-00024,IDEMP-00001250,THB,5381,COMPLETED,2026-02-27 05:31:24,2026-02-27 05:39:51
TXN-00001251,ACC-000044,MER-00044,IDEMP-00001251,USD,2080,COMPLETED,2026-01-22 12:34:07,2026-01-22 12:35:40
TXN-00001252,ACC-000181,MER-00033,IDEMP-00001252,USD,3015,COMPLETED,2026-02-14 16:47:13,2026-02-14 16:55:00
TXN-00001253,ACC-000072,MER-00037,IDEMP-00001253,THB,8457,PENDING,2026-01-21 09:40:26,
TXN-00001254,ACC-000365,MER-00049,IDEMP-00001254,USD,16595,COMPLETED,2026-01-27 15:49:59,2026-01-27 15:57:11
TXN-00001255,ACC-000011,MER-00072,IDEMP-00001255,SGD,3126,DECLINED,2026-01-10 13:07:29,2026-01-10 13:14:40
TXN-00001256,ACC-000312,MER-00065,IDEMP-00001256,SGD,4561,DECLINED,2026-01-16 23:03:40,2026-01-16 23:09:43
TXN-00001257,ACC-000260,MER-00060,IDEMP-00001257,USD,3981,DECLINED,2026-02-28 04:20:20,2026-02-28 04:22:04
TXN-00001258,ACC-000178,MER-00073,IDEMP-00001258,SGD,1313,PENDING,2026-01-16 04:04:07,
TXN-00001259,ACC-000302,MER-00010,IDEMP-00001259,THB,8930,COMPLETED,2026-02-15 02:53:11,2026-02-15 02:54:14
TXN-00001260,ACC-000019,MER-00018,IDEMP-00001260,SGD,9496,COMPLETED,2026-01-04 14:12:05,2026-01-04 14:17:09
TXN-00001261,ACC-000274,MER-00071,IDEMP-00001261,USD,9521,COMPLETED,2026-01-26 19:09:06,2026-01-26 19:14:25
TXN-00001262,ACC-000272,MER-00048,IDEMP-00001262,THB,4709,DECLINED,2026-02-01 05:18:27,2026-02-01 05:25:40
TXN-00001263,ACC-000303,MER-00033,IDEMP-00001263,SGD,8767,CANCELLED,2026-02-15 16:29:26,2026-02-15 16:31:34
TXN-00001264,ACC-000087,MER-00020,IDEMP-00001264,THB,2519,COMPLETED,2026-02-13 02:53:51,2026-02-13 02:56:27
TXN-00001265,ACC-000208,MER-00029,IDEMP-00001265,USD,7258,COMPLETED,2026-01-24 21:45:14,2026-01-24 21:52:01
TXN-00001266,ACC-000230,MER-00077,IDEMP-00001266,THB,4164,CANCELLED,2026-01-31 08:44:23,2026-01-31 08:50:02
TXN-00001267,ACC-000212,MER-00037,IDEMP-00001267,THB,6900,CANCELLED,2026-01-04 03:13:05,2026-01-04 03:17:50
TXN-00001268,ACC-000057,MER-00010,IDEMP-00001268,THB,9820,COMPLETED,2026-03-01 09:29:21,2026-03-01 09:35:51
TXN-00001269,ACC-000419,MER-00022,IDEMP-00001269,SGD,36944,COMPLETED,2026-01-01 10:31:26,2026-01-01 10:31:47
TXN-00001270,ACC-000342,MER-00011,IDEMP-00001270,USD,10136,COMPLETED,2026-02-18 13:34:30,2026-02-18 13:39:18
TXN-00001271,ACC-000104,MER-00025,IDEMP-00001271,THB,30394,COMPLETED,2026-01-01 06:28:15,2026-01-01 06:28:49
TXN-00001272,ACC-000220,MER-00024,IDEMP-00001272,SGD,2953,COMPLETED,2026-01-14 14:58:16,2026-01-14 15:01:26
TXN-00001273,ACC-000148,MER-00006,IDEMP-00001273,USD,2430,COMPLETED,2026-02-21 01:46:17,2026-02-21 01:56:05
TXN-00001274,ACC-000389,MER-00052,IDEMP-00001274,THB,8705,CANCELLED,2026-02-08 07:52:42,2026-02-08 07:58:39
TXN-00001275,ACC-000217,MER-00064,IDEMP-00001275,SGD,10549,COMPLETED,2026-01-28 09:21:41,2026-01-28 09:22:14
TXN-00001276,ACC-000020,MER-00003,IDEMP-00001276,THB,8666,COMPLETED,2026-01-17 12:17:30,2026-01-17 12:18:32
TXN-00001277,ACC-000135,MER-00061,IDEMP-00001277,THB,1700,COMPLETED,2026-01-24 08:01:53,2026-01-24 08:08:14
TXN-00001278,ACC-000333,MER-00073,IDEMP-00001278,USD,11691,COMPLETED,2026-01-24 14:18:14,2026-01-24 14:24:21
TXN-00001279,ACC-000273,MER-00037,IDEMP-00001279,THB,12106,COMPLETED,2026-01-20 22:27:22,2026-01-20 22:36:01
TXN-00001280,ACC-000450,MER-00019,IDEMP-00001280,SGD,2012,COMPLETED,2026-02-20 18:54:26,2026-02-20 19:00:33
TXN-00001281,ACC-000089,MER-00076,IDEMP-00001281,USD,12126,COMPLETED,2026-02-26 03:43:04,2026-02-26 03:45:05
TXN-00001282,ACC-000370,MER-00025,IDEMP-00001282,THB,6998,PENDING,2026-01-21 05:12:04,
TXN-00001283,ACC-000359,MER-00072,IDEMP-00001283,THB,3204,COMPLETED,2026-02-26 04:42:15,2026-02-26 04:43:34
TXN-00001284,ACC-000245,MER-00076,IDEMP-00001284,USD,5302,CANCELLED,2026-01-25 09:03:36,2026-01-25 09:08:15
TXN-00001285,ACC-000221,MER-00026,IDEMP-00001285,USD,3214,CANCELLED,2026-02-25 21:25:37,2026-02-25 21:29:38
TXN-00001286,ACC-000111,MER-00075,IDEMP-00001286,SGD,4525,COMPLETED,2026-01-08 12:15:03,2026-01-08 12:17:12
TXN-00001287,ACC-000313,MER-00052,IDEMP-00001287,THB,4051,COMPLETED,2026-02-23 12:45:14,2026-02-23 12:46:28
TXN-00001288,ACC-000249,MER-00028,IDEMP-00001288,THB,8776,DECLINED,2026-01-28 14:28:20,2026-01-28 14:30:40
TXN-00001289,ACC-000387,MER-00034,IDEMP-00001289,USD,10467,COMPLETED,2026-01-09 12:24:15,2026-01-09 12:25:24
TXN-00001290,ACC-000135,MER-00064,IDEMP-00001290,THB,5995,COMPLETED,2026-02-27 14:20:11,2026-02-27 14:26:10
TXN-00001291,ACC-000061,MER-00044,IDEMP-00001291,SGD,2233,COMPLETED,2026-01-20 15:23:10,2026-01-20 15:33:04
TXN-00001292,ACC-000137,MER-00047,IDEMP-00001292,SGD,7936,COMPLETED,2026-01-31 13:34:58,2026-01-31 13:44:31
TXN-00001293,ACC-000200,MER-00013,IDEMP-00001293,USD,3953,DECLINED,2026-01-03 01:32:22,2026-01-03 01:35:25
TXN-00001294,ACC-000442,MER-00072,IDEMP-00001294,SGD,1737,COMPLETED,2026-02-16 19:42:37,2026-02-16 19:45:53
TXN-00001295,ACC-000256,MER-00072,IDEMP-00001295,THB,3825,DECLINED,2026-02-09 22:40:52,2026-02-09 22:44:33
TXN-00001296,ACC-000098,MER-00016,IDEMP-00001296,THB,16802,COMPLETED,2026-01-10 19:30:30,2026-01-10 19:32:17
TXN-00001297,ACC-000077,MER-00020,IDEMP-00001297,SGD,2507,DECLINED,2026-02-19 17:43:19,2026-02-19 17:49:08
TXN-00001298,ACC-000013,MER-00027,IDEMP-00001298,THB,115856,DECLINED,2026-02-02 01:16:57,2026-02-02 01:22:09
TXN-00001299,ACC-000323,MER-00042,IDEMP-00001299,USD,4610,COMPLETED,2026-02-17 09:58:31,2026-02-17 10:01:24
TXN-00001300,ACC-000150,MER-00001,IDEMP-00001300,SGD,14293,COMPLETED,2026-01-27 10:57:07,2026-01-27 10:59:32
TXN-00001301,ACC-000373,MER-00052,IDEMP-00001301,SGD,3002,COMPLETED,2026-01-28 20:11:13,2026-01-28 20:11:54
TXN-00001302,ACC-000263,MER-00053,IDEMP-00001302,SGD,6099,COMPLETED,2026-02-05 06:29:41,2026-02-05 06:37:23
TXN-00001303,ACC-000373,MER-00079,IDEMP-00001303,SGD,2838,COMPLETED,2026-02-06 20:41:25,2026-02-06 20:47:44
TXN-00001304,ACC-000382,MER-00057,IDEMP-00001304,USD,1014,COMPLETED,2026-01-13 05:13:01,2026-01-13 05:13:55
TXN-00001305,ACC-000290,MER-00035,IDEMP-00001305,USD,5520,COMPLETED,2026-02-16 23:28:01,2026-02-16 23:34:42
TXN-00001306,ACC-000221,MER-00044,IDEMP-00001306,USD,3789,DECLINED,2026-02-17 01:16:10,2026-02-17 01:23:37
TXN-00001307,ACC-000160,MER-00056,IDEMP-00001307,USD,11394,COMPLETED,2026-01-12 12:10:47,2026-01-12 12:15:58
TXN-00001308,ACC-000377,MER-00017,IDEMP-00001308,THB,1335,COMPLETED,2026-01-08 23:26:27,2026-01-08 23:36:19
TXN-00001309,ACC-000029,MER-00012,IDEMP-00001309,THB,4179,COMPLETED,2026-01-02 17:27:50,2026-01-02 17:32:27
TXN-00001310,ACC-000190,MER-00068,IDEMP-00001310,USD,6241,COMPLETED,2026-02-02 20:47:14,2026-02-02 20:48:02
TXN-00001311,ACC-000337,MER-00063,IDEMP-00001311,THB,5743,COMPLETED,2026-01-06 06:00:55,2026-01-06 06:02:46
TXN-00001312,ACC-000173,MER-00058,IDEMP-00001312,SGD,1126,PENDING,2026-01-27 21:35:13,
TXN-00001313,ACC-000240,MER-00074,IDEMP-00001313,USD,4073,CANCELLED,2026-02-10 17:25:19,2026-02-10 17:33:19
TXN-00001314,ACC-000058,MER-00080,IDEMP-00001314,SGD,16742,PENDING,2026-02-09 14:27:41,
TXN-00001315,ACC-000186,MER-00062,IDEMP-00001315,THB,6225,COMPLETED,2026-01-12 18:21:59,2026-01-12 18:24:02
TXN-00001316,ACC-000252,MER-00069,IDEMP-00001316,SGD,673,COMPLETED,2026-02-18 06:30:02,2026-02-18 06:36:37
TXN-00001317,ACC-000373,MER-00030,IDEMP-00001317,SGD,2541,COMPLETED,2026-01-18 10:38:59,2026-01-18 10:44:34
TXN-00001318,ACC-000255,MER-00063,IDEMP-00001318,SGD,445,COMPLETED,2026-02-04 13:20:25,2026-02-04 13:26:32
TXN-00001319,ACC-000442,MER-00016,IDEMP-00001319,SGD,813,COMPLETED,2026-02-10 15:22:15,2026-02-10 15:23:43
TXN-00001320,ACC-000092,MER-00041,IDEMP-00001320,SGD,5927,COMPLETED,2026-02-17 23:42:34,2026-02-17 23:42:35
TXN-00001321,ACC-000212,MER-00054,IDEMP-00001321,THB,10882,COMPLETED,2026-02-20 03:06:33,2026-02-20 03:09:48
TXN-00001322,ACC-000383,MER-00080,IDEMP-00001322,USD,3236,COMPLETED,2026-01-01 02:15:41,2026-01-01 02:16:01
TXN-00001323,ACC-000120,MER-00062,IDEMP-00001323,THB,8616,COMPLETED,2026-01-12 02:20:34,2026-01-12 02:25:34
TXN-00001324,ACC-000165,MER-00066,IDEMP-00001324,THB,4090,COMPLETED,2026-01-16 10:55:38,2026-01-16 10:58:23
TXN-00001325,ACC-000350,MER-00026,IDEMP-00001325,THB,7502,COMPLETED,2026-01-11 02:44:17,2026-01-11 02:48:29
TXN-00001326,ACC-000316,MER-00066,IDEMP-00001326,SGD,19355,COMPLETED,2026-02-28 05:33:31,2026-02-28 05:41:36
TXN-00001327,ACC-000427,MER-00079,IDEMP-00001327,THB,17993,COMPLETED,2026-02-12 05:55:41,2026-02-12 05:59:50
TXN-00001328,ACC-000082,MER-00058,IDEMP-00001328,USD,5786,COMPLETED,2026-01-02 17:31:28,2026-01-02 17:33:28
TXN-00001329,ACC-000356,MER-00080,IDEMP-00001329,SGD,2885,COMPLETED,2026-02-26 20:24:36,2026-02-26 20:29:53
TXN-00001330,ACC-000304,MER-00051,IDEMP-00001330,SGD,12065,COMPLETED,2026-01-27 16:29:28,2026-01-27 16:36:28
TXN-00001331,ACC-000418,MER-00065,IDEMP-00001331,USD,2555,COMPLETED,2026-02-07 03:17:53,2026-02-07 03:23:22
TXN-00001332,ACC-000440,MER-00008,IDEMP-00001332,SGD,3992,COMPLETED,2026-02-21 16:39:15,2026-02-21 16:40:56
TXN-00001333,ACC-000320,MER-00062,IDEMP-00001333,USD,29772,CANCELLED,2026-01-19 01:18:21,2026-01-19 01:18:30
TXN-00001334,ACC-000403,MER-00055,IDEMP-00001334,USD,16383,CANCELLED,2026-02-04 15:28:48,2026-02-04 15:36:48
TXN-00001335,ACC-000416,MER-00016,IDEMP-00001335,THB,2230,COMPLETED,2026-01-10 04:55:29,2026-01-10 05:02:43
TXN-00001336,ACC-000392,MER-00042,IDEMP-00001336,SGD,25236,COMPLETED,2026-01-27 02:10:10,2026-01-27 02:14:02
TXN-00001337,ACC-000078,MER-00032,IDEMP-00001337,SGD,4891,COMPLETED,2026-01-12 21:07:05,2026-01-12 21:16:38
TXN-00001338,ACC-000165,MER-00007,IDEMP-00001338,THB,3211,COMPLETED,2026-01-09 19:52:56,2026-01-09 19:56:20
TXN-00001339,ACC-000050,MER-00031,IDEMP-00001339,SGD,4974,COMPLETED,2026-02-08 17:26:37,2026-02-08 17:28:44
TXN-00001340,ACC-000134,MER-00079,IDEMP-00001340,THB,17115,COMPLETED,2026-02-04 14:32:24,2026-02-04 14:38:34
TXN-00001341,ACC-000097,MER-00048,IDEMP-00001341,SGD,1983,COMPLETED,2026-01-14 21:23:13,2026-01-14 21:29:00
TXN-00001342,ACC-000042,MER-00053,IDEMP-00001342,THB,12932,DECLINED,2026-02-08 08:50:50,2026-02-08 08:52:33
TXN-00001343,ACC-000185,MER-00053,IDEMP-00001343,USD,3647,COMPLETED,2026-02-17 13:30:26,2026-02-17 13:30:30
TXN-00001344,ACC-000095,MER-00072,IDEMP-00001344,USD,24672,DECLINED,2026-03-01 19:13:44,2026-03-01 19:18:57
TXN-00001345,ACC-000429,MER-00024,IDEMP-00001345,USD,7297,DECLINED,2026-01-21 13:01:04,2026-01-21 13:03:54
TXN-00001346,ACC-000272,MER-00072,IDEMP-00001346,THB,3365,COMPLETED,2026-02-17 10:24:40,2026-02-17 10:26:44
TXN-00001347,ACC-000228,MER-00048,IDEMP-00001347,THB,34788,COMPLETED,2026-01-22 18:11:24,2026-01-22 18:16:31
TXN-00001348,ACC-000219,MER-00026,IDEMP-00001348,SGD,338,COMPLETED,2026-01-04 11:34:42,2026-01-04 11:37:42
TXN-00001349,ACC-000292,MER-00044,IDEMP-00001349,THB,5611,COMPLETED,2026-01-02 16:39:07,2026-01-02 16:44:41
TXN-00001350,ACC-000341,MER-00042,IDEMP-00001350,THB,1648,COMPLETED,2026-01-28 06:25:50,2026-01-28 06:26:23
TXN-00001351,ACC-000277,MER-00011,IDEMP-00001351,SGD,25662,COMPLETED,2026-01-17 13:29:40,2026-01-17 13:36:01
TXN-00001352,ACC-000044,MER-00076,IDEMP-00001352,USD,2717,COMPLETED,2026-01-20 03:56:18,2026-01-20 04:00:34
TXN-00001353,ACC-000049,MER-00072,IDEMP-00001353,USD,3619,COMPLETED,2026-02-10 14:07:15,2026-02-10 14:08:34
TXN-00001354,ACC-000200,MER-00003,IDEMP-00001354,USD,8708,COMPLETED,2026-01-16 22:17:30,2026-01-16 22:24:41
TXN-00001355,ACC-000366,MER-00037,IDEMP-00001355,USD,2760,COMPLETED,2026-02-27 05:05:34,2026-02-27 05:05:44
TXN-00001356,ACC-000226,MER-00026,IDEMP-00001356,THB,7346,COMPLETED,2026-02-19 02:50:51,2026-02-19 02:53:52
TXN-00001357,ACC-000388,MER-00071,IDEMP-00001357,USD,975,COMPLETED,2026-02-04 14:31:23,2026-02-04 14:32:16
TXN-00001358,ACC-000396,MER-00043,IDEMP-00001358,THB,1892,COMPLETED,2026-02-10 06:13:49,2026-02-10 06:17:08
TXN-00001359,ACC-000262,MER-00002,IDEMP-00001359,THB,2462,COMPLETED,2026-01-27 03:53:04,2026-01-27 03:53:42
TXN-00001360,ACC-000398,MER-00039,IDEMP-00001360,THB,6374,COMPLETED,2026-02-20 16:52:19,2026-02-20 16:57:32
TXN-00001361,ACC-000030,MER-00064,IDEMP-00001361,SGD,15651,COMPLETED,2026-02-17 12:13:12,2026-02-17 12:22:22
TXN-00001362,ACC-000366,MER-00073,IDEMP-00001362,USD,9015,COMPLETED,2026-01-08 22:10:11,2026-01-08 22:12:14
TXN-00001363,ACC-000073,MER-00024,IDEMP-00001363,THB,1539,COMPLETED,2026-01-11 23:02:10,2026-01-11 23:09:51
TXN-00001364,ACC-000103,MER-00041,IDEMP-00001364,USD,4482,COMPLETED,2026-01-29 07:33:31,2026-01-29 07:34:21
TXN-00001365,ACC-000393,MER-00062,IDEMP-00001365,THB,3394,COMPLETED,2026-01-12 00:06:30,2026-01-12 00:15:28
TXN-00001366,ACC-000045,MER-00049,IDEMP-00001366,THB,7600,COMPLETED,2026-01-02 18:56:16,2026-01-02 18:59:59
TXN-00001367,ACC-000429,MER-00033,IDEMP-00001367,USD,2256,COMPLETED,2026-01-10 01:21:23,2026-01-10 01:22:12
TXN-00001368,ACC-000358,MER-00052,IDEMP-00001368,THB,63001,COMPLETED,2026-02-25 14:07:34,2026-02-25 14:15:27
TXN-00001369,ACC-000081,MER-00003,IDEMP-00001369,USD,1969,COMPLETED,2026-02-09 17:20:04,2026-02-09 17:25:46
TXN-00001370,ACC-000079,MER-00073,IDEMP-00001370,SGD,6421,COMPLETED,2026-02-27 04:38:04,2026-02-27 04:46:19
TXN-00001371,ACC-000228,MER-00007,IDEMP-00001371,THB,2729,COMPLETED,2026-01-10 09:40:42,2026-01-10 09:41:58
TXN-00001372,ACC-000189,MER-00055,IDEMP-00001372,SGD,16886,COMPLETED,2026-01-13 09:58:59,2026-01-13 09:59:41
TXN-00001373,ACC-000184,MER-00064,IDEMP-00001373,SGD,2220,COMPLETED,2026-01-14 13:22:47,2026-01-14 13:25:18
TXN-00001374,ACC-000390,MER-00015,IDEMP-00001374,SGD,1348,COMPLETED,2026-01-13 13:57:07,2026-01-13 14:06:18
TXN-00001375,ACC-000378,MER-00070,IDEMP-00001375,USD,5400,COMPLETED,2026-01-03 01:14:47,2026-01-03 01:24:15
TXN-00001376,ACC-000421,MER-00032,IDEMP-00001376,SGD,7174,COMPLETED,2026-01-16 10:05:10,2026-01-16 10:09:08
TXN-00001377,ACC-000276,MER-00035,IDEMP-00001377,USD,2370,COMPLETED,2026-02-24 17:29:37,2026-02-24 17:31:37
TXN-00001378,ACC-000032,MER-00043,IDEMP-00001378,SGD,1271,COMPLETED,2026-02-17 05:00:00,2026-02-17 05:01:40
TXN-00001379,ACC-000346,MER-00078,IDEMP-00001379,THB,7451,COMPLETED,2026-02-06 17:42:47,2026-02-06 17:49:28
TXN-00001380,ACC-000310,MER-00072,IDEMP-00001380,THB,12569,COMPLETED,2026-01-28 07:47:16,2026-01-28 07:47:22
TXN-00001381,ACC-000222,MER-00075,IDEMP-00001381,USD,4056,COMPLETED,2026-02-04 04:08:36,2026-02-04 04:16:11
TXN-00001382,ACC-000209,MER-00054,IDEMP-00001382,USD,2866,COMPLETED,2026-01-05 18:53:56,2026-01-05 18:59:41
TXN-00001383,ACC-000147,MER-00038,IDEMP-00001383,USD,9762,COMPLETED,2026-02-27 10:14:08,2026-02-27 10:16:26
TXN-00001384,ACC-000039,MER-00059,IDEMP-00001384,USD,6942,COMPLETED,2026-01-06 17:42:01,2026-01-06 17:49:36
TXN-00001385,ACC-000102,MER-00033,IDEMP-00001385,THB,9144,COMPLETED,2026-02-05 05:56:03,2026-02-05 06:02:36
TXN-00001386,ACC-000408,MER-00070,IDEMP-00001386,THB,6272,COMPLETED,2026-02-21 05:19:38,2026-02-21 05:25:16
TXN-00001387,ACC-000323,MER-00030,IDEMP-00001387,USD,6269,COMPLETED,2026-02-21 11:10:54,2026-02-21 11:16:27
TXN-00001388,ACC-000324,MER-00023,IDEMP-00001388,THB,1902,COMPLETED,2026-02-26 00:03:17,2026-02-26 00:08:26
TXN-00001389,ACC-000136,MER-00076,IDEMP-00001389,SGD,17158,DECLINED,2026-01-02 05:52:43,2026-01-02 05:53:54
TXN-00001390,ACC-000219,MER-00032,IDEMP-00001390,SGD,3623,COMPLETED,2026-01-16 11:16:20,2026-01-16 11:18:04
TXN-00001391,ACC-000090,MER-00026,IDEMP-00001391,THB,67548,COMPLETED,2026-01-22 13:03:11,2026-01-22 13:08:08
TXN-00001392,ACC-000239,MER-00037,IDEMP-00001392,USD,1939,COMPLETED,2026-02-18 15:51:54,2026-02-18 15:57:47
TXN-00001393,ACC-000351,MER-00027,IDEMP-00001393,USD,1225,COMPLETED,2026-02-14 02:02:36,2026-02-14 02:02:45
TXN-00001394,ACC-000027,MER-00023,IDEMP-00001394,SGD,7304,COMPLETED,2026-01-29 02:24:43,2026-01-29 02:34:22
TXN-00001395,ACC-000042,MER-00044,IDEMP-00001395,THB,1222,COMPLETED,2026-01-19 15:23:19,2026-01-19 15:30:44
TXN-00001396,ACC-000299,MER-00047,IDEMP-00001396,THB,2356,COMPLETED,2026-01-20 02:16:47,2026-01-20 02:17:44
TXN-00001397,ACC-000240,MER-00005,IDEMP-00001397,USD,3155,CANCELLED,2026-02-19 06:20:48,2026-02-19 06:22:01
TXN-00001398,ACC-000296,MER-00036,IDEMP-00001398,USD,4762,CANCELLED,2026-01-31 07:28:02,2026-01-31 07:28:04
TXN-00001399,ACC-000130,MER-00059,IDEMP-00001399,SGD,14888,COMPLETED,2026-01-20 15:10:40,2026-01-20 15:15:54
TXN-00001400,ACC-000197,MER-00026,IDEMP-00001400,USD,9437,COMPLETED,2026-02-25 22:32:39,2026-02-25 22:38:19
TXN-00001401,ACC-000245,MER-00045,IDEMP-00001401,USD,6092,COMPLETED,2026-02-12 06:51:45,2026-02-12 06:55:40
TXN-00001402,ACC-000365,MER-00004,IDEMP-00001402,USD,3650,COMPLETED,2026-01-12 03:16:06,2026-01-12 03:24:09
TXN-00001403,ACC-000378,MER-00020,IDEMP-00001403,USD,6058,COMPLETED,2026-02-19 03:27:22,2026-02-19 03:28:46
TXN-00001404,ACC-000241,MER-00017,IDEMP-00001404,THB,11079,PENDING,2026-02-27 05:03:26,
TXN-00001405,ACC-000273,MER-00039,IDEMP-00001405,THB,1950,COMPLETED,2026-01-16 11:35:02,2026-01-16 11:42:08
TXN-00001406,ACC-000244,MER-00060,IDEMP-00001406,USD,10401,COMPLETED,2026-01-30 20:32:11,2026-01-30 20:34:51
TXN-00001407,ACC-000387,MER-00023,IDEMP-00001407,USD,3454,COMPLETED,2026-02-09 23:32:47,2026-02-09 23:37:10
TXN-00001408,ACC-000110,MER-00042,IDEMP-00001408,USD,6074,COMPLETED,2026-01-27 15:16:24,2026-01-27 15:20:40
TXN-00001409,ACC-000060,MER-00006,IDEMP-00001409,SGD,22188,COMPLETED,2026-02-12 11:29:27,2026-02-12 11:34:52
TXN-00001410,ACC-000354,MER-00019,IDEMP-00001410,USD,8991,COMPLETED,2026-01-25 04:39:52,2026-01-25 04:47:51
TXN-00001411,ACC-000009,MER-00025,IDEMP-00001411,SGD,1131,COMPLETED,2026-02-25 13:58:49,2026-02-25 14:05:24
TXN-00001412,ACC-000085,MER-00050,IDEMP-00001412,USD,3733,COMPLETED,2026-01-20 18:34:31,2026-01-20 18:43:28
TXN-00001413,ACC-000418,MER-00045,IDEMP-00001413,USD,2816,COMPLETED,2026-01-05 19:00:07,2026-01-05 19:09:12
TXN-00001414,ACC-000076,MER-00069,IDEMP-00001414,USD,3309,COMPLETED,2026-01-31 23:43:43,2026-01-31 23:51:24
TXN-00001415,ACC-000292,MER-00002,IDEMP-00001415,THB,3832,CANCELLED,2026-01-04 07:05:31,2026-01-04 07:11:06
TXN-00001416,ACC-000159,MER-00011,IDEMP-00001416,USD,7595,COMPLETED,2026-01-22 14:53:27,2026-01-22 14:59:34
TXN-00001417,ACC-000093,MER-00060,IDEMP-00001417,SGD,10847,COMPLETED,2026-01-28 06:07:46,2026-01-28 06:17:17
TXN-00001418,ACC-000055,MER-00064,IDEMP-00001418,THB,2628,COMPLETED,2026-02-25 06:44:18,2026-02-25 06:53:09
TXN-00001419,ACC-000197,MER-00060,IDEMP-00001419,USD,2639,COMPLETED,2026-01-30 05:05:00,2026-01-30 05:05:36
TXN-00001420,ACC-000086,MER-00063,IDEMP-00001420,SGD,4194,PENDING,2026-02-16 02:40:49,
TXN-00001421,ACC-000254,MER-00075,IDEMP-00001421,USD,4081,COMPLETED,2026-02-21 00:32:28,2026-02-21 00:32:57
TXN-00001422,ACC-000318,MER-00019,IDEMP-00001422,THB,5313,COMPLETED,2026-01-26 19:08:09,2026-01-26 19:13:57
TXN-00001423,ACC-000067,MER-00065,IDEMP-00001423,THB,2080,COMPLETED,2026-01-19 20:06:19,2026-01-19 20:10:54
TXN-00001424,ACC-000141,MER-00078,IDEMP-00001424,USD,6762,COMPLETED,2026-01-01 15:07:56,2026-01-01 15:10:51
TXN-00001425,ACC-000383,MER-00006,IDEMP-00001425,USD,5533,COMPLETED,2026-01-20 05:46:21,2026-01-20 05:52:18
TXN-00001426,ACC-000446,MER-00044,IDEMP-00001426,THB,7155,COMPLETED,2026-01-19 06:20:23,2026-01-19 06:27:10
TXN-00001427,ACC-000004,MER-00055,IDEMP-00001427,THB,76421,PENDING,2026-01-17 06:59:22,
TXN-00001428,ACC-000129,MER-00025,IDEMP-00001428,SGD,2317,COMPLETED,2026-02-27 16:01:56,2026-02-27 16:11:13
TXN-00001429,ACC-000233,MER-00064,IDEMP-00001429,USD,7298,COMPLETED,2026-01-06 19:47:31,2026-01-06 19:52:48
TXN-00001430,ACC-000250,MER-00064,IDEMP-00001430,SGD,735,COMPLETED,2026-01-21 11:18:34,2026-01-21 11:19:09
TXN-00001431,ACC-000127,MER-00006,IDEMP-00001431,SGD,3668,COMPLETED,2026-01-06 01:18:51,2026-01-06 01:24:31
TXN-00001432,ACC-000427,MER-00037,IDEMP-00001432,THB,3503,DECLINED,2026-02-25 17:28:32,2026-02-25 17:36:06
TXN-00001433,ACC-000389,MER-00050,IDEMP-00001433,THB,8201,COMPLETED,2026-03-01 21:29:22,2026-03-01 21:30:31
TXN-00001434,ACC-000378,MER-00054,IDEMP-00001434,USD,30791,COMPLETED,2026-02-06 04:30:14,2026-02-06 04:38:41
TXN-00001435,ACC-000048,MER-00041,IDEMP-00001435,THB,5978,DECLINED,2026-01-31 17:08:19,2026-01-31 17:10:17
TXN-00001436,ACC-000358,MER-00003,IDEMP-00001436,THB,12371,COMPLETED,2026-02-10 08:21:30,2026-02-10 08:25:58
TXN-00001437,ACC-000322,MER-00033,IDEMP-00001437,SGD,40179,COMPLETED,2026-01-23 10:40:18,2026-01-23 10:40:35
TXN-00001438,ACC-000445,MER-00012,IDEMP-00001438,SGD,3558,DECLINED,2026-01-10 15:40:07,2026-01-10 15:42:07
TXN-00001439,ACC-000290,MER-00046,IDEMP-00001439,USD,17074,COMPLETED,2026-01-30 02:11:02,2026-01-30 02:19:17
TXN-00001440,ACC-000146,MER-00057,IDEMP-00001440,USD,3548,PENDING,2026-01-28 10:57:09,
TXN-00001441,ACC-000218,MER-00055,IDEMP-00001441,USD,14963,COMPLETED,2026-02-08 14:00:37,2026-02-08 14:04:02
TXN-00001442,ACC-000189,MER-00026,IDEMP-00001442,SGD,3086,COMPLETED,2026-01-27 12:19:54,2026-01-27 12:26:51
TXN-00001443,ACC-000200,MER-00074,IDEMP-00001443,USD,4571,COMPLETED,2026-01-22 06:52:42,2026-01-22 07:00:19
TXN-00001444,ACC-000220,MER-00011,IDEMP-00001444,SGD,1053,PENDING,2026-02-12 23:37:26,
TXN-00001445,ACC-000232,MER-00034,IDEMP-00001445,SGD,13770,COMPLETED,2026-02-19 12:17:00,2026-02-19 12:25:18
TXN-00001446,ACC-000266,MER-00039,IDEMP-00001446,THB,6531,DECLINED,2026-02-19 17:43:23,2026-02-19 17:52:15
TXN-00001447,ACC-000210,MER-00035,IDEMP-00001447,USD,2720,COMPLETED,2026-01-23 03:51:44,2026-01-23 03:55:14
TXN-00001448,ACC-000094,MER-00004,IDEMP-00001448,SGD,4015,COMPLETED,2026-02-11 22:59:00,2026-02-11 23:06:52
TXN-00001449,ACC-000016,MER-00018,IDEMP-00001449,SGD,10721,COMPLETED,2026-01-26 18:21:26,2026-01-26 18:30:35
TXN-00001450,ACC-000446,MER-00021,IDEMP-00001450,THB,19754,COMPLETED,2026-01-03 00:19:24,2026-01-03 00:22:29
TXN-00001451,ACC-000389,MER-00033,IDEMP-00001451,THB,7135,PENDING,2026-01-15 08:59:46,
TXN-00001452,ACC-000210,MER-00007,IDEMP-00001452,USD,1785,COMPLETED,2026-02-03 18:51:48,2026-02-03 18:58:21
TXN-00001453,ACC-000368,MER-00073,IDEMP-00001453,THB,2115,COMPLETED,2026-01-20 08:21:31,2026-01-20 08:24:51
TXN-00001454,ACC-000318,MER-00030,IDEMP-00001454,THB,6489,COMPLETED,2026-02-05 01:41:27,2026-02-05 01:48:31
TXN-00001455,ACC-000064,MER-00054,IDEMP-00001455,SGD,4294,COMPLETED,2026-01-27 14:29:13,2026-01-27 14:34:05
TXN-00001456,ACC-000005,MER-00005,IDEMP-00001456,THB,6172,COMPLETED,2026-01-15 18:51:03,2026-01-15 18:51:35
TXN-00001457,ACC-000372,MER-00016,IDEMP-00001457,SGD,13154,COMPLETED,2026-01-18 07:23:08,2026-01-18 07:24:55
TXN-00001458,ACC-000050,MER-00051,IDEMP-00001458,SGD,19139,CANCELLED,2026-02-28 01:55:19,2026-02-28 02:01:46
TXN-00001459,ACC-000039,MER-00046,IDEMP-00001459,USD,8811,COMPLETED,2026-02-07 18:55:49,2026-02-07 18:58:31
TXN-00001460,ACC-000183,MER-00009,IDEMP-00001460,SGD,2286,COMPLETED,2026-02-07 18:49:58,2026-02-07 18:50:15
TXN-00001461,ACC-000002,MER-00054,IDEMP-00001461,USD,3548,COMPLETED,2026-02-23 05:14:50,2026-02-23 05:17:45
TXN-00001462,ACC-000087,MER-00020,IDEMP-00001462,THB,3352,DECLINED,2026-01-04 20:45:23,2026-01-04 20:51:49
TXN-00001463,ACC-000056,MER-00038,IDEMP-00001463,USD,3737,COMPLETED,2026-01-13 08:14:45,2026-01-13 08:24:34
TXN-00001464,ACC-000112,MER-00001,IDEMP-00001464,SGD,2016,COMPLETED,2026-02-11 18:55:09,2026-02-11 19:01:12
TXN-00001465,ACC-000332,MER-00041,IDEMP-00001465,THB,3754,COMPLETED,2026-01-03 15:16:37,2026-01-03 15:17:00
TXN-00001466,ACC-000013,MER-00021,IDEMP-00001466,THB,28630,COMPLETED,2026-01-22 19:39:28,2026-01-22 19:49:26
TXN-00001467,ACC-000012,MER-00023,IDEMP-00001467,SGD,6402,COMPLETED,2026-01-22 07:44:07,2026-01-22 07:50:16
TXN-00001468,ACC-000285,MER-00001,IDEMP-00001468,SGD,13313,COMPLETED,2026-01-03 13:16:46,2026-01-03 13:23:41
TXN-00001469,ACC-000343,MER-00044,IDEMP-00001469,THB,14294,COMPLETED,2026-01-03 23:02:11,2026-01-03 23:07:44
TXN-00001470,ACC-000422,MER-00014,IDEMP-00001470,THB,4505,CANCELLED,2026-01-04 07:01:55,2026-01-04 07:11:06
TXN-00001471,ACC-000341,MER-00051,IDEMP-00001471,THB,6833,CANCELLED,2026-02-28 04:31:40,2026-02-28 04:38:10
TXN-00001472,ACC-000040,MER-00053,IDEMP-00001472,USD,8239,COMPLETED,2026-01-21 17:41:00,2026-01-21 17:44:34
TXN-00001473,ACC-000211,MER-00059,IDEMP-00001473,USD,1785,COMPLETED,2026-02-13 12:15:54,2026-02-13 12:23:51
TXN-00001474,ACC-000244,MER-00019,IDEMP-00001474,USD,11431,COMPLETED,2026-01-18 14:10:13,2026-01-18 14:18:41
TXN-00001475,ACC-000397,MER-00058,IDEMP-00001475,THB,1871,CANCELLED,2026-02-18 21:57:43,2026-02-18 22:02:34
TXN-00001476,ACC-000387,MER-00035,IDEMP-00001476,USD,5705,COMPLETED,2026-01-04 17:47:03,2026-01-04 17:53:05
TXN-00001477,ACC-000032,MER-00035,IDEMP-00001477,SGD,4412,COMPLETED,2026-01-31 17:53:07,2026-01-31 18:02:11
TXN-00001478,ACC-000435,MER-00058,IDEMP-00001478,SGD,7060,DECLINED,2026-01-05 04:54:12,2026-01-05 05:03:18
TXN-00001479,ACC-000068,MER-00030,IDEMP-00001479,USD,6444,COMPLETED,2026-01-02 05:19:01,2026-01-02 05:26:32
TXN-00001480,ACC-000083,MER-00073,IDEMP-00001480,USD,20532,COMPLETED,2026-02-11 19:07:03,2026-02-11 19:12:47
TXN-00001481,ACC-000234,MER-00047,IDEMP-00001481,SGD,2189,DECLINED,2026-01-31 21:18:40,2026-01-31 21:18:53
TXN-00001482,ACC-000411,MER-00049,IDEMP-00001482,THB,1700,COMPLETED,2026-02-19 11:49:14,2026-02-19 11:49:38
TXN-00001483,ACC-000352,MER-00016,IDEMP-00001483,SGD,5503,COMPLETED,2026-02-07 19:34:01,2026-02-07 19:35:59
TXN-00001484,ACC-000141,MER-00030,IDEMP-00001484,USD,679,PENDING,2026-01-21 03:58:15,
TXN-00001485,ACC-000316,MER-00035,IDEMP-00001485,SGD,21294,COMPLETED,2026-01-02 10:01:13,2026-01-02 10:02:48
TXN-00001486,ACC-000139,MER-00001,IDEMP-00001486,SGD,4434,COMPLETED,2026-01-09 13:50:09,2026-01-09 13:58:50
TXN-00001487,ACC-000436,MER-00022,IDEMP-00001487,SGD,2448,COMPLETED,2026-02-16 20:28:56,2026-02-16 20:36:02
TXN-00001488,ACC-000031,MER-00052,IDEMP-00001488,THB,5103,PENDING,2026-01-22 19:37:29,
TXN-00001489,ACC-000402,MER-00076,IDEMP-00001489,USD,1874,COMPLETED,2026-01-16 11:37:17,2026-01-16 11:39:15
TXN-00001490,ACC-000400,MER-00051,IDEMP-00001490,SGD,10772,PENDING,2026-01-13 23:10:07,
TXN-00001491,ACC-000063,MER-00074,IDEMP-00001491,THB,4397,COMPLETED,2026-01-07 01:14:32,2026-01-07 01:22:10
TXN-00001492,ACC-000071,MER-00079,IDEMP-00001492,USD,21781,COMPLETED,2026-02-10 16:16:28,2026-02-10 16:26:18
TXN-00001493,ACC-000044,MER-00068,IDEMP-00001493,USD,4776,COMPLETED,2026-01-13 11:28:29,2026-01-13 11:34:29
TXN-00001494,ACC-000369,MER-00050,IDEMP-00001494,USD,7024,COMPLETED,2026-01-12 03:16:38,2026-01-12 03:17:19
TXN-00001495,ACC-000336,MER-00026,IDEMP-00001495,THB,13448,COMPLETED,2026-01-31 04:13:38,2026-01-31 04:15:47
TXN-00001496,ACC-000275,MER-00029,IDEMP-00001496,SGD,14317,COMPLETED,2026-02-21 12:51:07,2026-02-21 12:59:21
TXN-00001497,ACC-000372,MER-00074,IDEMP-00001497,SGD,1243,COMPLETED,2026-01-10 04:59:50,2026-01-10 05:06:10
TXN-00001498,ACC-000081,MER-00072,IDEMP-00001498,USD,10868,COMPLETED,2026-01-21 17:48:32,2026-01-21 17:50:38
TXN-00001499,ACC-000313,MER-00071,IDEMP-00001499,THB,13918,COMPLETED,2026-01-24 16:28:08,2026-01-24 16:33:01
TXN-00001500,ACC-000275,MER-00036,IDEMP-00001500,SGD,5531,COMPLETED,2026-01-06 22:56:45,2026-01-06 22:57:38
TXN-00001501,ACC-000361,MER-00080,IDEMP-00001501,USD,4758,COMPLETED,2026-02-25 14:20:51,2026-02-25 14:22:57
TXN-00001502,ACC-000231,MER-00006,IDEMP-00001502,USD,1526,COMPLETED,2026-02-17 17:56:13,2026-02-17 17:56:54
TXN-00001503,ACC-000220,MER-00012,IDEMP-00001503,SGD,7293,COMPLETED,2026-01-10 03:51:20,2026-01-10 03:55:14
TXN-00001504,ACC-000413,MER-00057,IDEMP-00001504,USD,2385,COMPLETED,2026-03-01 03:22:49,2026-03-01 03:29:18
TXN-00001505,ACC-000311,MER-00038,IDEMP-00001505,USD,1415,COMPLETED,2026-02-15 19:25:21,2026-02-15 19:30:00
TXN-00001506,ACC-000396,MER-00031,IDEMP-00001506,THB,1880,COMPLETED,2026-02-18 00:43:18,2026-02-18 00:43:40
TXN-00001507,ACC-000142,MER-00009,IDEMP-00001507,THB,5068,COMPLETED,2026-01-29 10:12:27,2026-01-29 10:16:08
TXN-00001508,ACC-000254,MER-00035,IDEMP-00001508,USD,595,COMPLETED,2026-01-02 00:54:42,2026-01-02 01:00:16
TXN-00001509,ACC-000133,MER-00059,IDEMP-00001509,USD,6012,COMPLETED,2026-01-10 18:32:15,2026-01-10 18:35:55
TXN-00001510,ACC-000038,MER-00080,IDEMP-00001510,THB,2305,COMPLETED,2026-02-17 08:51:46,2026-02-17 08:51:49
TXN-00001511,ACC-000084,MER-00049,IDEMP-00001511,USD,3154,COMPLETED,2026-02-11 12:28:37,2026-02-11 12:35:06
TXN-00001512,ACC-000431,MER-00040,IDEMP-00001512,SGD,7270,COMPLETED,2026-02-28 10:45:37,2026-02-28 10:54:32
TXN-00001513,ACC-000316,MER-00034,IDEMP-00001513,SGD,4372,COMPLETED,2026-02-28 23:38:36,2026-02-28 23:42:26
TXN-00001514,ACC-000392,MER-00076,IDEMP-00001514,SGD,5928,COMPLETED,2026-02-04 17:15:53,2026-02-04 17:17:02
TXN-00001515,ACC-000357,MER-00073,IDEMP-00001515,SGD,6555,DECLINED,2026-01-22 08:24:44,2026-01-22 08:26:02
TXN-00001516,ACC-000360,MER-00010,IDEMP-00001516,THB,8009,COMPLETED,2026-01-12 20:40:37,2026-01-12 20:47:55
TXN-00001517,ACC-000189,MER-00021,IDEMP-00001517,SGD,997,COMPLETED,2026-02-03 07:30:06,2026-02-03 07:36:30
TXN-00001518,ACC-000406,MER-00052,IDEMP-00001518,THB,982,COMPLETED,2026-01-17 13:23:53,2026-01-17 13:28:03
TXN-00001519,ACC-000040,MER-00059,IDEMP-00001519,USD,2842,COMPLETED,2026-01-23 19:29:50,2026-01-23 19:35:33
TXN-00001520,ACC-000109,MER-00056,IDEMP-00001520,THB,5859,COMPLETED,2026-01-13 13:59:45,2026-01-13 14:09:19
TXN-00001521,ACC-000385,MER-00038,IDEMP-00001521,THB,4436,COMPLETED,2026-01-25 02:31:12,2026-01-25 02:37:03
TXN-00001522,ACC-000321,MER-00070,IDEMP-00001522,THB,4974,COMPLETED,2026-01-20 19:37:59,2026-01-20 19:46:29
TXN-00001523,ACC-000259,MER-00057,IDEMP-00001523,THB,601,COMPLETED,2026-01-11 11:56:27,2026-01-11 12:01:32
TXN-00001524,ACC-000035,MER-00029,IDEMP-00001524,THB,1316,DECLINED,2026-02-19 02:37:53,2026-02-19 02:41:27
TXN-00001525,ACC-000026,MER-00071,IDEMP-00001525,USD,6312,COMPLETED,2026-02-23 15:50:51,2026-02-23 15:53:38
TXN-00001526,ACC-000032,MER-00028,IDEMP-00001526,SGD,14737,COMPLETED,2026-01-15 23:42:18,2026-01-15 23:51:06
TXN-00001527,ACC-000330,MER-00019,IDEMP-00001527,USD,13486,COMPLETED,2026-02-28 14:46:55,2026-02-28 14:50:50
TXN-00001528,ACC-000408,MER-00009,IDEMP-00001528,THB,21406,PENDING,2026-01-31 17:01:16,
TXN-00001529,ACC-000227,MER-00042,IDEMP-00001529,SGD,2230,CANCELLED,2026-02-08 02:05:25,2026-02-08 02:07:18
TXN-00001530,ACC-000099,MER-00072,IDEMP-00001530,SGD,6721,COMPLETED,2026-02-06 01:37:34,2026-02-06 01:42:50
TXN-00001531,ACC-000028,MER-00046,IDEMP-00001531,SGD,6978,COMPLETED,2026-01-06 03:13:14,2026-01-06 03:20:53
TXN-00001532,ACC-000343,MER-00044,IDEMP-00001532,THB,26735,COMPLETED,2026-01-31 03:26:38,2026-01-31 03:32:39
TXN-00001533,ACC-000012,MER-00027,IDEMP-00001533,SGD,785,COMPLETED,2026-02-19 11:08:07,2026-02-19 11:17:57
TXN-00001534,ACC-000333,MER-00036,IDEMP-00001534,USD,3615,COMPLETED,2026-01-09 08:50:03,2026-01-09 08:50:37
TXN-00001535,ACC-000321,MER-00079,IDEMP-00001535,THB,15046,COMPLETED,2026-02-24 06:40:00,2026-02-24 06:40:56
TXN-00001536,ACC-000181,MER-00016,IDEMP-00001536,USD,9753,COMPLETED,2026-02-05 01:26:10,2026-02-05 01:35:30
TXN-00001537,ACC-000053,MER-00037,IDEMP-00001537,THB,2430,COMPLETED,2026-02-22 20:40:04,2026-02-22 20:46:22
TXN-00001538,ACC-000050,MER-00076,IDEMP-00001538,SGD,11966,COMPLETED,2026-01-15 04:41:28,2026-01-15 04:42:55
TXN-00001539,ACC-000127,MER-00009,IDEMP-00001539,SGD,8876,COMPLETED,2026-01-26 22:13:25,2026-01-26 22:13:38
TXN-00001540,ACC-000428,MER-00027,IDEMP-00001540,USD,5259,COMPLETED,2026-02-21 01:41:22,2026-02-21 01:44:48
TXN-00001541,ACC-000442,MER-00076,IDEMP-00001541,SGD,5811,COMPLETED,2026-01-06 13:45:58,2026-01-06 13:50:29
TXN-00001542,ACC-000245,MER-00072,IDEMP-00001542,USD,1777,COMPLETED,2026-02-20 09:07:20,2026-02-20 09:14:14
TXN-00001543,ACC-000296,MER-00045,IDEMP-00001543,USD,1891,COMPLETED,2026-01-28 04:57:40,2026-01-28 04:58:16
TXN-00001544,ACC-000094,MER-00080,IDEMP-00001544,SGD,446,COMPLETED,2026-01-02 08:11:12,2026-01-02 08:17:36
TXN-00001545,ACC-000309,MER-00042,IDEMP-00001545,SGD,5028,COMPLETED,2026-02-04 13:19:25,2026-02-04 13:27:10
TXN-00001546,ACC-000019,MER-00075,IDEMP-00001546,SGD,5932,DECLINED,2026-02-16 18:16:18,2026-02-16 18:20:53
TXN-00001547,ACC-000129,MER-00013,IDEMP-00001547,SGD,5077,COMPLETED,2026-02-05 18:21:51,2026-02-05 18:25:57
TXN-00001548,ACC-000022,MER-00045,IDEMP-00001548,SGD,20187,COMPLETED,2026-01-27 01:40:10,2026-01-27 01:42:24
TXN-00001549,ACC-000060,MER-00024,IDEMP-00001549,SGD,4562,COMPLETED,2026-02-19 18:20:40,2026-02-19 18:26:17
TXN-00001550,ACC-000177,MER-00023,IDEMP-00001550,USD,6234,DECLINED,2026-01-29 23:58:43,2026-01-30 00:08:14
TXN-00001551,ACC-000180,MER-00020,IDEMP-00001551,SGD,5904,COMPLETED,2026-02-11 14:23:40,2026-02-11 14:29:51
TXN-00001552,ACC-000145,MER-00012,IDEMP-00001552,SGD,16683,COMPLETED,2026-01-30 23:16:24,2026-01-30 23:24:21
TXN-00001553,ACC-000417,MER-00010,IDEMP-00001553,USD,4040,COMPLETED,2026-01-17 06:59:57,2026-01-17 07:09:39
TXN-00001554,ACC-000170,MER-00025,IDEMP-00001554,USD,3328,COMPLETED,2026-02-07 18:09:44,2026-02-07 18:10:37
TXN-00001555,ACC-000443,MER-00062,IDEMP-00001555,SGD,4814,COMPLETED,2026-02-23 11:26:21,2026-02-23 11:29:43
TXN-00001556,ACC-000331,MER-00044,IDEMP-00001556,USD,4362,COMPLETED,2026-01-13 10:23:42,2026-01-13 10:29:40
TXN-00001557,ACC-000120,MER-00027,IDEMP-00001557,THB,14721,COMPLETED,2026-02-04 14:27:34,2026-02-04 14:29:38
TXN-00001558,ACC-000271,MER-00080,IDEMP-00001558,SGD,10535,COMPLETED,2026-02-18 00:34:27,2026-02-18 00:41:11
TXN-00001559,ACC-000422,MER-00031,IDEMP-00001559,THB,16859,CANCELLED,2026-02-16 11:42:11,2026-02-16 11:45:57
TXN-00001560,ACC-000070,MER-00052,IDEMP-00001560,THB,8073,COMPLETED,2026-01-02 04:52:14,2026-01-02 04:56:38
TXN-00001561,ACC-000118,MER-00062,IDEMP-00001561,THB,55410,COMPLETED,2026-01-20 15:55:47,2026-01-20 16:03:50
TXN-00001562,ACC-000057,MER-00057,IDEMP-00001562,THB,29565,COMPLETED,2026-01-23 02:04:09,2026-01-23 02:13:18
TXN-00001563,ACC-000325,MER-00073,IDEMP-00001563,SGD,6165,COMPLETED,2026-02-05 18:00:10,2026-02-05 18:07:26
TXN-00001564,ACC-000356,MER-00013,IDEMP-00001564,SGD,13471,COMPLETED,2026-02-21 09:32:19,2026-02-21 09:36:28
TXN-00001565,ACC-000316,MER-00060,IDEMP-00001565,SGD,9985,COMPLETED,2026-02-15 13:11:31,2026-02-15 13:19:51
TXN-00001566,ACC-000244,MER-00046,IDEMP-00001566,USD,2958,COMPLETED,2026-02-05 12:32:58,2026-02-05 12:36:29
TXN-00001567,ACC-000046,MER-00042,IDEMP-00001567,SGD,1114,COMPLETED,2026-02-01 07:57:06,2026-02-01 08:06:32
TXN-00001568,ACC-000046,MER-00047,IDEMP-00001568,SGD,15167,COMPLETED,2026-01-17 21:41:32,2026-01-17 21:44:29
TXN-00001569,ACC-000024,MER-00069,IDEMP-00001569,SGD,2743,COMPLETED,2026-01-15 03:51:36,2026-01-15 03:54:43
TXN-00001570,ACC-000084,MER-00016,IDEMP-00001570,USD,11910,COMPLETED,2026-01-19 02:25:31,2026-01-19 02:33:32
TXN-00001571,ACC-000438,MER-00042,IDEMP-00001571,USD,4909,COMPLETED,2026-01-18 02:28:10,2026-01-18 02:31:13
TXN-00001572,ACC-000112,MER-00026,IDEMP-00001572,SGD,1424,COMPLETED,2026-01-19 20:13:30,2026-01-19 20:15:18
TXN-00001573,ACC-000340,MER-00076,IDEMP-00001573,SGD,2173,COMPLETED,2026-01-27 17:41:27,2026-01-27 17:47:37
TXN-00001574,ACC-000128,MER-00028,IDEMP-00001574,USD,15780,COMPLETED,2026-02-11 22:18:20,2026-02-11 22:24:24
TXN-00001575,ACC-000083,MER-00001,IDEMP-00001575,USD,7763,COMPLETED,2026-02-12 10:12:46,2026-02-12 10:17:20
TXN-00001576,ACC-000357,MER-00019,IDEMP-00001576,SGD,1258,COMPLETED,2026-01-22 09:47:09,2026-01-22 09:49:31
TXN-00001577,ACC-000339,MER-00063,IDEMP-00001577,SGD,545,COMPLETED,2026-01-25 09:47:53,2026-01-25 09:53:01
TXN-00001578,ACC-000171,MER-00047,IDEMP-00001578,SGD,31955,COMPLETED,2026-02-14 15:02:36,2026-02-14 15:07:16
TXN-00001579,ACC-000091,MER-00016,IDEMP-00001579,THB,1036,COMPLETED,2026-02-18 10:59:57,2026-02-18 11:06:18
TXN-00001580,ACC-000430,MER-00016,IDEMP-00001580,THB,2514,COMPLETED,2026-02-06 07:26:07,2026-02-06 07:30:31
TXN-00001581,ACC-000207,MER-00028,IDEMP-00001581,THB,7811,COMPLETED,2026-02-18 19:44:10,2026-02-18 19:45:50
TXN-00001582,ACC-000298,MER-00010,IDEMP-00001582,SGD,322,PENDING,2026-01-15 11:37:18,
TXN-00001583,ACC-000401,MER-00076,IDEMP-00001583,THB,4530,COMPLETED,2026-02-19 18:41:40,2026-02-19 18:49:28
TXN-00001584,ACC-000222,MER-00048,IDEMP-00001584,USD,3314,PENDING,2026-01-19 13:59:43,
TXN-00001585,ACC-000080,MER-00004,IDEMP-00001585,USD,440,COMPLETED,2026-01-29 22:46:07,2026-01-29 22:50:06
TXN-00001586,ACC-000040,MER-00055,IDEMP-00001586,USD,1941,COMPLETED,2026-02-21 08:29:23,2026-02-21 08:39:22
TXN-00001587,ACC-000107,MER-00007,IDEMP-00001587,SGD,9712,COMPLETED,2026-01-18 20:18:25,2026-01-18 20:26:12
TXN-00001588,ACC-000121,MER-00069,IDEMP-00001588,THB,12417,COMPLETED,2026-02-08 07:13:37,2026-02-08 07:18:12
TXN-00001589,ACC-000285,MER-00044,IDEMP-00001589,SGD,10405,COMPLETED,2026-02-17 03:47:02,2026-02-17 03:53:45
TXN-00001590,ACC-000387,MER-00007,IDEMP-00001590,USD,11411,COMPLETED,2026-01-09 04:14:44,2026-01-09 04:21:09
TXN-00001591,ACC-000408,MER-00049,IDEMP-00001591,THB,20938,COMPLETED,2026-02-21 19:18:10,2026-02-21 19:25:08
TXN-00001592,ACC-000025,MER-00023,IDEMP-00001592,USD,4616,CANCELLED,2026-02-06 04:32:37,2026-02-06 04:36:58
TXN-00001593,ACC-000450,MER-00031,IDEMP-00001593,SGD,3354,COMPLETED,2026-01-21 12:56:20,2026-01-21 13:01:36
TXN-00001594,ACC-000243,MER-00008,IDEMP-00001594,SGD,4878,COMPLETED,2026-02-14 15:18:23,2026-02-14 15:21:22
TXN-00001595,ACC-000150,MER-00004,IDEMP-00001595,SGD,5757,COMPLETED,2026-01-12 11:56:00,2026-01-12 12:04:24
TXN-00001596,ACC-000331,MER-00032,IDEMP-00001596,USD,1749,COMPLETED,2026-01-19 11:41:29,2026-01-19 11:45:46
TXN-00001597,ACC-000265,MER-00058,IDEMP-00001597,SGD,3949,DECLINED,2026-01-14 08:18:28,2026-01-14 08:18:54
TXN-00001598,ACC-000197,MER-00026,IDEMP-00001598,USD,1843,CANCELLED,2026-01-15 20:01:08,2026-01-15 20:07:29
TXN-00001599,ACC-000257,MER-00023,IDEMP-00001599,USD,14295,COMPLETED,2026-02-14 16:32:26,2026-02-14 16:37:42
TXN-00001600,ACC-000176,MER-00002,IDEMP-00001600,SGD,6435,COMPLETED,2026-02-14 05:19:35,2026-02-14 05:21:20
TXN-00001601,ACC-000174,MER-00076,IDEMP-00001601,SGD,903,COMPLETED,2026-02-06 14:41:26,2026-02-06 14:44:49
TXN-00001602,ACC-000179,MER-00005,IDEMP-00001602,THB,6332,DECLINED,2026-01-03 17:40:34,2026-01-03 17:41:53
TXN-00001603,ACC-000238,MER-00066,IDEMP-00001603,THB,2748,COMPLETED,2026-02-23 16:59:12,2026-02-23 17:02:26
TXN-00001604,ACC-000438,MER-00052,IDEMP-00001604,USD,3503,COMPLETED,2026-02-10 22:33:25,2026-02-10 22:42:09
TXN-00001605,ACC-000225,MER-00050,IDEMP-00001605,USD,1299,COMPLETED,2026-02-24 15:04:04,2026-02-24 15:08:46
TXN-00001606,ACC-000292,MER-00059,IDEMP-00001606,THB,2662,COMPLETED,2026-01-09 12:41:47,2026-01-09 12:50:52
TXN-00001607,ACC-000395,MER-00001,IDEMP-00001607,USD,7436,COMPLETED,2026-02-15 03:41:41,2026-02-15 03:48:16
TXN-00001608,ACC-000339,MER-00046,IDEMP-00001608,SGD,789,COMPLETED,2026-01-28 08:19:02,2026-01-28 08:19:21
TXN-00001609,ACC-000086,MER-00039,IDEMP-00001609,SGD,954,COMPLETED,2026-02-21 19:08:58,2026-02-21 19:17:13
TXN-00001610,ACC-000119,MER-00002,IDEMP-00001610,USD,11581,COMPLETED,2026-02-27 02:00:41,2026-02-27 02:06:16
TXN-00001611,ACC-000369,MER-00056,IDEMP-00001611,USD,4480,DECLINED,2026-01-16 00:40:10,2026-01-16 00:46:52
TXN-00001612,ACC-000333,MER-00029,IDEMP-00001612,USD,7903,COMPLETED,2026-01-06 17:21:53,2026-01-06 17:25:05
TXN-00001613,ACC-000187,MER-00071,IDEMP-00001613,SGD,9480,COMPLETED,2026-01-03 06:11:42,2026-01-03 06:19:48
TXN-00001614,ACC-000382,MER-00033,IDEMP-00001614,USD,6610,COMPLETED,2026-01-22 04:12:54,2026-01-22 04:20:40
TXN-00001615,ACC-000306,MER-00030,IDEMP-00001615,SGD,4263,COMPLETED,2026-01-12 08:14:52,2026-01-12 08:18:19
TXN-00001616,ACC-000201,MER-00063,IDEMP-00001616,SGD,1629,PENDING,2026-02-10 05:50:04,
TXN-00001617,ACC-000214,MER-00009,IDEMP-00001617,THB,6246,COMPLETED,2026-02-13 03:59:48,2026-02-13 04:05:37
TXN-00001618,ACC-000310,MER-00015,IDEMP-00001618,THB,6796,COMPLETED,2026-02-08 11:52:29,2026-02-08 11:53:42
TXN-00001619,ACC-000336,MER-00039,IDEMP-00001619,THB,963,COMPLETED,2026-01-10 10:58:08,2026-01-10 10:59:37
TXN-00001620,ACC-000325,MER-00045,IDEMP-00001620,SGD,3965,COMPLETED,2026-01-22 16:19:28,2026-01-22 16:21:41
TXN-00001621,ACC-000366,MER-00040,IDEMP-00001621,USD,8087,COMPLETED,2026-01-10 23:29:22,2026-01-10 23:31:49
TXN-00001622,ACC-000229,MER-00046,IDEMP-00001622,SGD,1793,COMPLETED,2026-02-08 04:17:33,2026-02-08 04:21:49
TXN-00001623,ACC-000020,MER-00010,IDEMP-00001623,THB,4115,COMPLETED,2026-01-10 03:10:27,2026-01-10 03:16:12
TXN-00001624,ACC-000007,MER-00044,IDEMP-00001624,THB,3107,COMPLETED,2026-01-22 02:18:09,2026-01-22 02:21:34
TXN-00001625,ACC-000087,MER-00023,IDEMP-00001625,THB,13439,DECLINED,2026-02-15 13:59:59,2026-02-15 14:01:35
TXN-00001626,ACC-000294,MER-00005,IDEMP-00001626,SGD,2392,COMPLETED,2026-02-08 21:00:08,2026-02-08 21:09:39
TXN-00001627,ACC-000089,MER-00015,IDEMP-00001627,USD,4193,COMPLETED,2026-03-01 10:57:54,2026-03-01 10:59:27
TXN-00001628,ACC-000212,MER-00034,IDEMP-00001628,THB,3242,PENDING,2026-01-01 19:39:53,
TXN-00001629,ACC-000273,MER-00016,IDEMP-00001629,THB,2936,DECLINED,2026-02-09 14:26:52,2026-02-09 14:31:34
TXN-00001630,ACC-000322,MER-00023,IDEMP-00001630,SGD,3942,COMPLETED,2026-02-14 01:44:11,2026-02-14 01:49:57
TXN-00001631,ACC-000228,MER-00059,IDEMP-00001631,THB,845,COMPLETED,2026-01-21 13:04:24,2026-01-21 13:13:30
TXN-00001632,ACC-000090,MER-00007,IDEMP-00001632,THB,9995,COMPLETED,2026-01-28 20:30:18,2026-01-28 20:35:13
TXN-00001633,ACC-000258,MER-00061,IDEMP-00001633,THB,17685,COMPLETED,2026-02-09 11:39:24,2026-02-09 11:45:02
TXN-00001634,ACC-000268,MER-00063,IDEMP-00001634,SGD,5374,COMPLETED,2026-02-18 09:41:23,2026-02-18 09:43:44
TXN-00001635,ACC-000378,MER-00039,IDEMP-00001635,USD,12159,CANCELLED,2026-02-02 12:36:50,2026-02-02 12:44:10
TXN-00001636,ACC-000166,MER-00046,IDEMP-00001636,SGD,3029,COMPLETED,2026-01-19 16:40:16,2026-01-19 16:43:57
TXN-00001637,ACC-000372,MER-00010,IDEMP-00001637,SGD,2425,COMPLETED,2026-01-31 15:32:07,2026-01-31 15:41:30
TXN-00001638,ACC-000007,MER-00065,IDEMP-00001638,THB,8265,COMPLETED,2026-02-08 05:49:02,2026-02-08 05:56:09
TXN-00001639,ACC-000390,MER-00003,IDEMP-00001639,SGD,1955,COMPLETED,2026-02-28 19:22:05,2026-02-28 19:23:32
TXN-00001640,ACC-000294,MER-00066,IDEMP-00001640,SGD,2039,DECLINED,2026-02-06 22:29:07,2026-02-06 22:38:30
TXN-00001641,ACC-000301,MER-00080,IDEMP-00001641,THB,2723,COMPLETED,2026-02-18 14:37:05,2026-02-18 14:37:37
TXN-00001642,ACC-000074,MER-00072,IDEMP-00001642,THB,3714,COMPLETED,2026-01-05 09:52:33,2026-01-05 09:57:07
TXN-00001643,ACC-000304,MER-00017,IDEMP-00001643,SGD,19610,COMPLETED,2026-02-09 07:14:42,2026-02-09 07:19:41
TXN-00001644,ACC-000367,MER-00004,IDEMP-00001644,USD,22248,CANCELLED,2026-02-05 03:51:15,2026-02-05 04:00:26
TXN-00001645,ACC-000038,MER-00023,IDEMP-00001645,THB,6408,PENDING,2026-02-20 02:05:22,
TXN-00001646,ACC-000042,MER-00077,IDEMP-00001646,THB,1254,COMPLETED,2026-02-28 22:13:27,2026-02-28 22:21:59
TXN-00001647,ACC-000316,MER-00025,IDEMP-00001647,SGD,16812,COMPLETED,2026-01-25 02:53:43,2026-01-25 02:55:34
TXN-00001648,ACC-000189,MER-00015,IDEMP-00001648,SGD,6434,CANCELLED,2026-02-08 09:42:27,2026-02-08 09:49:59
TXN-00001649,ACC-000446,MER-00049,IDEMP-00001649,THB,7861,COMPLETED,2026-01-18 19:06:12,2026-01-18 19:15:34
TXN-00001650,ACC-000419,MER-00059,IDEMP-00001650,SGD,10817,COMPLETED,2026-01-19 16:07:43,2026-01-19 16:16:50
TXN-00001651,ACC-000073,MER-00060,IDEMP-00001651,THB,2407,COMPLETED,2026-02-28 15:24:15,2026-02-28 15:25:22
TXN-00001652,ACC-000340,MER-00030,IDEMP-00001652,SGD,8828,COMPLETED,2026-01-06 02:20:02,2026-01-06 02:26:22
TXN-00001653,ACC-000078,MER-00020,IDEMP-00001653,SGD,16414,COMPLETED,2026-02-22 23:26:47,2026-02-22 23:32:07
TXN-00001654,ACC-000284,MER-00059,IDEMP-00001654,SGD,3479,COMPLETED,2026-02-26 19:46:32,2026-02-26 19:54:04
TXN-00001655,ACC-000132,MER-00072,IDEMP-00001655,SGD,31336,COMPLETED,2026-01-21 15:49:02,2026-01-21 15:50:25
TXN-00001656,ACC-000229,MER-00034,IDEMP-00001656,SGD,7491,COMPLETED,2026-01-05 01:33:58,2026-01-05 01:37:49
TXN-00001657,ACC-000159,MER-00054,IDEMP-00001657,USD,16060,COMPLETED,2026-01-31 13:48:36,2026-01-31 13:52:58
TXN-00001658,ACC-000066,MER-00020,IDEMP-00001658,SGD,810,DECLINED,2026-01-26 15:02:07,2026-01-26 15:09:18
TXN-00001659,ACC-000052,MER-00039,IDEMP-00001659,SGD,6013,COMPLETED,2026-02-01 03:27:38,2026-02-01 03:27:58
TXN-00001660,ACC-000163,MER-00034,IDEMP-00001660,SGD,19511,COMPLETED,2026-02-23 22:28:01,2026-02-23 22:29:40
TXN-00001661,ACC-000278,MER-00035,IDEMP-00001661,USD,11875,COMPLETED,2026-01-17 12:35:24,2026-01-17 12:35:37
TXN-00001662,ACC-000359,MER-00008,IDEMP-00001662,THB,9307,COMPLETED,2026-01-27 02:37:44,2026-01-27 02:40:53
TXN-00001663,ACC-000170,MER-00011,IDEMP-00001663,USD,2966,PENDING,2026-01-17 14:03:21,
TXN-00001664,ACC-000275,MER-00024,IDEMP-00001664,SGD,6566,COMPLETED,2026-02-05 21:16:57,2026-02-05 21:22:01
TXN-00001665,ACC-000145,MER-00008,IDEMP-00001665,SGD,6844,COMPLETED,2026-02-27 01:56:46,2026-02-27 01:57:25
TXN-00001666,ACC-000185,MER-00059,IDEMP-00001666,USD,8333,COMPLETED,2026-02-20 02:42:20,2026-02-20 02:51:55
TXN-00001667,ACC-000312,MER-00036,IDEMP-00001667,SGD,4945,CANCELLED,2026-02-20 11:10:13,2026-02-20 11:11:33
TXN-00001668,ACC-000166,MER-00076,IDEMP-00001668,SGD,2306,COMPLETED,2026-01-23 00:26:23,2026-01-23 00:31:48
TXN-00001669,ACC-000131,MER-00046,IDEMP-00001669,SGD,12592,COMPLETED,2026-01-16 13:17:01,2026-01-16 13:20:24
TXN-00001670,ACC-000046,MER-00050,IDEMP-00001670,SGD,49198,PENDING,2026-01-08 02:51:10,
TXN-00001671,ACC-000321,MER-00002,IDEMP-00001671,THB,602,COMPLETED,2026-03-01 14:53:29,2026-03-01 14:54:58
TXN-00001672,ACC-000440,MER-00009,IDEMP-00001672,SGD,9278,COMPLETED,2026-02-19 19:46:45,2026-02-19 19:53:28
TXN-00001673,ACC-000086,MER-00019,IDEMP-00001673,SGD,9319,COMPLETED,2026-01-05 07:45:43,2026-01-05 07:47:04
TXN-00001674,ACC-000121,MER-00075,IDEMP-00001674,THB,7804,DECLINED,2026-01-04 08:01:40,2026-01-04 08:02:11
TXN-00001675,ACC-000202,MER-00036,IDEMP-00001675,USD,1672,COMPLETED,2026-01-19 08:10:33,2026-01-19 08:13:03
TXN-00001676,ACC-000112,MER-00079,IDEMP-00001676,SGD,1167,PENDING,2026-03-01 19:48:22,
TXN-00001677,ACC-000303,MER-00036,IDEMP-00001677,SGD,6033,COMPLETED,2026-01-21 21:45:19,2026-01-21 21:45:37
TXN-00001678,ACC-000273,MER-00058,IDEMP-00001678,THB,2005,COMPLETED,2026-01-29 12:00:31,2026-01-29 12:10:24
TXN-00001679,ACC-000362,MER-00011,IDEMP-00001679,SGD,1306,COMPLETED,2026-02-13 05:03:37,2026-02-13 05:12:44
TXN-00001680,ACC-000124,MER-00040,IDEMP-00001680,USD,3025,COMPLETED,2026-02-13 18:55:58,2026-02-13 18:59:32
TXN-00001681,ACC-000173,MER-00055,IDEMP-00001681,SGD,4539,COMPLETED,2026-01-03 20:24:31,2026-01-03 20:24:52
TXN-00001682,ACC-000042,MER-00001,IDEMP-00001682,THB,1141,COMPLETED,2026-01-01 17:24:11,2026-01-01 17:24:17
TXN-00001683,ACC-000349,MER-00009,IDEMP-00001683,USD,2035,COMPLETED,2026-02-17 14:18:46,2026-02-17 14:20:06
TXN-00001684,ACC-000241,MER-00057,IDEMP-00001684,THB,1043,COMPLETED,2026-02-08 13:38:21,2026-02-08 13:44:35
TXN-00001685,ACC-000278,MER-00041,IDEMP-00001685,USD,5905,COMPLETED,2026-02-11 21:38:38,2026-02-11 21:46:45
TXN-00001686,ACC-000104,MER-00076,IDEMP-00001686,THB,2988,COMPLETED,2026-02-27 21:55:36,2026-02-27 21:56:54
TXN-00001687,ACC-000180,MER-00060,IDEMP-00001687,SGD,512,PENDING,2026-01-12 08:31:12,
TXN-00001688,ACC-000179,MER-00041,IDEMP-00001688,THB,11316,PENDING,2026-02-01 15:48:18,
TXN-00001689,ACC-000214,MER-00040,IDEMP-00001689,THB,3550,COMPLETED,2026-01-13 00:29:16,2026-01-13 00:34:47
TXN-00001690,ACC-000250,MER-00032,IDEMP-00001690,SGD,9144,PENDING,2026-01-14 01:55:59,
TXN-00001691,ACC-000325,MER-00009,IDEMP-00001691,SGD,11092,COMPLETED,2026-01-03 22:51:40,2026-01-03 22:57:44
TXN-00001692,ACC-000178,MER-00058,IDEMP-00001692,SGD,13116,COMPLETED,2026-01-02 01:40:00,2026-01-02 01:49:56
TXN-00001693,ACC-000310,MER-00043,IDEMP-00001693,THB,13216,COMPLETED,2026-01-05 14:50:38,2026-01-05 14:54:18
TXN-00001694,ACC-000423,MER-00023,IDEMP-00001694,USD,8529,COMPLETED,2026-02-02 02:54:28,2026-02-02 02:59:44
TXN-00001695,ACC-000226,MER-00057,IDEMP-00001695,THB,651,COMPLETED,2026-01-27 11:01:55,2026-01-27 11:04:53
TXN-00001696,ACC-000387,MER-00065,IDEMP-00001696,USD,3657,COMPLETED,2026-02-28 10:09:10,2026-02-28 10:09:42
TXN-00001697,ACC-000254,MER-00073,IDEMP-00001697,USD,4031,DECLINED,2026-01-23 12:27:00,2026-01-23 12:36:53
TXN-00001698,ACC-000233,MER-00033,IDEMP-00001698,USD,2663,COMPLETED,2026-02-18 10:30:14,2026-02-18 10:36:00
TXN-00001699,ACC-000288,MER-00077,IDEMP-00001699,USD,1873,COMPLETED,2026-01-11 00:53:40,2026-01-11 00:59:20
TXN-00001700,ACC-000087,MER-00065,IDEMP-00001700,THB,12729,CANCELLED,2026-02-13 06:06:44,2026-02-13 06:12:38
TXN-00001701,ACC-000280,MER-00057,IDEMP-00001701,USD,198,COMPLETED,2026-01-27 02:23:22,2026-01-27 02:29:02
TXN-00001702,ACC-000382,MER-00057,IDEMP-00001702,USD,1124,PENDING,2026-02-18 15:29:20,
TXN-00001703,ACC-000208,MER-00037,IDEMP-00001703,USD,1337,DECLINED,2026-02-24 06:54:45,2026-02-24 06:55:15
TXN-00001704,ACC-000442,MER-00032,IDEMP-00001704,SGD,5469,CANCELLED,2026-02-15 05:25:32,2026-02-15 05:27:26
TXN-00001705,ACC-000434,MER-00005,IDEMP-00001705,USD,991,COMPLETED,2026-02-21 06:22:44,2026-02-21 06:31:38
TXN-00001706,ACC-000133,MER-00058,IDEMP-00001706,USD,4034,DECLINED,2026-01-31 09:54:44,2026-01-31 10:03:54
TXN-00001707,ACC-000075,MER-00055,IDEMP-00001707,SGD,2723,COMPLETED,2026-01-19 08:41:17,2026-01-19 08:44:01
TXN-00001708,ACC-000241,MER-00068,IDEMP-00001708,THB,1730,CANCELLED,2026-02-19 06:48:29,2026-02-19 06:50:37
TXN-00001709,ACC-000084,MER-00056,IDEMP-00001709,USD,2805,COMPLETED,2026-01-21 12:25:56,2026-01-21 12:34:48
TXN-00001710,ACC-000353,MER-00017,IDEMP-00001710,THB,1375,COMPLETED,2026-01-07 10:03:37,2026-01-07 10:11:59
TXN-00001711,ACC-000275,MER-00033,IDEMP-00001711,SGD,11345,COMPLETED,2026-02-01 15:27:17,2026-02-01 15:28:42
TXN-00001712,ACC-000381,MER-00070,IDEMP-00001712,USD,6458,PENDING,2026-01-10 17:40:02,
TXN-00001713,ACC-000080,MER-00048,IDEMP-00001713,USD,3387,COMPLETED,2026-02-11 23:54:57,2026-02-11 23:58:39
TXN-00001714,ACC-000222,MER-00033,IDEMP-00001714,USD,27100,COMPLETED,2026-01-24 11:07:58,2026-01-24 11:15:12
TXN-00001715,ACC-000302,MER-00061,IDEMP-00001715,THB,37229,COMPLETED,2026-01-25 22:26:58,2026-01-25 22:33:48
TXN-00001716,ACC-000206,MER-00034,IDEMP-00001716,SGD,13070,COMPLETED,2026-01-19 23:22:19,2026-01-19 23:25:00
TXN-00001717,ACC-000347,MER-00076,IDEMP-00001717,USD,3087,COMPLETED,2026-02-10 02:14:24,2026-02-10 02:15:17
TXN-00001718,ACC-000327,MER-00070,IDEMP-00001718,USD,8066,COMPLETED,2026-01-08 20:48:15,2026-01-08 20:49:33
TXN-00001719,ACC-000355,MER-00047,IDEMP-00001719,USD,960,COMPLETED,2026-02-04 03:56:32,2026-02-04 04:02:59
TXN-00001720,ACC-000193,MER-00049,IDEMP-00001720,USD,12887,COMPLETED,2026-02-10 12:31:51,2026-02-10 12:35:52
TXN-00001721,ACC-000208,MER-00032,IDEMP-00001721,USD,19137,COMPLETED,2026-02-12 12:07:03,2026-02-12 12:12:03
TXN-00001722,ACC-000143,MER-00015,IDEMP-00001722,SGD,9808,PENDING,2026-02-03 09:25:15,
TXN-00001723,ACC-000392,MER-00049,IDEMP-00001723,SGD,27555,COMPLETED,2026-02-21 01:40:09,2026-02-21 01:48:01
TXN-00001724,ACC-000003,MER-00080,IDEMP-00001724,THB,3426,COMPLETED,2026-02-10 00:56:21,2026-02-10 01:02:43
TXN-00001725,ACC-000260,MER-00023,IDEMP-00001725,USD,3932,COMPLETED,2026-01-23 06:57:09,2026-01-23 07:00:12
TXN-00001726,ACC-000266,MER-00028,IDEMP-00001726,THB,3129,CANCELLED,2026-01-21 06:34:57,2026-01-21 06:37:22
TXN-00001727,ACC-000018,MER-00017,IDEMP-00001727,THB,18593,CANCELLED,2026-02-21 01:55:20,2026-02-21 01:56:26
TXN-00001728,ACC-000090,MER-00042,IDEMP-00001728,THB,7769,COMPLETED,2026-01-18 13:10:44,2026-01-18 13:15:53
TXN-00001729,ACC-000117,MER-00045,IDEMP-00001729,SGD,1531,COMPLETED,2026-02-18 21:14:50,2026-02-18 21:17:17
TXN-00001730,ACC-000305,MER-00041,IDEMP-00001730,THB,1591,COMPLETED,2026-01-26 11:57:18,2026-01-26 12:03:52
TXN-00001731,ACC-000435,MER-00050,IDEMP-00001731,SGD,4949,COMPLETED,2026-02-10 02:03:53,2026-02-10 02:05:19
TXN-00001732,ACC-000233,MER-00073,IDEMP-00001732,USD,7695,PENDING,2026-02-16 07:51:12,
TXN-00001733,ACC-000356,MER-00040,IDEMP-00001733,SGD,3643,CANCELLED,2026-01-08 18:01:14,2026-01-08 18:03:32
TXN-00001734,ACC-000252,MER-00018,IDEMP-00001734,SGD,991,COMPLETED,2026-02-06 10:22:24,2026-02-06 10:31:07
TXN-00001735,ACC-000145,MER-00078,IDEMP-00001735,SGD,15000,COMPLETED,2026-02-22 19:30:53,2026-02-22 19:39:35
TXN-00001736,ACC-000330,MER-00075,IDEMP-00001736,USD,160,COMPLETED,2026-02-12 17:16:57,2026-02-12 17:23:08
TXN-00001737,ACC-000146,MER-00067,IDEMP-00001737,USD,5603,COMPLETED,2026-01-18 01:00:27,2026-01-18 01:02:22
TXN-00001738,ACC-000020,MER-00001,IDEMP-00001738,THB,8858,COMPLETED,2026-01-20 04:56:52,2026-01-20 04:57:36
TXN-00001739,ACC-000402,MER-00003,IDEMP-00001739,USD,18577,COMPLETED,2026-03-01 10:56:33,2026-03-01 11:01:25
TXN-00001740,ACC-000164,MER-00061,IDEMP-00001740,USD,1515,COMPLETED,2026-01-28 19:58:35,2026-01-28 20:06:03
TXN-00001741,ACC-000172,MER-00030,IDEMP-00001741,THB,12525,COMPLETED,2026-01-16 06:26:38,2026-01-16 06:29:47
TXN-00001742,ACC-000163,MER-00033,IDEMP-00001742,SGD,3170,COMPLETED,2026-01-16 17:26:37,2026-01-16 17:28:35
TXN-00001743,ACC-000219,MER-00076,IDEMP-00001743,SGD,7660,COMPLETED,2026-02-08 22:29:01,2026-02-08 22:34:30
TXN-00001744,ACC-000437,MER-00016,IDEMP-00001744,THB,5780,COMPLETED,2026-01-22 14:37:30,2026-01-22 14:38:51
TXN-00001745,ACC-000428,MER-00047,IDEMP-00001745,USD,20568,COMPLETED,2026-02-08 23:39:35,2026-02-08 23:45:13
TXN-00001746,ACC-000392,MER-00004,IDEMP-00001746,SGD,2027,COMPLETED,2026-01-01 15:30:14,2026-01-01 15:33:54
TXN-00001747,ACC-000079,MER-00069,IDEMP-00001747,SGD,8861,COMPLETED,2026-01-14 05:21:54,2026-01-14 05:24:39
TXN-00001748,ACC-000353,MER-00052,IDEMP-00001748,THB,107507,COMPLETED,2026-01-16 05:18:54,2026-01-16 05:22:02
TXN-00001749,ACC-000238,MER-00017,IDEMP-00001749,THB,7223,COMPLETED,2026-02-06 10:29:58,2026-02-06 10:32:28
TXN-00001750,ACC-000123,MER-00019,IDEMP-00001750,USD,11305,PENDING,2026-01-02 06:55:36,
TXN-00001751,ACC-000088,MER-00070,IDEMP-00001751,SGD,17476,COMPLETED,2026-01-31 07:54:07,2026-01-31 07:59:36
TXN-00001752,ACC-000364,MER-00037,IDEMP-00001752,THB,3415,COMPLETED,2026-01-17 05:03:02,2026-01-17 05:03:19
TXN-00001753,ACC-000054,MER-00039,IDEMP-00001753,USD,1330,COMPLETED,2026-01-01 07:42:15,2026-01-01 07:50:51
TXN-00001754,ACC-000299,MER-00079,IDEMP-00001754,THB,14286,COMPLETED,2026-02-25 22:07:31,2026-02-25 22:13:24
TXN-00001755,ACC-000099,MER-00008,IDEMP-00001755,SGD,11223,COMPLETED,2026-01-13 19:42:47,2026-01-13 19:51:01
TXN-00001756,ACC-000341,MER-00070,IDEMP-00001756,THB,1940,PENDING,2026-02-28 12:54:02,
TXN-00001757,ACC-000296,MER-00035,IDEMP-00001757,USD,33572,COMPLETED,2026-01-19 18:55:26,2026-01-19 19:04:32
TXN-00001758,ACC-000226,MER-00046,IDEMP-00001758,THB,22343,COMPLETED,2026-01-04 06:56:04,2026-01-04 07:02:28
TXN-00001759,ACC-000009,MER-00029,IDEMP-00001759,SGD,13335,COMPLETED,2026-01-27 02:22:23,2026-01-27 02:26:08
TXN-00001760,ACC-000136,MER-00005,IDEMP-00001760,SGD,2307,COMPLETED,2026-01-18 12:24:21,2026-01-18 12:33:03
TXN-00001761,ACC-000096,MER-00058,IDEMP-00001761,SGD,6221,COMPLETED,2026-02-09 12:21:19,2026-02-09 12:23:01
TXN-00001762,ACC-000270,MER-00030,IDEMP-00001762,SGD,5824,COMPLETED,2026-02-22 04:04:45,2026-02-22 04:10:16
TXN-00001763,ACC-000034,MER-00008,IDEMP-00001763,SGD,11436,COMPLETED,2026-02-21 09:40:04,2026-02-21 09:45:35
TXN-00001764,ACC-000165,MER-00069,IDEMP-00001764,THB,9266,CANCELLED,2026-03-01 16:09:14,2026-03-01 16:17:10
TXN-00001765,ACC-000221,MER-00009,IDEMP-00001765,USD,11672,CANCELLED,2026-01-16 08:49:42,2026-01-16 08:54:40
TXN-00001766,ACC-000054,MER-00039,IDEMP-00001766,USD,18072,COMPLETED,2026-02-21 22:19:42,2026-02-21 22:24:22
TXN-00001767,ACC-000036,MER-00027,IDEMP-00001767,SGD,4135,COMPLETED,2026-01-12 05:09:41,2026-01-12 05:09:57
TXN-00001768,ACC-000087,MER-00067,IDEMP-00001768,THB,2092,COMPLETED,2026-02-19 19:23:55,2026-02-19 19:30:30
TXN-00001769,ACC-000387,MER-00012,IDEMP-00001769,USD,7283,CANCELLED,2026-02-08 10:55:35,2026-02-08 11:01:31
TXN-00001770,ACC-000337,MER-00007,IDEMP-00001770,THB,45981,COMPLETED,2026-01-19 02:39:47,2026-01-19 02:41:11
TXN-00001771,ACC-000396,MER-00033,IDEMP-00001771,THB,4258,COMPLETED,2026-01-29 20:14:49,2026-01-29 20:18:27
TXN-00001772,ACC-000209,MER-00049,IDEMP-00001772,USD,5662,COMPLETED,2026-02-20 08:06:58,2026-02-20 08:16:28
TXN-00001773,ACC-000273,MER-00024,IDEMP-00001773,THB,3179,CANCELLED,2026-02-21 23:37:48,2026-02-21 23:39:22
TXN-00001774,ACC-000422,MER-00031,IDEMP-00001774,THB,9164,COMPLETED,2026-01-02 14:25:37,2026-01-02 14:33:47
TXN-00001775,ACC-000165,MER-00027,IDEMP-00001775,THB,1385,COMPLETED,2026-01-25 12:02:13,2026-01-25 12:07:28
TXN-00001776,ACC-000053,MER-00071,IDEMP-00001776,THB,7184,COMPLETED,2026-02-21 19:28:35,2026-02-21 19:34:27
TXN-00001777,ACC-000126,MER-00011,IDEMP-00001777,SGD,4606,COMPLETED,2026-01-16 23:31:06,2026-01-16 23:38:32
TXN-00001778,ACC-000235,MER-00072,IDEMP-00001778,THB,14759,COMPLETED,2026-01-19 10:28:32,2026-01-19 10:30:39
TXN-00001779,ACC-000378,MER-00033,IDEMP-00001779,USD,5477,COMPLETED,2026-02-02 19:04:55,2026-02-02 19:06:42
TXN-00001780,ACC-000341,MER-00007,IDEMP-00001780,THB,1183,CANCELLED,2026-02-22 05:13:55,2026-02-22 05:19:23
TXN-00001781,ACC-000373,MER-00068,IDEMP-00001781,SGD,2899,COMPLETED,2026-02-09 06:44:34,2026-02-09 06:45:02
TXN-00001782,ACC-000288,MER-00037,IDEMP-00001782,USD,39779,COMPLETED,2026-01-11 11:30:11,2026-01-11 11:37:42
TXN-00001783,ACC-000128,MER-00019,IDEMP-00001783,USD,5371,CANCELLED,2026-02-16 13:51:39,2026-02-16 14:01:11
TXN-00001784,ACC-000072,MER-00027,IDEMP-00001784,THB,5104,COMPLETED,2026-01-18 22:23:09,2026-01-18 22:31:42
TXN-00001785,ACC-000343,MER-00029,IDEMP-00001785,THB,4112,COMPLETED,2026-01-22 08:40:54,2026-01-22 08:46:53
TXN-00001786,ACC-000028,MER-00030,IDEMP-00001786,SGD,4782,COMPLETED,2026-03-01 10:06:48,2026-03-01 10:08:20
TXN-00001787,ACC-000017,MER-00014,IDEMP-00001787,USD,1802,COMPLETED,2026-02-05 03:05:07,2026-02-05 03:07:27
TXN-00001788,ACC-000290,MER-00050,IDEMP-00001788,USD,7227,COMPLETED,2026-01-29 09:09:34,2026-01-29 09:10:29
TXN-00001789,ACC-000049,MER-00048,IDEMP-00001789,USD,2037,COMPLETED,2026-02-01 22:06:44,2026-02-01 22:13:11
TXN-00001790,ACC-000086,MER-00017,IDEMP-00001790,SGD,1154,COMPLETED,2026-01-28 14:10:56,2026-01-28 14:19:33
TXN-00001791,ACC-000447,MER-00002,IDEMP-00001791,SGD,6735,COMPLETED,2026-02-01 02:59:22,2026-02-01 03:08:35
TXN-00001792,ACC-000341,MER-00059,IDEMP-00001792,THB,1491,COMPLETED,2026-02-15 07:55:23,2026-02-15 07:59:55
TXN-00001793,ACC-000198,MER-00008,IDEMP-00001793,THB,378,COMPLETED,2026-01-09 13:32:08,2026-01-09 13:40:16
TXN-00001794,ACC-000408,MER-00041,IDEMP-00001794,THB,5863,DECLINED,2026-02-09 18:33:26,2026-02-09 18:33:58
TXN-00001795,ACC-000371,MER-00045,IDEMP-00001795,USD,3136,COMPLETED,2026-01-03 08:25:31,2026-01-03 08:27:59
TXN-00001796,ACC-000159,MER-00033,IDEMP-00001796,USD,15090,COMPLETED,2026-02-23 10:20:07,2026-02-23 10:21:25
TXN-00001797,ACC-000076,MER-00032,IDEMP-00001797,USD,4684,COMPLETED,2026-02-23 10:06:07,2026-02-23 10:07:05
TXN-00001798,ACC-000293,MER-00074,IDEMP-00001798,THB,978,COMPLETED,2026-02-09 15:21:44,2026-02-09 15:23:02
TXN-00001799,ACC-000074,MER-00036,IDEMP-00001799,THB,10252,COMPLETED,2026-02-12 11:42:58,2026-02-12 11:47:07
TXN-00001800,ACC-000444,MER-00066,IDEMP-00001800,THB,3283,PENDING,2026-02-10 12:41:32,
TXN-00001801,ACC-000043,MER-00046,IDEMP-00001801,SGD,12968,COMPLETED,2026-02-02 04:06:12,2026-02-02 04:14:07
TXN-00001802,ACC-000311,MER-00026,IDEMP-00001802,USD,8193,COMPLETED,2026-02-22 15:43:04,2026-02-22 15:49:17
TXN-00001803,ACC-000133,MER-00059,IDEMP-00001803,USD,2282,DECLINED,2026-02-07 06:02:39,2026-02-07 06:10:24
TXN-00001804,ACC-000438,MER-00003,IDEMP-00001804,USD,3503,PENDING,2026-02-10 08:10:46,
TXN-00001805,ACC-000348,MER-00075,IDEMP-00001805,SGD,17336,COMPLETED,2026-02-10 02:55:57,2026-02-10 02:58:13
TXN-00001806,ACC-000163,MER-00036,IDEMP-00001806,SGD,2295,COMPLETED,2026-01-31 16:27:30,2026-01-31 16:29:21
TXN-00001807,ACC-000304,MER-00054,IDEMP-00001807,SGD,16024,PENDING,2026-01-30 09:01:28,
TXN-00001808,ACC-000358,MER-00018,IDEMP-00001808,THB,38127,COMPLETED,2026-02-07 19:06:34,2026-02-07 19:12:43
TXN-00001809,ACC-000406,MER-00007,IDEMP-00001809,THB,904,DECLINED,2026-01-17 14:23:04,2026-01-17 14:32:05
TXN-00001810,ACC-000294,MER-00069,IDEMP-00001810,SGD,977,COMPLETED,2026-02-23 20:44:52,2026-02-23 20:44:56
TXN-00001811,ACC-000310,MER-00051,IDEMP-00001811,THB,5766,COMPLETED,2026-02-14 02:37:34,2026-02-14 02:46:54
TXN-00001812,ACC-000070,MER-00015,IDEMP-00001812,THB,4208,COMPLETED,2026-01-09 05:56:15,2026-01-09 06:03:12
TXN-00001813,ACC-000442,MER-00027,IDEMP-00001813,SGD,5954,COMPLETED,2026-01-11 08:51:32,2026-01-11 08:53:18
TXN-00001814,ACC-000063,MER-00022,IDEMP-00001814,THB,2234,CANCELLED,2026-02-26 08:12:18,2026-02-26 08:15:20
TXN-00001815,ACC-000253,MER-00031,IDEMP-00001815,SGD,11134,COMPLETED,2026-01-03 11:44:46,2026-01-03 11:46:43
TXN-00001816,ACC-000438,MER-00074,IDEMP-00001816,USD,1572,COMPLETED,2026-02-02 04:23:11,2026-02-02 04:32:25
TXN-00001817,ACC-000393,MER-00035,IDEMP-00001817,THB,1300,COMPLETED,2026-02-17 21:19:41,2026-02-17 21:23:01
TXN-00001818,ACC-000434,MER-00051,IDEMP-00001818,USD,2733,COMPLETED,2026-02-26 11:46:05,2026-02-26 11:53:18
TXN-00001819,ACC-000289,MER-00068,IDEMP-00001819,SGD,7359,COMPLETED,2026-02-06 18:03:02,2026-02-06 18:12:15
TXN-00001820,ACC-000426,MER-00070,IDEMP-00001820,USD,8684,COMPLETED,2026-01-30 01:26:21,2026-01-30 01:34:11
TXN-00001821,ACC-000127,MER-00071,IDEMP-00001821,SGD,5376,COMPLETED,2026-01-25 03:53:50,2026-01-25 04:02:24
TXN-00001822,ACC-000096,MER-00049,IDEMP-00001822,SGD,2582,COMPLETED,2026-02-26 09:13:02,2026-02-26 09:21:31
TXN-00001823,ACC-000103,MER-00007,IDEMP-00001823,USD,20649,COMPLETED,2026-02-08 18:42:36,2026-02-08 18:43:33
TXN-00001824,ACC-000209,MER-00077,IDEMP-00001824,USD,1131,COMPLETED,2026-02-25 23:12:07,2026-02-25 23:19:51
TXN-00001825,ACC-000419,MER-00011,IDEMP-00001825,SGD,8201,DECLINED,2026-02-16 13:41:47,2026-02-16 13:45:22
TXN-00001826,ACC-000223,MER-00046,IDEMP-00001826,SGD,2929,COMPLETED,2026-01-24 15:18:35,2026-01-24 15:25:12
TXN-00001827,ACC-000446,MER-00060,IDEMP-00001827,THB,6468,COMPLETED,2026-01-26 09:01:35,2026-01-26 09:08:42
TXN-00001828,ACC-000051,MER-00077,IDEMP-00001828,USD,1845,COMPLETED,2026-02-14 21:14:43,2026-02-14 21:16:00
TXN-00001829,ACC-000001,MER-00016,IDEMP-00001829,THB,7568,COMPLETED,2026-02-14 16:15:04,2026-02-14 16:16:49
TXN-00001830,ACC-000337,MER-00045,IDEMP-00001830,THB,3596,COMPLETED,2026-01-28 14:24:49,2026-01-28 14:34:31
TXN-00001831,ACC-000071,MER-00046,IDEMP-00001831,USD,5975,COMPLETED,2026-02-19 05:56:41,2026-02-19 05:59:05
TXN-00001832,ACC-000430,MER-00056,IDEMP-00001832,THB,1012,COMPLETED,2026-01-25 06:38:52,2026-01-25 06:47:13
TXN-00001833,ACC-000373,MER-00001,IDEMP-00001833,SGD,2556,COMPLETED,2026-02-19 21:47:50,2026-02-19 21:52:48
TXN-00001834,ACC-000373,MER-00002,IDEMP-00001834,SGD,10286,COMPLETED,2026-01-10 07:12:12,2026-01-10 07:13:35
TXN-00001835,ACC-000219,MER-00037,IDEMP-00001835,SGD,6249,COMPLETED,2026-01-06 09:54:42,2026-01-06 09:59:46
TXN-00001836,ACC-000269,MER-00010,IDEMP-00001836,SGD,26790,DECLINED,2026-02-15 09:08:10,2026-02-15 09:09:49
TXN-00001837,ACC-000199,MER-00062,IDEMP-00001837,USD,6180,COMPLETED,2026-02-05 21:37:43,2026-02-05 21:41:32
TXN-00001838,ACC-000322,MER-00079,IDEMP-00001838,SGD,476,COMPLETED,2026-01-01 02:36:55,2026-01-01 02:46:28
TXN-00001839,ACC-000352,MER-00042,IDEMP-00001839,SGD,2350,COMPLETED,2026-01-06 01:26:23,2026-01-06 01:29:27
TXN-00001840,ACC-000111,MER-00005,IDEMP-00001840,SGD,5295,COMPLETED,2026-03-01 16:38:15,2026-03-01 16:46:31
TXN-00001841,ACC-000189,MER-00077,IDEMP-00001841,SGD,4709,COMPLETED,2026-01-08 19:39:45,2026-01-08 19:40:02
TXN-00001842,ACC-000301,MER-00032,IDEMP-00001842,THB,1994,COMPLETED,2026-02-04 23:31:04,2026-02-04 23:31:29
TXN-00001843,ACC-000179,MER-00063,IDEMP-00001843,THB,4123,COMPLETED,2026-01-10 20:29:23,2026-01-10 20:35:14
TXN-00001844,ACC-000342,MER-00020,IDEMP-00001844,USD,4992,COMPLETED,2026-01-11 02:17:05,2026-01-11 02:20:52
TXN-00001845,ACC-000425,MER-00080,IDEMP-00001845,THB,6439,COMPLETED,2026-01-21 19:57:38,2026-01-21 20:03:48
TXN-00001846,ACC-000449,MER-00028,IDEMP-00001846,SGD,5017,COMPLETED,2026-01-27 01:02:59,2026-01-27 01:05:16
TXN-00001847,ACC-000042,MER-00005,IDEMP-00001847,THB,10180,PENDING,2026-02-08 07:33:32,
TXN-00001848,ACC-000030,MER-00079,IDEMP-00001848,SGD,4343,COMPLETED,2026-02-06 10:02:53,2026-02-06 10:10:39
TXN-00001849,ACC-000389,MER-00031,IDEMP-00001849,THB,1990,COMPLETED,2026-02-17 00:45:34,2026-02-17 00:52:06
TXN-00001850,ACC-000139,MER-00045,IDEMP-00001850,SGD,1972,PENDING,2026-02-23 01:11:15,
TXN-00001851,ACC-000150,MER-00058,IDEMP-00001851,SGD,6544,CANCELLED,2026-01-21 21:39:24,2026-01-21 21:48:50
TXN-00001852,ACC-000330,MER-00065,IDEMP-00001852,USD,7312,COMPLETED,2026-01-11 21:31:28,2026-01-11 21:35:29
TXN-00001853,ACC-000281,MER-00004,IDEMP-00001853,SGD,593,COMPLETED,2026-01-09 19:52:02,2026-01-09 19:59:15
TXN-00001854,ACC-000130,MER-00064,IDEMP-00001854,SGD,715,COMPLETED,2026-02-02 03:42:33,2026-02-02 03:51:38
TXN-00001855,ACC-000040,MER-00015,IDEMP-00001855,USD,1272,COMPLETED,2026-02-11 14:23:58,2026-02-11 14:29:56
TXN-00001856,ACC-000032,MER-00044,IDEMP-00001856,SGD,938,COMPLETED,2026-02-24 11:12:43,2026-02-24 11:19:12
TXN-00001857,ACC-000166,MER-00027,IDEMP-00001857,SGD,18378,PENDING,2026-02-10 19:41:27,
TXN-00001858,ACC-000018,MER-00067,IDEMP-00001858,THB,3103,COMPLETED,2026-01-18 15:36:35,2026-01-18 15:45:55
TXN-00001859,ACC-000437,MER-00023,IDEMP-00001859,THB,2422,PENDING,2026-01-31 16:29:32,
TXN-00001860,ACC-000404,MER-00012,IDEMP-00001860,SGD,14302,COMPLETED,2026-01-12 14:50:28,2026-01-12 14:54:36
TXN-00001861,ACC-000282,MER-00065,IDEMP-00001861,THB,1953,COMPLETED,2026-02-20 18:01:50,2026-02-20 18:08:40
TXN-00001862,ACC-000159,MER-00065,IDEMP-00001862,USD,6936,COMPLETED,2026-02-02 11:38:01,2026-02-02 11:44:15
TXN-00001863,ACC-000015,MER-00018,IDEMP-00001863,USD,10492,COMPLETED,2026-01-05 14:12:04,2026-01-05 14:21:21
TXN-00001864,ACC-000080,MER-00077,IDEMP-00001864,USD,8085,COMPLETED,2026-02-25 17:18:46,2026-02-25 17:24:24
TXN-00001865,ACC-000358,MER-00048,IDEMP-00001865,THB,5262,COMPLETED,2026-01-29 05:21:16,2026-01-29 05:26:58
TXN-00001866,ACC-000081,MER-00014,IDEMP-00001866,USD,1546,COMPLETED,2026-02-13 11:06:12,2026-02-13 11:08:03
TXN-00001867,ACC-000364,MER-00006,IDEMP-00001867,THB,3187,COMPLETED,2026-01-31 13:26:49,2026-01-31 13:33:43
TXN-00001868,ACC-000398,MER-00059,IDEMP-00001868,THB,3188,COMPLETED,2026-01-01 10:51:41,2026-01-01 10:56:25
TXN-00001869,ACC-000136,MER-00015,IDEMP-00001869,SGD,9102,DECLINED,2026-01-12 05:19:22,2026-01-12 05:24:16
TXN-00001870,ACC-000220,MER-00044,IDEMP-00001870,SGD,5458,COMPLETED,2026-02-19 06:39:05,2026-02-19 06:46:05
TXN-00001871,ACC-000348,MER-00061,IDEMP-00001871,SGD,10213,DECLINED,2026-02-03 15:10:14,2026-02-03 15:12:00
TXN-00001872,ACC-000226,MER-00051,IDEMP-00001872,THB,2357,PENDING,2026-01-31 06:24:20,
TXN-00001873,ACC-000072,MER-00001,IDEMP-00001873,THB,1950,COMPLETED,2026-01-26 09:55:14,2026-01-26 10:03:19
TXN-00001874,ACC-000323,MER-00065,IDEMP-00001874,USD,44725,COMPLETED,2026-02-28 08:40:19,2026-02-28 08:43:40
TXN-00001875,ACC-000333,MER-00068,IDEMP-00001875,USD,2292,CANCELLED,2026-01-10 01:03:40,2026-01-10 01:09:36
TXN-00001876,ACC-000142,MER-00014,IDEMP-00001876,THB,2965,COMPLETED,2026-02-03 02:51:36,2026-02-03 03:00:05
TXN-00001877,ACC-000308,MER-00030,IDEMP-00001877,SGD,4250,COMPLETED,2026-01-24 14:15:43,2026-01-24 14:19:57
TXN-00001878,ACC-000204,MER-00056,IDEMP-00001878,THB,3311,COMPLETED,2026-02-20 22:35:56,2026-02-20 22:41:09
TXN-00001879,ACC-000354,MER-00068,IDEMP-00001879,USD,1790,COMPLETED,2026-01-04 16:00:20,2026-01-04 16:08:57
TXN-00001880,ACC-000163,MER-00070,IDEMP-00001880,SGD,6146,COMPLETED,2026-01-23 07:46:07,2026-01-23 07:48:48
TXN-00001881,ACC-000266,MER-00071,IDEMP-00001881,THB,704,COMPLETED,2026-02-16 12:58:22,2026-02-16 13:04:45
TXN-00001882,ACC-000031,MER-00031,IDEMP-00001882,THB,9686,DECLINED,2026-03-01 19:05:30,2026-03-01 19:11:16
TXN-00001883,ACC-000432,MER-00058,IDEMP-00001883,SGD,4447,COMPLETED,2026-02-20 00:58:34,2026-02-20 01:07:03
TXN-00001884,ACC-000342,MER-00031,IDEMP-00001884,USD,7610,COMPLETED,2026-01-29 16:06:06,2026-01-29 16:11:07
TXN-00001885,ACC-000376,MER-00006,IDEMP-00001885,THB,9986,COMPLETED,2026-01-30 15:26:44,2026-01-30 15:35:55
TXN-00001886,ACC-000229,MER-00025,IDEMP-00001886,SGD,2813,COMPLETED,2026-02-07 08:20:29,2026-02-07 08:21:38
TXN-00001887,ACC-000198,MER-00074,IDEMP-00001887,THB,7655,COMPLETED,2026-01-25 15:21:31,2026-01-25 15:26:00
TXN-00001888,ACC-000388,MER-00041,IDEMP-00001888,USD,3383,DECLINED,2026-01-04 05:52:37,2026-01-04 05:54:42
TXN-00001889,ACC-000357,MER-00071,IDEMP-00001889,SGD,1813,PENDING,2026-02-14 01:49:02,
TXN-00001890,ACC-000025,MER-00079,IDEMP-00001890,USD,3499,COMPLETED,2026-02-19 02:36:49,2026-02-19 02:40:20
TXN-00001891,ACC-000010,MER-00044,IDEMP-00001891,USD,3140,COMPLETED,2026-02-11 22:52:14,2026-02-11 23:00:00
TXN-00001892,ACC-000138,MER-00034,IDEMP-00001892,SGD,3862,COMPLETED,2026-01-20 01:18:18,2026-01-20 01:21:33
TXN-00001893,ACC-000254,MER-00077,IDEMP-00001893,USD,2904,COMPLETED,2026-01-29 14:00:44,2026-01-29 14:02:38
TXN-00001894,ACC-000298,MER-00068,IDEMP-00001894,SGD,2659,COMPLETED,2026-01-08 12:45:32,2026-01-08 12:52:22
TXN-00001895,ACC-000214,MER-00020,IDEMP-00001895,THB,1952,PENDING,2026-01-13 22:44:52,
TXN-00001896,ACC-000031,MER-00003,IDEMP-00001896,THB,14595,COMPLETED,2026-01-01 21:22:45,2026-01-01 21:30:35
TXN-00001897,ACC-000016,MER-00025,IDEMP-00001897,SGD,2515,COMPLETED,2026-03-01 00:12:39,2026-03-01 00:13:48
TXN-00001898,ACC-000044,MER-00004,IDEMP-00001898,USD,5757,COMPLETED,2026-01-03 19:52:55,2026-01-03 20:00:55
TXN-00001899,ACC-000078,MER-00013,IDEMP-00001899,SGD,3197,COMPLETED,2026-02-24 09:54:26,2026-02-24 10:00:23
TXN-00001900,ACC-000396,MER-00015,IDEMP-00001900,THB,1994,DECLINED,2026-03-01 21:17:32,2026-03-01 21:20:48
TXN-00001901,ACC-000332,MER-00057,IDEMP-00001901,THB,5942,COMPLETED,2026-01-21 08:02:24,2026-01-21 08:07:18
TXN-00001902,ACC-000047,MER-00058,IDEMP-00001902,THB,10934,COMPLETED,2026-01-24 07:24:20,2026-01-24 07:26:28
TXN-00001903,ACC-000413,MER-00016,IDEMP-00001903,USD,1318,COMPLETED,2026-01-13 16:57:53,2026-01-13 17:06:02
TXN-00001904,ACC-000274,MER-00074,IDEMP-00001904,USD,2717,COMPLETED,2026-01-17 08:47:16,2026-01-17 08:48:20
TXN-00001905,ACC-000348,MER-00040,IDEMP-00001905,SGD,10722,COMPLETED,2026-02-01 20:54:37,2026-02-01 21:03:43
TXN-00001906,ACC-000371,MER-00050,IDEMP-00001906,USD,1179,PENDING,2026-02-02 22:59:52,
TXN-00001907,ACC-000153,MER-00042,IDEMP-00001907,SGD,3637,COMPLETED,2026-02-05 20:26:32,2026-02-05 20:30:04
TXN-00001908,ACC-000102,MER-00079,IDEMP-00001908,THB,1692,COMPLETED,2026-02-06 07:44:41,2026-02-06 07:50:30
TXN-00001909,ACC-000180,MER-00007,IDEMP-00001909,SGD,5501,COMPLETED,2026-01-17 17:46:19,2026-01-17 17:53:02
TXN-00001910,ACC-000423,MER-00008,IDEMP-00001910,USD,654,COMPLETED,2026-01-19 01:08:18,2026-01-19 01:13:37
TXN-00001911,ACC-000184,MER-00012,IDEMP-00001911,SGD,649,DECLINED,2026-01-12 01:53:36,2026-01-12 01:56:38
TXN-00001912,ACC-000118,MER-00021,IDEMP-00001912,THB,6383,CANCELLED,2026-01-24 10:27:08,2026-01-24 10:31:38
TXN-00001913,ACC-000400,MER-00039,IDEMP-00001913,SGD,18646,COMPLETED,2026-01-24 23:31:08,2026-01-24 23:32:43
TXN-00001914,ACC-000085,MER-00032,IDEMP-00001914,USD,1579,COMPLETED,2026-02-23 21:25:35,2026-02-23 21:27:55
TXN-00001915,ACC-000042,MER-00023,IDEMP-00001915,THB,2519,COMPLETED,2026-01-21 13:20:43,2026-01-21 13:25:24
TXN-00001916,ACC-000018,MER-00004,IDEMP-00001916,THB,2019,DECLINED,2026-01-10 13:09:00,2026-01-10 13:13:22
TXN-00001917,ACC-000408,MER-00057,IDEMP-00001917,THB,1406,COMPLETED,2026-01-21 13:25:34,2026-01-21 13:32:54
TXN-00001918,ACC-000438,MER-00033,IDEMP-00001918,USD,3813,COMPLETED,2026-01-28 03:38:33,2026-01-28 03:39:33
TXN-00001919,ACC-000292,MER-00001,IDEMP-00001919,THB,2576,COMPLETED,2026-01-31 00:18:25,2026-01-31 00:20:36
TXN-00001920,ACC-000374,MER-00034,IDEMP-00001920,USD,4151,COMPLETED,2026-01-22 15:40:51,2026-01-22 15:48:31
TXN-00001921,ACC-000261,MER-00015,IDEMP-00001921,THB,4024,COMPLETED,2026-02-19 07:34:43,2026-02-19 07:42:04
TXN-00001922,ACC-000125,MER-00013,IDEMP-00001922,USD,3117,COMPLETED,2026-01-10 20:42:01,2026-01-10 20:44:07
TXN-00001923,ACC-000343,MER-00013,IDEMP-00001923,THB,11156,COMPLETED,2026-02-03 09:22:55,2026-02-03 09:26:14
TXN-00001924,ACC-000242,MER-00010,IDEMP-00001924,SGD,11291,COMPLETED,2026-01-08 04:43:44,2026-01-08 04:53:11
TXN-00001925,ACC-000038,MER-00080,IDEMP-00001925,THB,8347,PENDING,2026-02-05 04:40:58,
TXN-00001926,ACC-000067,MER-00025,IDEMP-00001926,THB,4178,COMPLETED,2026-02-23 13:23:33,2026-02-23 13:25:31
TXN-00001927,ACC-000288,MER-00004,IDEMP-00001927,USD,3612,COMPLETED,2026-02-18 20:27:38,2026-02-18 20:30:25
TXN-00001928,ACC-000113,MER-00054,IDEMP-00001928,THB,1672,COMPLETED,2026-01-10 21:48:47,2026-01-10 21:54:07
TXN-00001929,ACC-000206,MER-00016,IDEMP-00001929,SGD,2159,COMPLETED,2026-01-18 14:29:13,2026-01-18 14:36:26
TXN-00001930,ACC-000133,MER-00069,IDEMP-00001930,USD,28336,COMPLETED,2026-01-30 14:13:40,2026-01-30 14:19:20
TXN-00001931,ACC-000241,MER-00053,IDEMP-00001931,THB,1437,COMPLETED,2026-01-27 18:05:34,2026-01-27 18:11:22
TXN-00001932,ACC-000368,MER-00022,IDEMP-00001932,THB,2243,PENDING,2026-02-22 03:23:39,
TXN-00001933,ACC-000328,MER-00059,IDEMP-00001933,THB,11633,COMPLETED,2026-02-18 03:15:03,2026-02-18 03:15:20
TXN-00001934,ACC-000200,MER-00063,IDEMP-00001934,USD,4008,COMPLETED,2026-02-28 20:33:40,2026-02-28 20:35:00
TXN-00001935,ACC-000288,MER-00019,IDEMP-00001935,USD,3500,CANCELLED,2026-01-03 00:32:04,2026-01-03 00:33:52
TXN-00001936,ACC-000017,MER-00068,IDEMP-00001936,USD,10782,COMPLETED,2026-01-10 03:14:35,2026-01-10 03:14:50
TXN-00001937,ACC-000001,MER-00017,IDEMP-00001937,THB,10605,COMPLETED,2026-02-09 20:11:54,2026-02-09 20:16:01
TXN-00001938,ACC-000258,MER-00014,IDEMP-00001938,THB,10647,DECLINED,2026-02-06 23:06:19,2026-02-06 23:12:04
TXN-00001939,ACC-000427,MER-00080,IDEMP-00001939,THB,2608,COMPLETED,2026-02-21 22:21:35,2026-02-21 22:23:38
TXN-00001940,ACC-000055,MER-00055,IDEMP-00001940,THB,2529,COMPLETED,2026-01-25 02:36:02,2026-01-25 02:37:51
TXN-00001941,ACC-000267,MER-00010,IDEMP-00001941,USD,2097,COMPLETED,2026-01-06 16:33:14,2026-01-06 16:34:18
TXN-00001942,ACC-000421,MER-00044,IDEMP-00001942,SGD,5848,DECLINED,2026-01-23 18:16:37,2026-01-23 18:22:01
TXN-00001943,ACC-000402,MER-00045,IDEMP-00001943,USD,7126,COMPLETED,2026-01-16 20:53:44,2026-01-16 20:54:38
TXN-00001944,ACC-000231,MER-00010,IDEMP-00001944,USD,4609,PENDING,2026-01-16 10:41:13,
TXN-00001945,ACC-000229,MER-00042,IDEMP-00001945,SGD,6209,CANCELLED,2026-01-05 16:58:22,2026-01-05 17:03:20
TXN-00001946,ACC-000287,MER-00048,IDEMP-00001946,USD,5252,COMPLETED,2026-02-01 14:38:48,2026-02-01 14:45:28
TXN-00001947,ACC-000397,MER-00043,IDEMP-00001947,THB,684,DECLINED,2026-01-15 16:46:50,2026-01-15 16:53:05
TXN-00001948,ACC-000400,MER-00002,IDEMP-00001948,SGD,7283,COMPLETED,2026-02-23 11:22:29,2026-02-23 11:30:17
TXN-00001949,ACC-000057,MER-00065,IDEMP-00001949,THB,4122,COMPLETED,2026-01-19 07:01:00,2026-01-19 07:07:59
TXN-00001950,ACC-000114,MER-00038,IDEMP-00001950,THB,36825,COMPLETED,2026-01-29 16:50:45,2026-01-29 16:51:51
TXN-00001951,ACC-000417,MER-00001,IDEMP-00001951,USD,2786,COMPLETED,2026-01-15 22:38:57,2026-01-15 22:43:49
TXN-00001952,ACC-000301,MER-00062,IDEMP-00001952,THB,1947,DECLINED,2026-01-19 18:43:55,2026-01-19 18:53:20
TXN-00001953,ACC-000063,MER-00078,IDEMP-00001953,THB,4946,PENDING,2026-02-28 02:51:01,
TXN-00001954,ACC-000300,MER-00041,IDEMP-00001954,THB,22371,PENDING,2026-02-15 07:42:18,
TXN-00001955,ACC-000188,MER-00036,IDEMP-00001955,SGD,19602,COMPLETED,2026-02-21 09:47:55,2026-02-21 09:51:54
TXN-00001956,ACC-000381,MER-00062,IDEMP-00001956,USD,15118,COMPLETED,2026-01-01 05:17:45,2026-01-01 05:23:45
TXN-00001957,ACC-000369,MER-00052,IDEMP-00001957,USD,15187,COMPLETED,2026-01-02 04:45:04,2026-01-02 04:49:56
TXN-00001958,ACC-000326,MER-00044,IDEMP-00001958,USD,2781,COMPLETED,2026-02-19 10:48:39,2026-02-19 10:53:48
TXN-00001959,ACC-000016,MER-00008,IDEMP-00001959,SGD,13778,COMPLETED,2026-02-21 07:38:09,2026-02-21 07:40:18
TXN-00001960,ACC-000416,MER-00021,IDEMP-00001960,THB,2749,COMPLETED,2026-02-06 05:57:40,2026-02-06 05:59:38
TXN-00001961,ACC-000009,MER-00017,IDEMP-00001961,SGD,4041,COMPLETED,2026-02-13 05:58:32,2026-02-13 06:04:56
TXN-00001962,ACC-000136,MER-00040,IDEMP-00001962,SGD,6421,COMPLETED,2026-01-22 06:58:38,2026-01-22 07:08:07
TXN-00001963,ACC-000124,MER-00071,IDEMP-00001963,USD,12529,COMPLETED,2026-02-17 00:03:32,2026-02-17 00:11:40
TXN-00001964,ACC-000111,MER-00039,IDEMP-00001964,SGD,5135,COMPLETED,2026-02-28 05:13:44,2026-02-28 05:21:32
TXN-00001965,ACC-000200,MER-00025,IDEMP-00001965,USD,1880,CANCELLED,2026-01-08 09:04:48,2026-01-08 09:09:42
TXN-00001966,ACC-000215,MER-00002,IDEMP-00001966,THB,3499,COMPLETED,2026-01-15 05:31:01,2026-01-15 05:38:35
TXN-00001967,ACC-000081,MER-00069,IDEMP-00001967,USD,3555,PENDING,2026-01-24 11:12:10,
TXN-00001968,ACC-000062,MER-00022,IDEMP-00001968,USD,3318,COMPLETED,2026-01-28 14:40:12,2026-01-28 14:50:03
TXN-00001969,ACC-000251,MER-00020,IDEMP-00001969,USD,12656,COMPLETED,2026-01-07 10:59:14,2026-01-07 11:05:36
TXN-00001970,ACC-000243,MER-00032,IDEMP-00001970,SGD,11266,COMPLETED,2026-02-11 19:54:56,2026-02-11 20:00:22
TXN-00001971,ACC-000137,MER-00060,IDEMP-00001971,SGD,10723,DECLINED,2026-02-01 00:17:40,2026-02-01 00:24:17
TXN-00001972,ACC-000399,MER-00075,IDEMP-00001972,USD,7698,COMPLETED,2026-01-21 06:28:58,2026-01-21 06:33:55
TXN-00001973,ACC-000385,MER-00061,IDEMP-00001973,THB,2082,PENDING,2026-02-17 17:55:04,
TXN-00001974,ACC-000220,MER-00032,IDEMP-00001974,SGD,3556,CANCELLED,2026-02-21 10:45:46,2026-02-21 10:53:09
TXN-00001975,ACC-000255,MER-00008,IDEMP-00001975,SGD,4473,COMPLETED,2026-02-16 03:07:29,2026-02-16 03:17:25
TXN-00001976,ACC-000042,MER-00054,IDEMP-00001976,THB,5535,PENDING,2026-02-13 23:19:43,
TXN-00001977,ACC-000272,MER-00023,IDEMP-00001977,THB,9305,COMPLETED,2026-01-02 19:56:28,2026-01-02 20:02:12
TXN-00001978,ACC-000323,MER-00008,IDEMP-00001978,USD,3667,DECLINED,2026-01-19 10:33:36,2026-01-19 10:39:14
TXN-00001979,ACC-000130,MER-00078,IDEMP-00001979,SGD,8530,COMPLETED,2026-02-12 07:18:17,2026-02-12 07:25:18
TXN-00001980,ACC-000093,MER-00020,IDEMP-00001980,SGD,2466,COMPLETED,2026-01-14 03:25:38,2026-01-14 03:34:03
TXN-00001981,ACC-000433,MER-00011,IDEMP-00001981,SGD,4004,COMPLETED,2026-01-18 14:55:23,2026-01-18 15:04:07
TXN-00001982,ACC-000004,MER-00022,IDEMP-00001982,THB,3731,COMPLETED,2026-01-29 13:25:29,2026-01-29 13:27:24
TXN-00001983,ACC-000246,MER-00025,IDEMP-00001983,THB,2248,COMPLETED,2026-01-26 12:49:47,2026-01-26 12:55:56
TXN-00001984,ACC-000348,MER-00014,IDEMP-00001984,SGD,2675,COMPLETED,2026-02-16 12:47:18,2026-02-16 12:48:41
TXN-00001985,ACC-000081,MER-00063,IDEMP-00001985,USD,7762,COMPLETED,2026-02-01 16:57:02,2026-02-01 17:06:20
TXN-00001986,ACC-000320,MER-00069,IDEMP-00001986,USD,1341,DECLINED,2026-01-24 21:57:19,2026-01-24 21:58:17
TXN-00001987,ACC-000292,MER-00049,IDEMP-00001987,THB,15179,COMPLETED,2026-02-08 03:59:20,2026-02-08 04:00:37
TXN-00001988,ACC-000365,MER-00035,IDEMP-00001988,USD,320,COMPLETED,2026-02-10 17:04:28,2026-02-10 17:14:05
TXN-00001989,ACC-000272,MER-00021,IDEMP-00001989,THB,4487,COMPLETED,2026-01-16 09:43:03,2026-01-16 09:49:50
TXN-00001990,ACC-000160,MER-00071,IDEMP-00001990,USD,13181,COMPLETED,2026-02-25 05:14:32,2026-02-25 05:15:11
TXN-00001991,ACC-000294,MER-00078,IDEMP-00001991,SGD,2263,COMPLETED,2026-01-09 12:12:22,2026-01-09 12:17:29
TXN-00001992,ACC-000316,MER-00035,IDEMP-00001992,SGD,1134,COMPLETED,2026-01-14 06:46:32,2026-01-14 06:53:13
TXN-00001993,ACC-000247,MER-00055,IDEMP-00001993,USD,1033,PENDING,2026-01-06 09:43:14,
TXN-00001994,ACC-000171,MER-00061,IDEMP-00001994,SGD,2978,COMPLETED,2026-02-24 14:41:34,2026-02-24 14:45:01
TXN-00001995,ACC-000333,MER-00030,IDEMP-00001995,USD,2521,COMPLETED,2026-02-19 06:22:28,2026-02-19 06:32:05
TXN-00001996,ACC-000171,MER-00071,IDEMP-00001996,SGD,4026,COMPLETED,2026-02-27 15:07:55,2026-02-27 15:09:36
TXN-00001997,ACC-000111,MER-00043,IDEMP-00001997,SGD,17390,COMPLETED,2026-02-23 20:01:15,2026-02-23 20:08:40
TXN-00001998,ACC-000318,MER-00069,IDEMP-00001998,THB,645,COMPLETED,2026-01-24 17:13:53,2026-01-24 17:14:16
TXN-00001999,ACC-000230,MER-00044,IDEMP-00001999,THB,7800,COMPLETED,2026-01-30 05:30:31,2026-01-30 05:33:24
TXN-00002000,ACC-000211,MER-00032,IDEMP-00002000,USD,2992,COMPLETED,2026-01-18 05:38:05,2026-01-18 05:41:52
TXN-00002001,ACC-000263,MER-00001,IDEMP-00002001,SGD,4061,PENDING,2026-02-22 04:30:29,
TXN-00002002,ACC-000301,MER-00063,IDEMP-00002002,THB,2498,COMPLETED,2026-01-06 12:03:35,2026-01-06 12:08:14
TXN-00002003,ACC-000220,MER-00055,IDEMP-00002003,SGD,4130,COMPLETED,2026-01-25 16:28:08,2026-01-25 16:36:30
TXN-00002004,ACC-000053,MER-00078,IDEMP-00002004,THB,37138,COMPLETED,2026-01-01 02:54:49,2026-01-01 03:03:41
TXN-00002005,ACC-000349,MER-00042,IDEMP-00002005,USD,1562,COMPLETED,2026-02-27 22:36:30,2026-02-27 22:39:55
TXN-00002006,ACC-000288,MER-00026,IDEMP-00002006,USD,1765,COMPLETED,2026-01-09 09:02:21,2026-01-09 09:05:26
TXN-00002007,ACC-000206,MER-00008,IDEMP-00002007,SGD,3419,COMPLETED,2026-02-16 13:15:46,2026-02-16 13:21:22
TXN-00002008,ACC-000428,MER-00017,IDEMP-00002008,USD,33401,COMPLETED,2026-01-24 10:18:25,2026-01-24 10:21:47
TXN-00002009,ACC-000117,MER-00075,IDEMP-00002009,SGD,12916,COMPLETED,2026-01-08 01:14:48,2026-01-08 01:15:38
TXN-00002010,ACC-000362,MER-00029,IDEMP-00002010,SGD,651,COMPLETED,2026-01-19 21:12:08,2026-01-19 21:19:31
TXN-00002011,ACC-000374,MER-00035,IDEMP-00002011,USD,7999,COMPLETED,2026-01-29 11:52:33,2026-01-29 11:57:07
TXN-00002012,ACC-000381,MER-00010,IDEMP-00002012,USD,4000,COMPLETED,2026-02-05 00:30:52,2026-02-05 00:38:55
TXN-00002013,ACC-000248,MER-00019,IDEMP-00002013,USD,4660,COMPLETED,2026-02-04 14:45:21,2026-02-04 14:51:12
TXN-00002014,ACC-000093,MER-00067,IDEMP-00002014,SGD,10529,COMPLETED,2026-02-12 14:38:13,2026-02-12 14:46:02
TXN-00002015,ACC-000138,MER-00074,IDEMP-00002015,SGD,9471,PENDING,2026-01-23 03:07:49,
TXN-00002016,ACC-000168,MER-00003,IDEMP-00002016,THB,6087,COMPLETED,2026-02-20 03:57:54,2026-02-20 04:03:57
TXN-00002017,ACC-000106,MER-00023,IDEMP-00002017,SGD,1733,COMPLETED,2026-01-16 00:54:58,2026-01-16 01:01:12
TXN-00002018,ACC-000340,MER-00062,IDEMP-00002018,SGD,1125,COMPLETED,2026-02-04 08:37:43,2026-02-04 08:40:11
TXN-00002019,ACC-000220,MER-00052,IDEMP-00002019,SGD,992,PENDING,2026-01-15 13:23:27,
TXN-00002020,ACC-000053,MER-00045,IDEMP-00002020,THB,2810,PENDING,2026-01-03 07:29:20,
TXN-00002021,ACC-000080,MER-00022,IDEMP-00002021,USD,23521,COMPLETED,2026-01-29 13:29:50,2026-01-29 13:32:13
TXN-00002022,ACC-000156,MER-00076,IDEMP-00002022,USD,25284,COMPLETED,2026-01-01 11:50:15,2026-01-01 11:52:37
TXN-00002023,ACC-000268,MER-00064,IDEMP-00002023,SGD,10827,COMPLETED,2026-02-01 13:40:16,2026-02-01 13:47:28
TXN-00002024,ACC-000002,MER-00075,IDEMP-00002024,USD,3041,COMPLETED,2026-01-20 14:14:42,2026-01-20 14:17:39
TXN-00002025,ACC-000124,MER-00068,IDEMP-00002025,USD,17445,PENDING,2026-01-20 06:01:57,
TXN-00002026,ACC-000291,MER-00068,IDEMP-00002026,USD,324,COMPLETED,2026-01-07 02:22:59,2026-01-07 02:26:47
TXN-00002027,ACC-000147,MER-00006,IDEMP-00002027,USD,831,COMPLETED,2026-02-28 05:29:03,2026-02-28 05:35:40
TXN-00002028,ACC-000414,MER-00034,IDEMP-00002028,USD,2112,CANCELLED,2026-02-23 04:59:09,2026-02-23 04:59:54
TXN-00002029,ACC-000144,MER-00008,IDEMP-00002029,SGD,3136,COMPLETED,2026-01-19 10:34:28,2026-01-19 10:40:33
TXN-00002030,ACC-000408,MER-00016,IDEMP-00002030,THB,906,DECLINED,2026-01-28 11:02:45,2026-01-28 11:07:14
TXN-00002031,ACC-000362,MER-00080,IDEMP-00002031,SGD,1429,CANCELLED,2026-02-15 12:44:33,2026-02-15 12:50:25
TXN-00002032,ACC-000429,MER-00076,IDEMP-00002032,USD,19231,COMPLETED,2026-01-16 08:44:56,2026-01-16 08:50:03
TXN-00002033,ACC-000080,MER-00045,IDEMP-00002033,USD,4499,COMPLETED,2026-02-20 02:15:35,2026-02-20 02:19:28
TXN-00002034,ACC-000166,MER-00076,IDEMP-00002034,SGD,14426,COMPLETED,2026-02-22 14:25:15,2026-02-22 14:25:49
TXN-00002035,ACC-000298,MER-00036,IDEMP-00002035,SGD,16815,COMPLETED,2026-01-24 04:00:19,2026-01-24 04:09:20
TXN-00002036,ACC-000425,MER-00046,IDEMP-00002036,THB,944,DECLINED,2026-02-05 13:21:27,2026-02-05 13:26:31
TXN-00002037,ACC-000024,MER-00020,IDEMP-00002037,SGD,9587,COMPLETED,2026-02-06 00:18:53,2026-02-06 00:21:33
TXN-00002038,ACC-000108,MER-00031,IDEMP-00002038,USD,2505,COMPLETED,2026-03-01 06:51:30,2026-03-01 06:56:40
TXN-00002039,ACC-000017,MER-00026,IDEMP-00002039,USD,5632,COMPLETED,2026-02-05 17:16:17,2026-02-05 17:25:07
TXN-00002040,ACC-000008,MER-00005,IDEMP-00002040,THB,2685,COMPLETED,2026-02-24 22:24:49,2026-02-24 22:31:54
TXN-00002041,ACC-000186,MER-00021,IDEMP-00002041,THB,5605,COMPLETED,2026-01-25 18:50:06,2026-01-25 18:53:26
TXN-00002042,ACC-000030,MER-00002,IDEMP-00002042,SGD,6532,COMPLETED,2026-02-26 01:48:42,2026-02-26 01:51:21
TXN-00002043,ACC-000265,MER-00044,IDEMP-00002043,SGD,6561,COMPLETED,2026-02-02 12:59:03,2026-02-02 13:01:32
TXN-00002044,ACC-000057,MER-00031,IDEMP-00002044,THB,3746,COMPLETED,2026-01-19 21:25:03,2026-01-19 21:27:37
TXN-00002045,ACC-000352,MER-00016,IDEMP-00002045,SGD,6305,COMPLETED,2026-02-02 17:43:40,2026-02-02 17:46:47
TXN-00002046,ACC-000018,MER-00061,IDEMP-00002046,THB,25520,DECLINED,2026-01-29 18:33:52,2026-01-29 18:36:24
TXN-00002047,ACC-000244,MER-00054,IDEMP-00002047,USD,5933,CANCELLED,2026-01-13 19:37:50,2026-01-13 19:46:55
TXN-00002048,ACC-000392,MER-00080,IDEMP-00002048,SGD,3901,COMPLETED,2026-02-09 22:23:12,2026-02-09 22:25:28
TXN-00002049,ACC-000058,MER-00042,IDEMP-00002049,SGD,5094,PENDING,2026-02-24 10:59:55,
TXN-00002050,ACC-000251,MER-00059,IDEMP-00002050,USD,3755,COMPLETED,2026-02-26 15:55:49,2026-02-26 16:03:23
TXN-00002051,ACC-000128,MER-00022,IDEMP-00002051,USD,1993,COMPLETED,2026-01-05 23:49:06,2026-01-05 23:51:44
TXN-00002052,ACC-000319,MER-00039,IDEMP-00002052,SGD,7330,COMPLETED,2026-01-11 08:38:14,2026-01-11 08:46:30
TXN-00002053,ACC-000096,MER-00029,IDEMP-00002053,SGD,2738,COMPLETED,2026-01-15 16:40:50,2026-01-15 16:46:49
TXN-00002054,ACC-000250,MER-00031,IDEMP-00002054,SGD,15947,CANCELLED,2026-02-01 12:04:22,2026-02-01 12:13:05
TXN-00002055,ACC-000366,MER-00078,IDEMP-00002055,USD,1457,COMPLETED,2026-02-19 22:50:06,2026-02-19 22:51:13
TXN-00002056,ACC-000334,MER-00046,IDEMP-00002056,USD,21143,COMPLETED,2026-01-16 04:17:54,2026-01-16 04:17:56
TXN-00002057,ACC-000075,MER-00005,IDEMP-00002057,SGD,2194,COMPLETED,2026-02-14 17:16:08,2026-02-14 17:19:53
TXN-00002058,ACC-000363,MER-00049,IDEMP-00002058,THB,11125,COMPLETED,2026-02-18 15:56:23,2026-02-18 16:00:40
TXN-00002059,ACC-000084,MER-00060,IDEMP-00002059,USD,4614,COMPLETED,2026-01-13 01:38:15,2026-01-13 01:42:15
TXN-00002060,ACC-000224,MER-00026,IDEMP-00002060,THB,33040,COMPLETED,2026-01-24 11:37:53,2026-01-24 11:41:29
TXN-00002061,ACC-000196,MER-00068,IDEMP-00002061,THB,1633,COMPLETED,2026-01-08 08:17:31,2026-01-08 08:27:29
TXN-00002062,ACC-000357,MER-00016,IDEMP-00002062,SGD,5122,COMPLETED,2026-02-08 14:40:50,2026-02-08 14:43:06
TXN-00002063,ACC-000441,MER-00016,IDEMP-00002063,SGD,9742,COMPLETED,2026-01-20 23:08:53,2026-01-20 23:16:35
TXN-00002064,ACC-000010,MER-00032,IDEMP-00002064,USD,4490,DECLINED,2026-01-05 02:30:22,2026-01-05 02:39:01
TXN-00002065,ACC-000072,MER-00051,IDEMP-00002065,THB,13482,COMPLETED,2026-02-10 18:12:26,2026-02-10 18:21:09
TXN-00002066,ACC-000411,MER-00027,IDEMP-00002066,THB,7248,COMPLETED,2026-01-14 02:29:38,2026-01-14 02:39:10
TXN-00002067,ACC-000102,MER-00067,IDEMP-00002067,THB,4843,COMPLETED,2026-02-06 11:03:38,2026-02-06 11:06:02
TXN-00002068,ACC-000427,MER-00058,IDEMP-00002068,THB,9963,COMPLETED,2026-02-21 18:39:56,2026-02-21 18:42:02
TXN-00002069,ACC-000444,MER-00049,IDEMP-00002069,THB,1294,PENDING,2026-02-12 03:49:55,
TXN-00002070,ACC-000289,MER-00075,IDEMP-00002070,SGD,5221,COMPLETED,2026-01-04 11:19:25,2026-01-04 11:25:32
TXN-00002071,ACC-000390,MER-00046,IDEMP-00002071,SGD,10319,COMPLETED,2026-02-13 23:37:24,2026-02-13 23:46:09
TXN-00002072,ACC-000213,MER-00001,IDEMP-00002072,THB,7414,PENDING,2026-01-04 15:14:52,
TXN-00002073,ACC-000141,MER-00048,IDEMP-00002073,USD,12920,COMPLETED,2026-02-12 08:57:54,2026-02-12 08:58:02
TXN-00002074,ACC-000431,MER-00050,IDEMP-00002074,SGD,3713,COMPLETED,2026-02-21 09:53:56,2026-02-21 09:59:43
TXN-00002075,ACC-000080,MER-00009,IDEMP-00002075,USD,10671,PENDING,2026-01-22 15:18:20,
TXN-00002076,ACC-000261,MER-00038,IDEMP-00002076,THB,3833,PENDING,2026-02-28 16:07:14,
TXN-00002077,ACC-000121,MER-00080,IDEMP-00002077,THB,14529,COMPLETED,2026-01-20 14:10:30,2026-01-20 14:11:56
TXN-00002078,ACC-000217,MER-00018,IDEMP-00002078,SGD,42930,COMPLETED,2026-02-04 15:29:00,2026-02-04 15:31:25
TXN-00002079,ACC-000181,MER-00079,IDEMP-00002079,USD,2143,COMPLETED,2026-02-02 10:22:05,2026-02-02 10:22:13
TXN-00002080,ACC-000130,MER-00058,IDEMP-00002080,SGD,23457,COMPLETED,2026-01-10 18:41:52,2026-01-10 18:47:23
TXN-00002081,ACC-000006,MER-00034,IDEMP-00002081,USD,3454,CANCELLED,2026-01-12 17:08:56,2026-01-12 17:14:37
TXN-00002082,ACC-000440,MER-00047,IDEMP-00002082,SGD,1446,CANCELLED,2026-01-15 17:04:26,2026-01-15 17:08:10
TXN-00002083,ACC-000425,MER-00022,IDEMP-00002083,THB,6307,COMPLETED,2026-02-07 23:41:54,2026-02-07 23:43:33
TXN-00002084,ACC-000178,MER-00074,IDEMP-00002084,SGD,436,COMPLETED,2026-01-26 05:25:39,2026-01-26 05:34:12
TXN-00002085,ACC-000235,MER-00057,IDEMP-00002085,THB,28337,COMPLETED,2026-01-08 15:12:32,2026-01-08 15:12:56
TXN-00002086,ACC-000263,MER-00013,IDEMP-00002086,SGD,4623,PENDING,2026-02-03 00:53:25,
TXN-00002087,ACC-000292,MER-00014,IDEMP-00002087,THB,5189,COMPLETED,2026-01-15 17:32:37,2026-01-15 17:37:40
TXN-00002088,ACC-000130,MER-00048,IDEMP-00002088,SGD,3793,COMPLETED,2026-02-03 07:09:41,2026-02-03 07:09:59
TXN-00002089,ACC-000322,MER-00045,IDEMP-00002089,SGD,3729,COMPLETED,2026-01-27 10:10:45,2026-01-27 10:10:58
TXN-00002090,ACC-000092,MER-00023,IDEMP-00002090,SGD,2673,COMPLETED,2026-02-13 01:01:59,2026-02-13 01:10:58
TXN-00002091,ACC-000364,MER-00032,IDEMP-00002091,THB,4064,COMPLETED,2026-01-05 09:00:35,2026-01-05 09:04:08
TXN-00002092,ACC-000419,MER-00006,IDEMP-00002092,SGD,7231,COMPLETED,2026-02-13 22:00:32,2026-02-13 22:03:01
TXN-00002093,ACC-000411,MER-00066,IDEMP-00002093,THB,18251,COMPLETED,2026-01-13 23:33:21,2026-01-13 23:34:49
TXN-00002094,ACC-000293,MER-00052,IDEMP-00002094,THB,4326,COMPLETED,2026-02-15 05:42:07,2026-02-15 05:45:32
TXN-00002095,ACC-000167,MER-00002,IDEMP-00002095,THB,11582,COMPLETED,2026-02-25 18:29:26,2026-02-25 18:31:59
TXN-00002096,ACC-000393,MER-00050,IDEMP-00002096,THB,8938,DECLINED,2026-01-11 10:21:55,2026-01-11 10:24:47
TXN-00002097,ACC-000314,MER-00071,IDEMP-00002097,THB,2639,COMPLETED,2026-02-01 11:20:03,2026-02-01 11:20:18
TXN-00002098,ACC-000274,MER-00071,IDEMP-00002098,USD,907,COMPLETED,2026-01-21 21:55:45,2026-01-21 22:04:07
TXN-00002099,ACC-000385,MER-00051,IDEMP-00002099,THB,7026,COMPLETED,2026-02-21 21:50:24,2026-02-21 21:54:31
TXN-00002100,ACC-000020,MER-00010,IDEMP-00002100,THB,7407,PENDING,2026-02-17 16:54:13,
TXN-00002101,ACC-000416,MER-00023,IDEMP-00002101,THB,1561,CANCELLED,2026-02-27 12:55:22,2026-02-27 13:02:21
TXN-00002102,ACC-000145,MER-00064,IDEMP-00002102,SGD,3024,COMPLETED,2026-01-18 00:17:10,2026-01-18 00:22:12
TXN-00002103,ACC-000013,MER-00015,IDEMP-00002103,THB,8475,COMPLETED,2026-01-14 02:55:55,2026-01-14 03:00:37
TXN-00002104,ACC-000217,MER-00030,IDEMP-00002104,SGD,10048,COMPLETED,2026-01-13 16:22:47,2026-01-13 16:30:27
TXN-00002105,ACC-000309,MER-00010,IDEMP-00002105,SGD,3219,COMPLETED,2026-01-31 07:21:14,2026-01-31 07:26:23
TXN-00002106,ACC-000192,MER-00010,IDEMP-00002106,SGD,2079,COMPLETED,2026-02-14 21:48:50,2026-02-14 21:58:31
TXN-00002107,ACC-000230,MER-00062,IDEMP-00002107,THB,6482,COMPLETED,2026-01-21 14:45:04,2026-01-21 14:45:59
TXN-00002108,ACC-000138,MER-00034,IDEMP-00002108,SGD,826,COMPLETED,2026-02-21 20:41:09,2026-02-21 20:44:56
TXN-00002109,ACC-000130,MER-00043,IDEMP-00002109,SGD,1753,COMPLETED,2026-02-12 22:08:30,2026-02-12 22:18:21
TXN-00002110,ACC-000303,MER-00017,IDEMP-00002110,SGD,2928,PENDING,2026-01-25 06:06:46,
TXN-00002111,ACC-000332,MER-00070,IDEMP-00002111,THB,29366,COMPLETED,2026-01-08 06:45:59,2026-01-08 06:53:52
TXN-00002112,ACC-000068,MER-00034,IDEMP-00002112,USD,14379,DECLINED,2026-01-02 22:49:17,2026-01-02 22:57:04
TXN-00002113,ACC-000438,MER-00033,IDEMP-00002113,USD,12788,COMPLETED,2026-02-09 11:50:31,2026-02-09 11:54:13
TXN-00002114,ACC-000386,MER-00053,IDEMP-00002114,USD,2117,COMPLETED,2026-02-04 00:20:30,2026-02-04 00:26:12
TXN-00002115,ACC-000233,MER-00058,IDEMP-00002115,USD,2588,COMPLETED,2026-01-08 04:12:40,2026-01-08 04:19:53
TXN-00002116,ACC-000315,MER-00019,IDEMP-00002116,THB,34580,COMPLETED,2026-01-02 04:12:10,2026-01-02 04:14:18
TXN-00002117,ACC-000182,MER-00063,IDEMP-00002117,THB,1431,COMPLETED,2026-02-15 22:25:18,2026-02-15 22:26:24
TXN-00002118,ACC-000450,MER-00079,IDEMP-00002118,SGD,10863,COMPLETED,2026-02-24 03:07:04,2026-02-24 03:07:40
TXN-00002119,ACC-000140,MER-00039,IDEMP-00002119,SGD,846,COMPLETED,2026-02-18 11:20:13,2026-02-18 11:26:32
TXN-00002120,ACC-000295,MER-00066,IDEMP-00002120,THB,7349,COMPLETED,2026-01-27 03:05:13,2026-01-27 03:09:01
TXN-00002121,ACC-000277,MER-00080,IDEMP-00002121,SGD,3752,COMPLETED,2026-01-29 00:44:59,2026-01-29 00:53:51
TXN-00002122,ACC-000140,MER-00065,IDEMP-00002122,SGD,3463,COMPLETED,2026-02-11 17:59:16,2026-02-11 18:08:50
TXN-00002123,ACC-000400,MER-00033,IDEMP-00002123,SGD,1132,COMPLETED,2026-02-11 16:01:41,2026-02-11 16:10:34
TXN-00002124,ACC-000292,MER-00019,IDEMP-00002124,THB,3515,DECLINED,2026-02-11 17:23:11,2026-02-11 17:29:09
TXN-00002125,ACC-000293,MER-00054,IDEMP-00002125,THB,10234,COMPLETED,2026-01-18 09:08:07,2026-01-18 09:10:37
TXN-00002126,ACC-000004,MER-00068,IDEMP-00002126,THB,3857,COMPLETED,2026-02-26 19:20:31,2026-02-26 19:24:17
TXN-00002127,ACC-000043,MER-00054,IDEMP-00002127,SGD,4979,COMPLETED,2026-02-08 09:02:55,2026-02-08 09:11:52
TXN-00002128,ACC-000083,MER-00031,IDEMP-00002128,USD,17638,COMPLETED,2026-02-26 23:15:39,2026-02-26 23:23:09
TXN-00002129,ACC-000023,MER-00004,IDEMP-00002129,SGD,858,COMPLETED,2026-01-02 21:29:34,2026-01-02 21:31:41
TXN-00002130,ACC-000252,MER-00029,IDEMP-00002130,SGD,18399,COMPLETED,2026-01-09 09:36:18,2026-01-09 09:37:23
TXN-00002131,ACC-000263,MER-00045,IDEMP-00002131,SGD,3790,COMPLETED,2026-01-09 19:25:13,2026-01-09 19:34:58
TXN-00002132,ACC-000046,MER-00042,IDEMP-00002132,SGD,2258,COMPLETED,2026-01-07 14:04:48,2026-01-07 14:05:39
TXN-00002133,ACC-000046,MER-00055,IDEMP-00002133,SGD,1459,PENDING,2026-01-23 14:07:50,
TXN-00002134,ACC-000408,MER-00007,IDEMP-00002134,THB,13751,COMPLETED,2026-02-28 23:45:20,2026-02-28 23:50:34
TXN-00002135,ACC-000206,MER-00001,IDEMP-00002135,SGD,15635,COMPLETED,2026-01-03 11:00:37,2026-01-03 11:05:18
TXN-00002136,ACC-000022,MER-00048,IDEMP-00002136,SGD,1628,COMPLETED,2026-02-14 12:03:29,2026-02-14 12:10:08
TXN-00002137,ACC-000392,MER-00037,IDEMP-00002137,SGD,7339,COMPLETED,2026-01-24 08:07:20,2026-01-24 08:09:37
TXN-00002138,ACC-000212,MER-00022,IDEMP-00002138,THB,19640,PENDING,2026-01-20 13:41:41,
TXN-00002139,ACC-000030,MER-00062,IDEMP-00002139,SGD,9501,COMPLETED,2026-01-18 06:12:08,2026-01-18 06:19:06
TXN-00002140,ACC-000208,MER-00004,IDEMP-00002140,USD,10640,COMPLETED,2026-01-01 11:04:31,2026-01-01 11:06:22
TXN-00002141,ACC-000410,MER-00017,IDEMP-00002141,USD,1215,COMPLETED,2026-02-12 14:46:48,2026-02-12 14:48:35
TXN-00002142,ACC-000370,MER-00059,IDEMP-00002142,THB,7881,COMPLETED,2026-01-05 03:20:18,2026-01-05 03:25:27
TXN-00002143,ACC-000232,MER-00016,IDEMP-00002143,SGD,16235,COMPLETED,2026-02-19 23:26:22,2026-02-19 23:34:53
TXN-00002144,ACC-000011,MER-00078,IDEMP-00002144,SGD,4356,COMPLETED,2026-01-29 07:15:14,2026-01-29 07:18:39
TXN-00002145,ACC-000372,MER-00041,IDEMP-00002145,SGD,7433,PENDING,2026-01-26 01:44:37,
TXN-00002146,ACC-000234,MER-00004,IDEMP-00002146,SGD,2567,COMPLETED,2026-01-06 17:24:18,2026-01-06 17:27:06
TXN-00002147,ACC-000360,MER-00044,IDEMP-00002147,THB,11610,DECLINED,2026-02-01 04:18:09,2026-02-01 04:25:26
TXN-00002148,ACC-000302,MER-00055,IDEMP-00002148,THB,2900,COMPLETED,2026-02-18 14:52:33,2026-02-18 14:54:07
TXN-00002149,ACC-000078,MER-00035,IDEMP-00002149,SGD,3542,COMPLETED,2026-01-09 14:42:41,2026-01-09 14:43:21
TXN-00002150,ACC-000100,MER-00003,IDEMP-00002150,THB,6499,COMPLETED,2026-02-22 10:27:55,2026-02-22 10:37:41
TXN-00002151,ACC-000111,MER-00009,IDEMP-00002151,SGD,3884,COMPLETED,2026-01-31 07:37:12,2026-01-31 07:45:33
TXN-00002152,ACC-000342,MER-00048,IDEMP-00002152,USD,5077,COMPLETED,2026-01-18 06:14:56,2026-01-18 06:23:01
TXN-00002153,ACC-000201,MER-00024,IDEMP-00002153,SGD,2665,COMPLETED,2026-01-27 18:19:31,2026-01-27 18:27:05
TXN-00002154,ACC-000045,MER-00053,IDEMP-00002154,THB,6891,COMPLETED,2026-01-07 15:36:54,2026-01-07 15:38:23
TXN-00002155,ACC-000128,MER-00014,IDEMP-00002155,USD,2785,COMPLETED,2026-02-02 15:03:24,2026-02-02 15:07:56
TXN-00002156,ACC-000189,MER-00004,IDEMP-00002156,SGD,1929,COMPLETED,2026-01-12 16:30:05,2026-01-12 16:30:13
TXN-00002157,ACC-000352,MER-00007,IDEMP-00002157,SGD,6107,COMPLETED,2026-01-16 01:47:00,2026-01-16 01:55:21
TXN-00002158,ACC-000072,MER-00032,IDEMP-00002158,THB,4358,COMPLETED,2026-02-21 14:36:47,2026-02-21 14:43:44
TXN-00002159,ACC-000216,MER-00055,IDEMP-00002159,USD,589,COMPLETED,2026-01-09 03:23:01,2026-01-09 03:27:35
TXN-00002160,ACC-000092,MER-00036,IDEMP-00002160,SGD,16150,COMPLETED,2026-02-02 11:59:51,2026-02-02 12:06:01
TXN-00002161,ACC-000264,MER-00066,IDEMP-00002161,THB,8429,COMPLETED,2026-02-04 17:19:08,2026-02-04 17:25:05
TXN-00002162,ACC-000256,MER-00074,IDEMP-00002162,THB,766,COMPLETED,2026-02-10 03:45:51,2026-02-10 03:51:58
TXN-00002163,ACC-000156,MER-00056,IDEMP-00002163,USD,18769,COMPLETED,2026-01-10 11:29:05,2026-01-10 11:31:52
TXN-00002164,ACC-000340,MER-00045,IDEMP-00002164,SGD,4945,COMPLETED,2026-01-10 02:24:53,2026-01-10 02:31:11
TXN-00002165,ACC-000164,MER-00003,IDEMP-00002165,USD,4141,COMPLETED,2026-02-17 16:00:18,2026-02-17 16:08:36
TXN-00002166,ACC-000350,MER-00010,IDEMP-00002166,THB,2900,COMPLETED,2026-01-19 01:38:31,2026-01-19 01:44:40
TXN-00002167,ACC-000143,MER-00076,IDEMP-00002167,SGD,2739,COMPLETED,2026-01-28 13:01:27,2026-01-28 13:06:30
TXN-00002168,ACC-000232,MER-00015,IDEMP-00002168,SGD,9763,COMPLETED,2026-02-16 17:34:27,2026-02-16 17:43:52
TXN-00002169,ACC-000121,MER-00065,IDEMP-00002169,THB,4660,COMPLETED,2026-02-01 06:58:15,2026-02-01 07:04:56
TXN-00002170,ACC-000335,MER-00059,IDEMP-00002170,USD,5594,COMPLETED,2026-02-13 00:53:22,2026-02-13 00:56:51
TXN-00002171,ACC-000069,MER-00014,IDEMP-00002171,SGD,11423,COMPLETED,2026-02-08 20:20:43,2026-02-08 20:20:53
TXN-00002172,ACC-000113,MER-00048,IDEMP-00002172,THB,3890,COMPLETED,2026-03-01 15:53:48,2026-03-01 16:01:37
TXN-00002173,ACC-000389,MER-00079,IDEMP-00002173,THB,8012,COMPLETED,2026-02-21 22:40:43,2026-02-21 22:41:34
TXN-00002174,ACC-000238,MER-00022,IDEMP-00002174,THB,10008,COMPLETED,2026-01-27 17:19:14,2026-01-27 17:26:40
TXN-00002175,ACC-000023,MER-00004,IDEMP-00002175,SGD,745,COMPLETED,2026-01-28 19:00:39,2026-01-28 19:09:04
TXN-00002176,ACC-000134,MER-00019,IDEMP-00002176,THB,6761,COMPLETED,2026-02-06 05:50:51,2026-02-06 05:51:06
TXN-00002177,ACC-000241,MER-00062,IDEMP-00002177,THB,2371,COMPLETED,2026-01-10 19:34:23,2026-01-10 19:42:28
TXN-00002178,ACC-000075,MER-00001,IDEMP-00002178,SGD,6089,COMPLETED,2026-02-03 19:44:34,2026-02-03 19:50:25
TXN-00002179,ACC-000382,MER-00029,IDEMP-00002179,USD,1169,PENDING,2026-01-03 18:57:39,
TXN-00002180,ACC-000073,MER-00074,IDEMP-00002180,THB,3667,PENDING,2026-01-18 08:19:11,
TXN-00002181,ACC-000276,MER-00077,IDEMP-00002181,USD,2849,COMPLETED,2026-01-24 18:48:02,2026-01-24 18:51:46
TXN-00002182,ACC-000282,MER-00069,IDEMP-00002182,THB,2204,COMPLETED,2026-01-06 01:17:07,2026-01-06 01:22:05
TXN-00002183,ACC-000010,MER-00072,IDEMP-00002183,USD,50062,COMPLETED,2026-01-30 14:13:37,2026-01-30 14:16:49
TXN-00002184,ACC-000135,MER-00039,IDEMP-00002184,THB,43621,COMPLETED,2026-01-26 15:13:07,2026-01-26 15:20:28
TXN-00002185,ACC-000431,MER-00078,IDEMP-00002185,SGD,7727,COMPLETED,2026-02-28 12:12:52,2026-02-28 12:19:46
TXN-00002186,ACC-000230,MER-00066,IDEMP-00002186,THB,17153,COMPLETED,2026-01-31 22:45:29,2026-01-31 22:51:24
TXN-00002187,ACC-000191,MER-00004,IDEMP-00002187,THB,4848,PENDING,2026-01-07 15:13:32,
TXN-00002188,ACC-000253,MER-00072,IDEMP-00002188,SGD,12354,COMPLETED,2026-02-20 03:42:02,2026-02-20 03:48:01
TXN-00002189,ACC-000378,MER-00001,IDEMP-00002189,USD,8059,COMPLETED,2026-01-25 08:14:34,2026-01-25 08:24:10
TXN-00002190,ACC-000070,MER-00079,IDEMP-00002190,THB,5462,COMPLETED,2026-02-04 10:14:40,2026-02-04 10:19:55
TXN-00002191,ACC-000327,MER-00052,IDEMP-00002191,USD,10136,COMPLETED,2026-02-14 10:42:28,2026-02-14 10:47:05
TXN-00002192,ACC-000074,MER-00044,IDEMP-00002192,THB,10949,DECLINED,2026-02-01 19:13:38,2026-02-01 19:14:21
TXN-00002193,ACC-000362,MER-00068,IDEMP-00002193,SGD,3099,COMPLETED,2026-02-23 12:48:51,2026-02-23 12:54:53
TXN-00002194,ACC-000004,MER-00017,IDEMP-00002194,THB,4000,COMPLETED,2026-01-20 03:38:02,2026-01-20 03:40:08
TXN-00002195,ACC-000296,MER-00009,IDEMP-00002195,USD,2786,COMPLETED,2026-01-27 05:09:29,2026-01-27 05:19:19
TXN-00002196,ACC-000243,MER-00068,IDEMP-00002196,SGD,1963,COMPLETED,2026-02-22 10:40:20,2026-02-22 10:47:03
TXN-00002197,ACC-000005,MER-00022,IDEMP-00002197,THB,7830,CANCELLED,2026-02-04 23:46:03,2026-02-04 23:50:28
TXN-00002198,ACC-000271,MER-00026,IDEMP-00002198,SGD,14066,COMPLETED,2026-02-14 08:13:48,2026-02-14 08:20:53
TXN-00002199,ACC-000133,MER-00049,IDEMP-00002199,USD,3092,COMPLETED,2026-02-15 16:26:45,2026-02-15 16:27:47
TXN-00002200,ACC-000399,MER-00070,IDEMP-00002200,USD,2510,DECLINED,2026-01-31 19:34:22,2026-01-31 19:35:04
TXN-00002201,ACC-000304,MER-00002,IDEMP-00002201,SGD,4205,CANCELLED,2026-02-14 02:20:22,2026-02-14 02:29:45
TXN-00002202,ACC-000125,MER-00042,IDEMP-00002202,USD,4810,COMPLETED,2026-01-30 19:51:50,2026-01-30 20:00:44
TXN-00002203,ACC-000236,MER-00031,IDEMP-00002203,THB,713,COMPLETED,2026-02-11 16:34:35,2026-02-11 16:43:57
TXN-00002204,ACC-000162,MER-00070,IDEMP-00002204,THB,4698,COMPLETED,2026-01-09 11:23:20,2026-01-09 11:33:03
TXN-00002205,ACC-000356,MER-00007,IDEMP-00002205,SGD,4839,COMPLETED,2026-03-01 14:50:03,2026-03-01 14:54:02
TXN-00002206,ACC-000234,MER-00024,IDEMP-00002206,SGD,6469,COMPLETED,2026-02-05 00:32:38,2026-02-05 00:38:56
TXN-00002207,ACC-000006,MER-00003,IDEMP-00002207,USD,42241,DECLINED,2026-01-19 19:20:32,2026-01-19 19:23:26
TXN-00002208,ACC-000024,MER-00004,IDEMP-00002208,SGD,1472,COMPLETED,2026-02-21 14:53:03,2026-02-21 14:59:06
TXN-00002209,ACC-000164,MER-00014,IDEMP-00002209,USD,25496,COMPLETED,2026-01-07 13:53:03,2026-01-07 13:53:39
TXN-00002210,ACC-000054,MER-00013,IDEMP-00002210,USD,5389,COMPLETED,2026-02-13 11:35:59,2026-02-13 11:38:09
TXN-00002211,ACC-000161,MER-00067,IDEMP-00002211,USD,9686,COMPLETED,2026-01-10 10:35:59,2026-01-10 10:45:21
TXN-00002212,ACC-000226,MER-00068,IDEMP-00002212,THB,1486,COMPLETED,2026-02-08 07:47:46,2026-02-08 07:48:57
TXN-00002213,ACC-000197,MER-00056,IDEMP-00002213,USD,11386,COMPLETED,2026-01-30 21:49:05,2026-01-30 21:51:42
TXN-00002214,ACC-000031,MER-00075,IDEMP-00002214,THB,8697,PENDING,2026-01-02 14:58:44,
TXN-00002215,ACC-000020,MER-00023,IDEMP-00002215,THB,10606,COMPLETED,2026-01-12 13:26:47,2026-01-12 13:29:13
TXN-00002216,ACC-000083,MER-00023,IDEMP-00002216,USD,2900,COMPLETED,2026-02-11 01:59:03,2026-02-11 02:07:13
TXN-00002217,ACC-000157,MER-00006,IDEMP-00002217,THB,1229,COMPLETED,2026-02-12 02:48:23,2026-02-12 02:50:08
TXN-00002218,ACC-000035,MER-00074,IDEMP-00002218,THB,13873,PENDING,2026-02-28 01:55:56,
TXN-00002219,ACC-000428,MER-00045,IDEMP-00002219,USD,857,COMPLETED,2026-02-19 21:42:14,2026-02-19 21:45:06
TXN-00002220,ACC-000350,MER-00076,IDEMP-00002220,THB,9671,DECLINED,2026-03-01 09:43:18,2026-03-01 09:45:27
TXN-00002221,ACC-000245,MER-00030,IDEMP-00002221,USD,7814,COMPLETED,2026-01-24 15:52:29,2026-01-24 16:00:02
TXN-00002222,ACC-000061,MER-00056,IDEMP-00002222,SGD,5468,COMPLETED,2026-02-03 00:58:34,2026-02-03 01:06:36
TXN-00002223,ACC-000436,MER-00018,IDEMP-00002223,SGD,5646,COMPLETED,2026-01-27 17:44:59,2026-01-27 17:50:49
TXN-00002224,ACC-000117,MER-00031,IDEMP-00002224,SGD,27471,COMPLETED,2026-02-06 11:45:02,2026-02-06 11:51:32
TXN-00002225,ACC-000221,MER-00010,IDEMP-00002225,USD,704,COMPLETED,2026-02-10 01:51:47,2026-02-10 01:53:16
TXN-00002226,ACC-000350,MER-00078,IDEMP-00002226,THB,7361,COMPLETED,2026-01-14 18:25:38,2026-01-14 18:32:57
TXN-00002227,ACC-000387,MER-00035,IDEMP-00002227,USD,2491,COMPLETED,2026-01-20 03:33:52,2026-01-20 03:37:56
TXN-00002228,ACC-000435,MER-00010,IDEMP-00002228,SGD,5442,COMPLETED,2026-01-11 08:18:02,2026-01-11 08:22:11
TXN-00002229,ACC-000428,MER-00027,IDEMP-00002229,USD,7227,COMPLETED,2026-02-25 16:19:04,2026-02-25 16:19:39
TXN-00002230,ACC-000291,MER-00028,IDEMP-00002230,USD,3820,COMPLETED,2026-01-26 10:30:17,2026-01-26 10:34:03
TXN-00002231,ACC-000398,MER-00020,IDEMP-00002231,THB,51401,PENDING,2026-01-01 17:46:27,
TXN-00002232,ACC-000328,MER-00013,IDEMP-00002232,THB,6015,COMPLETED,2026-01-09 04:15:40,2026-01-09 04:17:23
TXN-00002233,ACC-000154,MER-00009,IDEMP-00002233,THB,917,COMPLETED,2026-01-21 16:59:08,2026-01-21 17:00:05
TXN-00002234,ACC-000377,MER-00077,IDEMP-00002234,THB,13156,COMPLETED,2026-02-20 17:05:38,2026-02-20 17:12:07
TXN-00002235,ACC-000022,MER-00077,IDEMP-00002235,SGD,18748,COMPLETED,2026-01-20 07:59:38,2026-01-20 08:06:15
TXN-00002236,ACC-000042,MER-00033,IDEMP-00002236,THB,7955,COMPLETED,2026-01-10 16:33:53,2026-01-10 16:41:06
TXN-00002237,ACC-000427,MER-00002,IDEMP-00002237,THB,5780,COMPLETED,2026-02-24 05:43:13,2026-02-24 05:51:04
TXN-00002238,ACC-000077,MER-00055,IDEMP-00002238,SGD,6463,DECLINED,2026-01-19 16:52:58,2026-01-19 16:54:08
TXN-00002239,ACC-000438,MER-00014,IDEMP-00002239,USD,16842,COMPLETED,2026-02-11 19:16:22,2026-02-11 19:23:29
TXN-00002240,ACC-000170,MER-00055,IDEMP-00002240,USD,468,COMPLETED,2026-01-26 18:55:17,2026-01-26 19:04:29
TXN-00002241,ACC-000444,MER-00059,IDEMP-00002241,THB,2619,PENDING,2026-02-08 01:34:29,
TXN-00002242,ACC-000143,MER-00046,IDEMP-00002242,SGD,2413,COMPLETED,2026-01-16 18:46:17,2026-01-16 18:54:30
TXN-00002243,ACC-000089,MER-00003,IDEMP-00002243,USD,2266,COMPLETED,2026-01-19 14:20:05,2026-01-19 14:24:38
TXN-00002244,ACC-000350,MER-00016,IDEMP-00002244,THB,104192,COMPLETED,2026-02-07 09:50:11,2026-02-07 09:58:48
TXN-00002245,ACC-000044,MER-00063,IDEMP-00002245,USD,8029,CANCELLED,2026-01-23 00:08:49,2026-01-23 00:17:45
TXN-00002246,ACC-000325,MER-00069,IDEMP-00002246,SGD,2703,COMPLETED,2026-03-01 05:06:50,2026-03-01 05:15:07
TXN-00002247,ACC-000230,MER-00035,IDEMP-00002247,THB,2262,COMPLETED,2026-01-28 14:22:09,2026-01-28 14:31:37
TXN-00002248,ACC-000440,MER-00077,IDEMP-00002248,SGD,2426,COMPLETED,2026-02-28 06:46:05,2026-02-28 06:51:42
TXN-00002249,ACC-000015,MER-00009,IDEMP-00002249,USD,657,PENDING,2026-02-11 18:19:43,
TXN-00002250,ACC-000096,MER-00016,IDEMP-00002250,SGD,912,COMPLETED,2026-01-30 14:23:25,2026-01-30 14:32:27
TXN-00002251,ACC-000073,MER-00070,IDEMP-00002251,THB,5570,COMPLETED,2026-01-28 12:12:31,2026-01-28 12:14:44
TXN-00002252,ACC-000249,MER-00039,IDEMP-00002252,THB,466,PENDING,2026-02-01 09:40:00,
TXN-00002253,ACC-000264,MER-00064,IDEMP-00002253,THB,7908,COMPLETED,2026-01-05 07:28:56,2026-01-05 07:37:53
TXN-00002254,ACC-000415,MER-00011,IDEMP-00002254,SGD,17677,COMPLETED,2026-01-05 00:45:15,2026-01-05 00:46:38
TXN-00002255,ACC-000068,MER-00005,IDEMP-00002255,USD,997,PENDING,2026-01-12 01:50:44,
TXN-00002256,ACC-000209,MER-00056,IDEMP-00002256,USD,18426,COMPLETED,2026-02-18 10:42:45,2026-02-18 10:46:20
TXN-00002257,ACC-000222,MER-00074,IDEMP-00002257,USD,13081,COMPLETED,2026-02-18 19:50:01,2026-02-18 19:53:02
TXN-00002258,ACC-000437,MER-00038,IDEMP-00002258,THB,2195,COMPLETED,2026-01-17 11:16:14,2026-01-17 11:20:50
TXN-00002259,ACC-000182,MER-00008,IDEMP-00002259,THB,5020,COMPLETED,2026-01-07 07:54:38,2026-01-07 08:04:35
TXN-00002260,ACC-000272,MER-00025,IDEMP-00002260,THB,6352,COMPLETED,2026-01-03 21:28:40,2026-01-03 21:31:17
TXN-00002261,ACC-000297,MER-00070,IDEMP-00002261,SGD,10425,COMPLETED,2026-02-03 02:29:28,2026-02-03 02:38:22
TXN-00002262,ACC-000115,MER-00004,IDEMP-00002262,USD,3809,COMPLETED,2026-02-21 08:55:31,2026-02-21 08:58:41
TXN-00002263,ACC-000398,MER-00021,IDEMP-00002263,THB,1879,CANCELLED,2026-02-18 00:21:10,2026-02-18 00:24:02
TXN-00002264,ACC-000180,MER-00050,IDEMP-00002264,SGD,5629,COMPLETED,2026-02-16 12:06:29,2026-02-16 12:10:21
TXN-00002265,ACC-000413,MER-00014,IDEMP-00002265,USD,1479,DECLINED,2026-02-22 14:54:20,2026-02-22 14:54:39
TXN-00002266,ACC-000281,MER-00073,IDEMP-00002266,SGD,1399,CANCELLED,2026-02-27 12:39:04,2026-02-27 12:46:57
TXN-00002267,ACC-000029,MER-00015,IDEMP-00002267,THB,3780,COMPLETED,2026-01-11 03:18:54,2026-01-11 03:21:32
TXN-00002268,ACC-000026,MER-00013,IDEMP-00002268,USD,9619,PENDING,2026-01-09 23:01:28,
TXN-00002269,ACC-000424,MER-00063,IDEMP-00002269,USD,3311,COMPLETED,2026-01-31 18:15:48,2026-01-31 18:19:50
TXN-00002270,ACC-000354,MER-00002,IDEMP-00002270,USD,13391,COMPLETED,2026-02-12 20:47:45,2026-02-12 20:51:13
TXN-00002271,ACC-000002,MER-00072,IDEMP-00002271,USD,2394,COMPLETED,2026-01-30 05:49:21,2026-01-30 05:49:58
TXN-00002272,ACC-000414,MER-00003,IDEMP-00002272,USD,2451,COMPLETED,2026-02-23 00:12:37,2026-02-23 00:19:05
TXN-00002273,ACC-000001,MER-00015,IDEMP-00002273,THB,3299,PENDING,2026-01-25 23:55:02,
TXN-00002274,ACC-000178,MER-00012,IDEMP-00002274,SGD,5577,COMPLETED,2026-01-19 11:49:12,2026-01-19 11:49:30
TXN-00002275,ACC-000147,MER-00067,IDEMP-00002275,USD,2414,COMPLETED,2026-01-24 20:44:10,2026-01-24 20:46:02
TXN-00002276,ACC-000347,MER-00033,IDEMP-00002276,USD,4678,COMPLETED,2026-01-14 23:57:59,2026-01-15 00:06:54
TXN-00002277,ACC-000370,MER-00038,IDEMP-00002277,THB,22669,DECLINED,2026-01-08 09:54:30,2026-01-08 09:56:22
TXN-00002278,ACC-000026,MER-00065,IDEMP-00002278,USD,3211,COMPLETED,2026-02-06 18:53:04,2026-02-06 18:55:07
TXN-00002279,ACC-000058,MER-00001,IDEMP-00002279,SGD,8636,COMPLETED,2026-02-02 01:55:17,2026-02-02 02:03:30
TXN-00002280,ACC-000193,MER-00074,IDEMP-00002280,USD,1621,COMPLETED,2026-01-15 13:05:35,2026-01-15 13:11:06
TXN-00002281,ACC-000268,MER-00025,IDEMP-00002281,SGD,5912,COMPLETED,2026-01-03 14:36:50,2026-01-03 14:37:27
TXN-00002282,ACC-000408,MER-00040,IDEMP-00002282,THB,4243,COMPLETED,2026-02-22 15:55:41,2026-02-22 16:04:17
TXN-00002283,ACC-000232,MER-00041,IDEMP-00002283,SGD,3084,COMPLETED,2026-01-19 08:14:53,2026-01-19 08:19:07
TXN-00002284,ACC-000446,MER-00029,IDEMP-00002284,THB,14514,COMPLETED,2026-02-06 10:44:09,2026-02-06 10:49:52
TXN-00002285,ACC-000224,MER-00040,IDEMP-00002285,THB,5453,COMPLETED,2026-01-13 08:23:34,2026-01-13 08:31:07
TXN-00002286,ACC-000044,MER-00078,IDEMP-00002286,USD,4639,COMPLETED,2026-01-04 12:46:04,2026-01-04 12:48:29
TXN-00002287,ACC-000330,MER-00034,IDEMP-00002287,USD,4628,COMPLETED,2026-02-15 21:55:06,2026-02-15 21:56:57
TXN-00002288,ACC-000271,MER-00006,IDEMP-00002288,SGD,1013,DECLINED,2026-02-10 14:35:29,2026-02-10 14:43:04
TXN-00002289,ACC-000372,MER-00004,IDEMP-00002289,SGD,2404,COMPLETED,2026-01-17 00:11:29,2026-01-17 00:14:34
TXN-00002290,ACC-000286,MER-00006,IDEMP-00002290,THB,5558,COMPLETED,2026-01-31 03:44:26,2026-01-31 03:47:19
TXN-00002291,ACC-000181,MER-00034,IDEMP-00002291,USD,39034,COMPLETED,2026-02-18 04:43:11,2026-02-18 04:50:33
TXN-00002292,ACC-000368,MER-00075,IDEMP-00002292,THB,23295,DECLINED,2026-02-28 11:12:41,2026-02-28 11:18:28
TXN-00002293,ACC-000030,MER-00070,IDEMP-00002293,SGD,11190,COMPLETED,2026-01-19 21:55:43,2026-01-19 21:57:26
TXN-00002294,ACC-000431,MER-00079,IDEMP-00002294,SGD,3349,COMPLETED,2026-02-08 05:38:21,2026-02-08 05:44:10
TXN-00002295,ACC-000237,MER-00073,IDEMP-00002295,USD,11817,COMPLETED,2026-01-31 11:53:14,2026-01-31 11:58:14
TXN-00002296,ACC-000015,MER-00041,IDEMP-00002296,USD,9215,COMPLETED,2026-01-27 05:23:39,2026-01-27 05:31:17
TXN-00002297,ACC-000122,MER-00073,IDEMP-00002297,THB,34494,COMPLETED,2026-01-15 22:04:14,2026-01-15 22:04:47
TXN-00002298,ACC-000431,MER-00048,IDEMP-00002298,SGD,14679,COMPLETED,2026-01-03 01:51:36,2026-01-03 01:57:52
TXN-00002299,ACC-000264,MER-00073,IDEMP-00002299,THB,10377,DECLINED,2026-01-07 02:30:37,2026-01-07 02:32:07
TXN-00002300,ACC-000340,MER-00053,IDEMP-00002300,SGD,1951,PENDING,2026-02-26 01:31:30,
TXN-00002301,ACC-000029,MER-00047,IDEMP-00002301,THB,1906,COMPLETED,2026-01-17 20:11:35,2026-01-17 20:18:08
TXN-00002302,ACC-000382,MER-00060,IDEMP-00002302,USD,8504,COMPLETED,2026-01-03 14:25:27,2026-01-03 14:28:18
TXN-00002303,ACC-000236,MER-00061,IDEMP-00002303,THB,12057,COMPLETED,2026-01-27 02:22:51,2026-01-27 02:31:26
TXN-00002304,ACC-000224,MER-00012,IDEMP-00002304,THB,10669,COMPLETED,2026-01-09 15:44:55,2026-01-09 15:49:14
TXN-00002305,ACC-000251,MER-00036,IDEMP-00002305,USD,3157,COMPLETED,2026-01-06 02:33:35,2026-01-06 02:41:14
TXN-00002306,ACC-000400,MER-00079,IDEMP-00002306,SGD,4971,PENDING,2026-01-20 05:57:44,
TXN-00002307,ACC-000121,MER-00020,IDEMP-00002307,THB,77554,COMPLETED,2026-01-24 07:41:02,2026-01-24 07:47:13
TXN-00002308,ACC-000196,MER-00069,IDEMP-00002308,THB,13687,DECLINED,2026-01-08 16:04:47,2026-01-08 16:11:55
TXN-00002309,ACC-000254,MER-00013,IDEMP-00002309,USD,7274,PENDING,2026-01-08 19:47:24,
TXN-00002310,ACC-000228,MER-00023,IDEMP-00002310,THB,19560,COMPLETED,2026-02-21 10:44:25,2026-02-21 10:45:49
TXN-00002311,ACC-000337,MER-00079,IDEMP-00002311,THB,5254,CANCELLED,2026-02-16 00:59:52,2026-02-16 01:01:52
TXN-00002312,ACC-000444,MER-00005,IDEMP-00002312,THB,52730,COMPLETED,2026-02-02 02:56:13,2026-02-02 03:01:47
TXN-00002313,ACC-000177,MER-00056,IDEMP-00002313,USD,2652,COMPLETED,2026-02-05 21:38:02,2026-02-05 21:47:48
TXN-00002314,ACC-000176,MER-00047,IDEMP-00002314,SGD,2725,COMPLETED,2026-01-05 06:06:05,2026-01-05 06:15:01
TXN-00002315,ACC-000100,MER-00018,IDEMP-00002315,THB,3104,COMPLETED,2026-02-20 04:03:24,2026-02-20 04:09:58
TXN-00002316,ACC-000095,MER-00067,IDEMP-00002316,USD,3126,COMPLETED,2026-02-10 06:28:17,2026-02-10 06:34:00
TXN-00002317,ACC-000275,MER-00054,IDEMP-00002317,SGD,3649,COMPLETED,2026-02-07 11:35:09,2026-02-07 11:43:18
TXN-00002318,ACC-000322,MER-00011,IDEMP-00002318,SGD,8861,COMPLETED,2026-01-22 16:55:01,2026-01-22 16:57:04
TXN-00002319,ACC-000449,MER-00015,IDEMP-00002319,SGD,17570,COMPLETED,2026-02-03 16:36:29,2026-02-03 16:43:13
TXN-00002320,ACC-000389,MER-00054,IDEMP-00002320,THB,96924,COMPLETED,2026-02-22 13:05:53,2026-02-22 13:07:31
TXN-00002321,ACC-000294,MER-00036,IDEMP-00002321,SGD,1503,COMPLETED,2026-01-05 21:50:53,2026-01-05 21:55:04
TXN-00002322,ACC-000331,MER-00051,IDEMP-00002322,USD,5744,COMPLETED,2026-01-21 22:48:59,2026-01-21 22:56:01
TXN-00002323,ACC-000401,MER-00073,IDEMP-00002323,THB,2578,COMPLETED,2026-03-01 15:08:14,2026-03-01 15:13:13
TXN-00002324,ACC-000136,MER-00040,IDEMP-00002324,SGD,1642,COMPLETED,2026-02-20 12:49:39,2026-02-20 12:53:31
TXN-00002325,ACC-000203,MER-00013,IDEMP-00002325,THB,2031,COMPLETED,2026-02-18 08:42:14,2026-02-18 08:47:09
TXN-00002326,ACC-000010,MER-00001,IDEMP-00002326,USD,1708,COMPLETED,2026-02-18 02:47:54,2026-02-18 02:53:00
TXN-00002327,ACC-000402,MER-00058,IDEMP-00002327,USD,22526,DECLINED,2026-02-26 05:50:02,2026-02-26 05:53:40
TXN-00002328,ACC-000405,MER-00026,IDEMP-00002328,USD,3340,COMPLETED,2026-01-17 11:12:40,2026-01-17 11:20:20
TXN-00002329,ACC-000323,MER-00077,IDEMP-00002329,USD,688,COMPLETED,2026-01-03 10:18:49,2026-01-03 10:24:52
TXN-00002330,ACC-000438,MER-00004,IDEMP-00002330,USD,1916,COMPLETED,2026-02-26 02:55:03,2026-02-26 02:59:28
TXN-00002331,ACC-000011,MER-00075,IDEMP-00002331,SGD,3126,COMPLETED,2026-02-09 12:24:36,2026-02-09 12:33:05
TXN-00002332,ACC-000126,MER-00036,IDEMP-00002332,SGD,3048,COMPLETED,2026-01-20 06:13:47,2026-01-20 06:20:04
TXN-00002333,ACC-000202,MER-00021,IDEMP-00002333,USD,3383,DECLINED,2026-01-10 11:02:20,2026-01-10 11:02:28
TXN-00002334,ACC-000188,MER-00059,IDEMP-00002334,SGD,4259,COMPLETED,2026-02-27 04:46:58,2026-02-27 04:53:11
TXN-00002335,ACC-000162,MER-00009,IDEMP-00002335,THB,2300,COMPLETED,2026-01-07 12:24:11,2026-01-07 12:24:15
TXN-00002336,ACC-000351,MER-00043,IDEMP-00002336,USD,3699,COMPLETED,2026-02-14 14:14:12,2026-02-14 14:15:04
TXN-00002337,ACC-000058,MER-00053,IDEMP-00002337,SGD,2796,DECLINED,2026-01-04 12:49:28,2026-01-04 12:55:12
TXN-00002338,ACC-000379,MER-00047,IDEMP-00002338,USD,2199,COMPLETED,2026-02-26 08:02:49,2026-02-26 08:06:03
TXN-00002339,ACC-000399,MER-00011,IDEMP-00002339,USD,4371,CANCELLED,2026-01-25 14:34:45,2026-01-25 14:37:38
TXN-00002340,ACC-000355,MER-00042,IDEMP-00002340,USD,2247,DECLINED,2026-01-12 14:26:32,2026-01-12 14:34:51
TXN-00002341,ACC-000028,MER-00061,IDEMP-00002341,SGD,5668,COMPLETED,2026-01-06 15:10:45,2026-01-06 15:18:18
TXN-00002342,ACC-000321,MER-00037,IDEMP-00002342,THB,12636,COMPLETED,2026-01-18 14:19:59,2026-01-18 14:24:45
TXN-00002343,ACC-000436,MER-00037,IDEMP-00002343,SGD,1618,COMPLETED,2026-01-07 10:57:09,2026-01-07 11:03:38
TXN-00002344,ACC-000275,MER-00009,IDEMP-00002344,SGD,8118,DECLINED,2026-02-22 12:48:09,2026-02-22 12:50:16
TXN-00002345,ACC-000333,MER-00067,IDEMP-00002345,USD,2730,COMPLETED,2026-01-12 15:50:03,2026-01-12 15:51:36
TXN-00002346,ACC-000436,MER-00040,IDEMP-00002346,SGD,1284,COMPLETED,2026-02-15 19:07:27,2026-02-15 19:08:53
TXN-00002347,ACC-000100,MER-00078,IDEMP-00002347,THB,2671,COMPLETED,2026-01-24 03:57:26,2026-01-24 04:02:43
TXN-00002348,ACC-000030,MER-00020,IDEMP-00002348,SGD,1225,COMPLETED,2026-01-10 09:58:16,2026-01-10 10:04:46
TXN-00002349,ACC-000166,MER-00038,IDEMP-00002349,SGD,3391,COMPLETED,2026-01-29 18:37:57,2026-01-29 18:41:40
TXN-00002350,ACC-000263,MER-00002,IDEMP-00002350,SGD,4553,CANCELLED,2026-03-01 13:42:16,2026-03-01 13:50:41
TXN-00002351,ACC-000400,MER-00008,IDEMP-00002351,SGD,554,COMPLETED,2026-01-25 18:33:13,2026-01-25 18:42:17
TXN-00002352,ACC-000190,MER-00014,IDEMP-00002352,USD,3833,COMPLETED,2026-01-06 06:36:15,2026-01-06 06:38:46
TXN-00002353,ACC-000279,MER-00055,IDEMP-00002353,SGD,3177,COMPLETED,2026-02-01 19:00:18,2026-02-01 19:00:58
TXN-00002354,ACC-000345,MER-00043,IDEMP-00002354,THB,3640,DECLINED,2026-01-07 13:05:14,2026-01-07 13:08:07
TXN-00002355,ACC-000051,MER-00026,IDEMP-00002355,USD,8531,COMPLETED,2026-02-17 05:20:23,2026-02-17 05:24:13
TXN-00002356,ACC-000137,MER-00061,IDEMP-00002356,SGD,44505,COMPLETED,2026-01-19 20:01:38,2026-01-19 20:03:55
TXN-00002357,ACC-000442,MER-00041,IDEMP-00002357,SGD,12730,COMPLETED,2026-02-17 07:08:59,2026-02-17 07:10:35
TXN-00002358,ACC-000400,MER-00054,IDEMP-00002358,SGD,2401,COMPLETED,2026-02-27 02:32:47,2026-02-27 02:36:30
TXN-00002359,ACC-000365,MER-00063,IDEMP-00002359,USD,1523,COMPLETED,2026-02-23 13:41:47,2026-02-23 13:44:58
TXN-00002360,ACC-000368,MER-00059,IDEMP-00002360,THB,4502,COMPLETED,2026-02-07 01:33:40,2026-02-07 01:37:38
TXN-00002361,ACC-000214,MER-00017,IDEMP-00002361,THB,42472,COMPLETED,2026-02-12 13:18:28,2026-02-12 13:24:14
TXN-00002362,ACC-000008,MER-00055,IDEMP-00002362,THB,3988,COMPLETED,2026-01-18 21:55:06,2026-01-18 21:59:56
TXN-00002363,ACC-000339,MER-00016,IDEMP-00002363,SGD,14339,COMPLETED,2026-02-09 17:36:52,2026-02-09 17:39:53
TXN-00002364,ACC-000386,MER-00033,IDEMP-00002364,USD,11064,COMPLETED,2026-01-03 02:22:28,2026-01-03 02:31:49
TXN-00002365,ACC-000343,MER-00050,IDEMP-00002365,THB,3454,COMPLETED,2026-01-20 12:12:01,2026-01-20 12:19:49
TXN-00002366,ACC-000395,MER-00034,IDEMP-00002366,USD,4562,COMPLETED,2026-01-15 04:03:15,2026-01-15 04:09:42
TXN-00002367,ACC-000312,MER-00078,IDEMP-00002367,SGD,8923,COMPLETED,2026-02-07 04:47:00,2026-02-07 04:50:09
TXN-00002368,ACC-000384,MER-00063,IDEMP-00002368,USD,2073,COMPLETED,2026-02-14 16:04:13,2026-02-14 16:12:08
TXN-00002369,ACC-000206,MER-00044,IDEMP-00002369,SGD,1444,COMPLETED,2026-01-04 10:00:33,2026-01-04 10:05:24
TXN-00002370,ACC-000155,MER-00005,IDEMP-00002370,USD,4125,COMPLETED,2026-01-28 18:20:20,2026-01-28 18:29:54
TXN-00002371,ACC-000194,MER-00006,IDEMP-00002371,SGD,2806,COMPLETED,2026-01-19 23:11:38,2026-01-19 23:12:58
TXN-00002372,ACC-000300,MER-00054,IDEMP-00002372,THB,5539,COMPLETED,2026-01-22 03:31:57,2026-01-22 03:36:20
TXN-00002373,ACC-000245,MER-00059,IDEMP-00002373,USD,3993,COMPLETED,2026-02-17 17:46:24,2026-02-17 17:55:17
TXN-00002374,ACC-000372,MER-00016,IDEMP-00002374,SGD,20862,CANCELLED,2026-01-09 06:31:25,2026-01-09 06:40:51
TXN-00002375,ACC-000130,MER-00013,IDEMP-00002375,SGD,14555,COMPLETED,2026-01-23 15:49:23,2026-01-23 15:57:29
TXN-00002376,ACC-000400,MER-00045,IDEMP-00002376,SGD,1357,COMPLETED,2026-02-15 23:12:08,2026-02-15 23:21:21
TXN-00002377,ACC-000116,MER-00020,IDEMP-00002377,USD,2799,COMPLETED,2026-02-04 12:09:50,2026-02-04 12:17:36
TXN-00002378,ACC-000059,MER-00071,IDEMP-00002378,SGD,20788,COMPLETED,2026-01-04 17:39:59,2026-01-04 17:40:32
TXN-00002379,ACC-000244,MER-00057,IDEMP-00002379,USD,3386,COMPLETED,2026-01-29 12:22:44,2026-01-29 12:24:09
TXN-00002380,ACC-000004,MER-00001,IDEMP-00002380,THB,2056,COMPLETED,2026-01-19 21:24:04,2026-01-19 21:26:36
TXN-00002381,ACC-000332,MER-00006,IDEMP-00002381,THB,27026,COMPLETED,2026-02-14 11:36:41,2026-02-14 11:45:59
TXN-00002382,ACC-000184,MER-00002,IDEMP-00002382,SGD,3475,COMPLETED,2026-02-23 02:45:12,2026-02-23 02:52:02
TXN-00002383,ACC-000317,MER-00056,IDEMP-00002383,USD,6614,COMPLETED,2026-02-13 11:36:13,2026-02-13 11:46:12
TXN-00002384,ACC-000382,MER-00065,IDEMP-00002384,USD,4600,COMPLETED,2026-01-26 11:42:15,2026-01-26 11:45:19
TXN-00002385,ACC-000024,MER-00028,IDEMP-00002385,SGD,10166,COMPLETED,2026-01-23 20:34:23,2026-01-23 20:34:37
TXN-00002386,ACC-000114,MER-00065,IDEMP-00002386,THB,1187,COMPLETED,2026-01-01 17:21:36,2026-01-01 17:31:19
TXN-00002387,ACC-000347,MER-00064,IDEMP-00002387,USD,1920,COMPLETED,2026-01-08 15:32:47,2026-01-08 15:41:31
TXN-00002388,ACC-000395,MER-00013,IDEMP-00002388,USD,5147,COMPLETED,2026-01-05 01:30:56,2026-01-05 01:38:03
TXN-00002389,ACC-000203,MER-00074,IDEMP-00002389,THB,715,COMPLETED,2026-02-15 02:08:45,2026-02-15 02:09:20
TXN-00002390,ACC-000038,MER-00039,IDEMP-00002390,THB,7546,COMPLETED,2026-03-01 07:57:45,2026-03-01 08:06:34
TXN-00002391,ACC-000031,MER-00076,IDEMP-00002391,THB,4002,COMPLETED,2026-02-01 09:47:46,2026-02-01 09:52:07
TXN-00002392,ACC-000111,MER-00034,IDEMP-00002392,SGD,6074,PENDING,2026-02-18 20:47:13,
TXN-00002393,ACC-000429,MER-00027,IDEMP-00002393,USD,3438,DECLINED,2026-02-09 10:23:19,2026-02-09 10:30:18
TXN-00002394,ACC-000113,MER-00031,IDEMP-00002394,THB,3296,PENDING,2026-01-29 06:43:06,
TXN-00002395,ACC-000393,MER-00014,IDEMP-00002395,THB,5522,COMPLETED,2026-02-01 11:31:25,2026-02-01 11:36:19
TXN-00002396,ACC-000449,MER-00017,IDEMP-00002396,SGD,6034,COMPLETED,2026-01-24 17:14:11,2026-01-24 17:16:03
TXN-00002397,ACC-000016,MER-00001,IDEMP-00002397,SGD,2429,COMPLETED,2026-02-19 01:04:40,2026-02-19 01:12:53
TXN-00002398,ACC-000396,MER-00070,IDEMP-00002398,THB,1601,COMPLETED,2026-01-31 12:56:30,2026-01-31 12:58:08
TXN-00002399,ACC-000429,MER-00031,IDEMP-00002399,USD,5745,COMPLETED,2026-02-03 10:02:20,2026-02-03 10:09:37
TXN-00002400,ACC-000445,MER-00056,IDEMP-00002400,SGD,1608,COMPLETED,2026-02-07 04:16:47,2026-02-07 04:24:20
TXN-00002401,ACC-000440,MER-00071,IDEMP-00002401,SGD,5191,COMPLETED,2026-01-28 14:25:44,2026-01-28 14:27:02
TXN-00002402,ACC-000100,MER-00060,IDEMP-00002402,THB,5865,COMPLETED,2026-01-05 17:34:46,2026-01-05 17:39:34
TXN-00002403,ACC-000007,MER-00002,IDEMP-00002403,THB,5417,COMPLETED,2026-03-01 05:52:37,2026-03-01 06:00:25
TXN-00002404,ACC-000178,MER-00022,IDEMP-00002404,SGD,23982,COMPLETED,2026-01-24 17:58:09,2026-01-24 18:01:01
TXN-00002405,ACC-000269,MER-00023,IDEMP-00002405,SGD,512,COMPLETED,2026-01-31 09:39:55,2026-01-31 09:43:44
TXN-00002406,ACC-000251,MER-00055,IDEMP-00002406,USD,8187,DECLINED,2026-02-13 05:03:54,2026-02-13 05:04:56
TXN-00002407,ACC-000442,MER-00058,IDEMP-00002407,SGD,4125,COMPLETED,2026-02-15 13:23:55,2026-02-15 13:29:48
TXN-00002408,ACC-000127,MER-00067,IDEMP-00002408,SGD,3620,COMPLETED,2026-02-07 14:23:36,2026-02-07 14:29:57
TXN-00002409,ACC-000022,MER-00045,IDEMP-00002409,SGD,2914,COMPLETED,2026-01-20 14:42:14,2026-01-20 14:49:43
TXN-00002410,ACC-000428,MER-00031,IDEMP-00002410,USD,1101,COMPLETED,2026-02-03 21:10:28,2026-02-03 21:20:20
TXN-00002411,ACC-000094,MER-00063,IDEMP-00002411,SGD,3323,COMPLETED,2026-02-21 13:46:36,2026-02-21 13:53:43
TXN-00002412,ACC-000197,MER-00005,IDEMP-00002412,USD,1419,COMPLETED,2026-01-01 02:18:12,2026-01-01 02:20:01
TXN-00002413,ACC-000205,MER-00035,IDEMP-00002413,USD,933,COMPLETED,2026-02-01 09:22:59,2026-02-01 09:30:41
TXN-00002414,ACC-000073,MER-00040,IDEMP-00002414,THB,7360,COMPLETED,2026-01-07 21:46:12,2026-01-07 21:49:06
TXN-00002415,ACC-000186,MER-00055,IDEMP-00002415,THB,6604,COMPLETED,2026-01-22 11:14:35,2026-01-22 11:17:48
TXN-00002416,ACC-000299,MER-00058,IDEMP-00002416,THB,13988,COMPLETED,2026-01-16 21:05:06,2026-01-16 21:07:19
TXN-00002417,ACC-000428,MER-00026,IDEMP-00002417,USD,5604,CANCELLED,2026-01-03 10:41:31,2026-01-03 10:47:33
TXN-00002418,ACC-000256,MER-00042,IDEMP-00002418,THB,4953,COMPLETED,2026-01-19 10:25:52,2026-01-19 10:31:47
TXN-00002419,ACC-000120,MER-00034,IDEMP-00002419,THB,4730,COMPLETED,2026-02-18 07:38:58,2026-02-18 07:39:29
TXN-00002420,ACC-000216,MER-00033,IDEMP-00002420,USD,4234,COMPLETED,2026-02-21 19:36:48,2026-02-21 19:46:22
TXN-00002421,ACC-000114,MER-00009,IDEMP-00002421,THB,3990,COMPLETED,2026-02-19 08:29:26,2026-02-19 08:33:12
TXN-00002422,ACC-000299,MER-00041,IDEMP-00002422,THB,3237,COMPLETED,2026-01-25 01:59:57,2026-01-25 02:07:48
TXN-00002423,ACC-000449,MER-00071,IDEMP-00002423,SGD,9669,PENDING,2026-01-28 19:21:16,
TXN-00002424,ACC-000180,MER-00053,IDEMP-00002424,SGD,6495,COMPLETED,2026-02-09 22:24:49,2026-02-09 22:26:37
TXN-00002425,ACC-000110,MER-00063,IDEMP-00002425,USD,1820,COMPLETED,2026-01-31 08:04:32,2026-01-31 08:13:45
TXN-00002426,ACC-000005,MER-00031,IDEMP-00002426,THB,11690,COMPLETED,2026-01-16 08:10:39,2026-01-16 08:14:22
TXN-00002427,ACC-000219,MER-00043,IDEMP-00002427,SGD,3243,COMPLETED,2026-01-03 19:34:49,2026-01-03 19:41:36
TXN-00002428,ACC-000238,MER-00061,IDEMP-00002428,THB,574,COMPLETED,2026-01-09 08:23:04,2026-01-09 08:25:28
TXN-00002429,ACC-000071,MER-00040,IDEMP-00002429,USD,3537,PENDING,2026-01-30 20:10:30,
TXN-00002430,ACC-000082,MER-00061,IDEMP-00002430,USD,1815,COMPLETED,2026-02-04 20:21:56,2026-02-04 20:24:38
TXN-00002431,ACC-000395,MER-00018,IDEMP-00002431,USD,10822,CANCELLED,2026-01-06 11:26:49,2026-01-06 11:34:10
TXN-00002432,ACC-000068,MER-00045,IDEMP-00002432,USD,2645,COMPLETED,2026-01-06 11:55:15,2026-01-06 12:05:11
TXN-00002433,ACC-000200,MER-00013,IDEMP-00002433,USD,5214,COMPLETED,2026-01-17 12:16:23,2026-01-17 12:16:47
TXN-00002434,ACC-000328,MER-00001,IDEMP-00002434,THB,11103,COMPLETED,2026-01-16 20:42:45,2026-01-16 20:46:48
TXN-00002435,ACC-000011,MER-00015,IDEMP-00002435,SGD,6315,COMPLETED,2026-01-10 02:40:03,2026-01-10 02:44:02
TXN-00002436,ACC-000004,MER-00041,IDEMP-00002436,THB,11914,COMPLETED,2026-01-06 08:05:45,2026-01-06 08:14:28
TXN-00002437,ACC-000179,MER-00029,IDEMP-00002437,THB,3974,COMPLETED,2026-02-25 10:20:30,2026-02-25 10:27:59
TXN-00002438,ACC-000295,MER-00034,IDEMP-00002438,THB,4180,COMPLETED,2026-02-05 17:42:13,2026-02-05 17:44:54
TXN-00002439,ACC-000392,MER-00048,IDEMP-00002439,SGD,31803,CANCELLED,2026-02-24 13:39:43,2026-02-24 13:43:50
TXN-00002440,ACC-000178,MER-00020,IDEMP-00002440,SGD,11931,COMPLETED,2026-02-05 23:42:56,2026-02-05 23:49:27
TXN-00002441,ACC-000384,MER-00053,IDEMP-00002441,USD,10250,COMPLETED,2026-01-20 23:47:22,2026-01-20 23:47:55
TXN-00002442,ACC-000262,MER-00005,IDEMP-00002442,THB,14739,COMPLETED,2026-01-10 12:22:12,2026-01-10 12:22:14
TXN-00002443,ACC-000339,MER-00028,IDEMP-00002443,SGD,12031,COMPLETED,2026-01-30 17:44:15,2026-01-30 17:50:52
TXN-00002444,ACC-000204,MER-00078,IDEMP-00002444,THB,3673,PENDING,2026-01-19 04:56:04,
TXN-00002445,ACC-000444,MER-00031,IDEMP-00002445,THB,2896,COMPLETED,2026-02-09 14:51:43,2026-02-09 14:58:47
TXN-00002446,ACC-000210,MER-00042,IDEMP-00002446,USD,2130,DECLINED,2026-01-02 18:46:14,2026-01-02 18:49:53
TXN-00002447,ACC-000312,MER-00047,IDEMP-00002447,SGD,2845,PENDING,2026-01-06 14:15:23,
TXN-00002448,ACC-000164,MER-00009,IDEMP-00002448,USD,902,COMPLETED,2026-01-10 19:17:28,2026-01-10 19:24:21
TXN-00002449,ACC-000422,MER-00044,IDEMP-00002449,THB,1013,COMPLETED,2026-01-03 16:04:18,2026-01-03 16:12:26
TXN-00002450,ACC-000392,MER-00053,IDEMP-00002450,SGD,2623,COMPLETED,2026-01-12 07:15:39,2026-01-12 07:18:19
TXN-00002451,ACC-000278,MER-00057,IDEMP-00002451,USD,4317,COMPLETED,2026-02-22 21:48:44,2026-02-22 21:53:22
TXN-00002452,ACC-000012,MER-00036,IDEMP-00002452,SGD,4383,COMPLETED,2026-01-11 07:46:17,2026-01-11 07:51:54
TXN-00002453,ACC-000354,MER-00013,IDEMP-00002453,USD,1625,COMPLETED,2026-02-24 14:32:01,2026-02-24 14:32:46
TXN-00002454,ACC-000242,MER-00060,IDEMP-00002454,SGD,9106,COMPLETED,2026-02-17 16:08:54,2026-02-17 16:09:14
TXN-00002455,ACC-000201,MER-00050,IDEMP-00002455,SGD,4398,COMPLETED,2026-01-11 11:45:46,2026-01-11 11:47:32
TXN-00002456,ACC-000047,MER-00030,IDEMP-00002456,THB,5482,DECLINED,2026-01-12 19:48:58,2026-01-12 19:49:53
TXN-00002457,ACC-000039,MER-00018,IDEMP-00002457,USD,1320,DECLINED,2026-02-05 21:10:10,2026-02-05 21:11:04
TXN-00002458,ACC-000123,MER-00020,IDEMP-00002458,USD,5826,COMPLETED,2026-01-12 20:26:04,2026-01-12 20:35:40
TXN-00002459,ACC-000333,MER-00031,IDEMP-00002459,USD,1507,COMPLETED,2026-01-27 23:51:01,2026-01-27 23:54:42
TXN-00002460,ACC-000199,MER-00029,IDEMP-00002460,USD,8187,PENDING,2026-02-09 20:45:41,
TXN-00002461,ACC-000295,MER-00013,IDEMP-00002461,THB,1883,COMPLETED,2026-02-20 03:30:53,2026-02-20 03:31:59
TXN-00002462,ACC-000248,MER-00016,IDEMP-00002462,USD,3157,COMPLETED,2026-01-01 04:50:38,2026-01-01 04:53:51
TXN-00002463,ACC-000284,MER-00077,IDEMP-00002463,SGD,6851,COMPLETED,2026-02-19 01:07:05,2026-02-19 01:08:28
TXN-00002464,ACC-000230,MER-00024,IDEMP-00002464,THB,5660,DECLINED,2026-02-16 11:40:53,2026-02-16 11:44:13
TXN-00002465,ACC-000318,MER-00044,IDEMP-00002465,THB,3173,PENDING,2026-01-31 20:51:46,
TXN-00002466,ACC-000109,MER-00062,IDEMP-00002466,THB,10734,COMPLETED,2026-02-24 18:33:16,2026-02-24 18:42:32
TXN-00002467,ACC-000413,MER-00059,IDEMP-00002467,USD,9323,COMPLETED,2026-02-17 08:12:18,2026-02-17 08:12:34
TXN-00002468,ACC-000386,MER-00018,IDEMP-00002468,USD,11024,COMPLETED,2026-02-17 01:54:10,2026-02-17 01:59:36
TXN-00002469,ACC-000106,MER-00060,IDEMP-00002469,SGD,2357,PENDING,2026-02-12 23:37:59,
TXN-00002470,ACC-000321,MER-00033,IDEMP-00002470,THB,5777,COMPLETED,2026-01-28 01:50:52,2026-01-28 01:55:26
TXN-00002471,ACC-000308,MER-00073,IDEMP-00002471,SGD,4292,COMPLETED,2026-02-21 04:21:10,2026-02-21 04:23:41
TXN-00002472,ACC-000421,MER-00036,IDEMP-00002472,SGD,9365,CANCELLED,2026-02-17 00:39:17,2026-02-17 00:40:46
TXN-00002473,ACC-000019,MER-00031,IDEMP-00002473,SGD,23649,COMPLETED,2026-02-15 13:28:12,2026-02-15 13:35:10
TXN-00002474,ACC-000309,MER-00034,IDEMP-00002474,SGD,1269,DECLINED,2026-01-14 06:27:42,2026-01-14 06:33:29
TXN-00002475,ACC-000239,MER-00080,IDEMP-00002475,USD,16554,COMPLETED,2026-02-06 14:26:47,2026-02-06 14:31:09
TXN-00002476,ACC-000439,MER-00070,IDEMP-00002476,SGD,1120,COMPLETED,2026-01-02 02:44:13,2026-01-02 02:51:32
TXN-00002477,ACC-000281,MER-00052,IDEMP-00002477,SGD,2753,COMPLETED,2026-02-09 18:05:57,2026-02-09 18:11:40
TXN-00002478,ACC-000293,MER-00041,IDEMP-00002478,THB,12446,COMPLETED,2026-02-25 03:09:34,2026-02-25 03:09:46
TXN-00002479,ACC-000352,MER-00064,IDEMP-00002479,SGD,3296,COMPLETED,2026-02-07 06:34:02,2026-02-07 06:35:20
TXN-00002480,ACC-000210,MER-00009,IDEMP-00002480,USD,835,COMPLETED,2026-01-21 17:26:40,2026-01-21 17:29:00
TXN-00002481,ACC-000277,MER-00078,IDEMP-00002481,SGD,2624,COMPLETED,2026-01-02 05:48:11,2026-01-02 05:49:28
TXN-00002482,ACC-000005,MER-00071,IDEMP-00002482,THB,5264,COMPLETED,2026-01-08 00:38:44,2026-01-08 00:42:15
TXN-00002483,ACC-000178,MER-00036,IDEMP-00002483,SGD,7112,COMPLETED,2026-01-21 17:56:53,2026-01-21 18:03:18
TXN-00002484,ACC-000408,MER-00001,IDEMP-00002484,THB,3199,COMPLETED,2026-01-19 10:59:09,2026-01-19 11:07:59
TXN-00002485,ACC-000214,MER-00054,IDEMP-00002485,THB,50123,CANCELLED,2026-02-08 08:20:46,2026-02-08 08:21:30
TXN-00002486,ACC-000107,MER-00026,IDEMP-00002486,SGD,13559,PENDING,2026-01-29 09:34:42,
TXN-00002487,ACC-000006,MER-00012,IDEMP-00002487,USD,2087,PENDING,2026-02-03 00:54:47,
TXN-00002488,ACC-000123,MER-00009,IDEMP-00002488,USD,1732,COMPLETED,2026-01-29 02:54:20,2026-01-29 02:54:56
TXN-00002489,ACC-000272,MER-00003,IDEMP-00002489,THB,13612,COMPLETED,2026-01-27 13:17:09,2026-01-27 13:18:25
TXN-00002490,ACC-000347,MER-00064,IDEMP-00002490,USD,2154,COMPLETED,2026-02-21 12:47:24,2026-02-21 12:52:04
TXN-00002491,ACC-000305,MER-00007,IDEMP-00002491,THB,10568,COMPLETED,2026-02-26 13:07:24,2026-02-26 13:08:29
TXN-00002492,ACC-000140,MER-00076,IDEMP-00002492,SGD,2357,COMPLETED,2026-01-03 22:17:16,2026-01-03 22:18:16
TXN-00002493,ACC-000006,MER-00017,IDEMP-00002493,USD,872,COMPLETED,2026-01-22 00:37:19,2026-01-22 00:37:52
TXN-00002494,ACC-000059,MER-00040,IDEMP-00002494,SGD,2915,COMPLETED,2026-02-24 01:22:15,2026-02-24 01:27:36
TXN-00002495,ACC-000359,MER-00050,IDEMP-00002495,THB,10580,COMPLETED,2026-02-21 22:05:20,2026-02-21 22:12:39
TXN-00002496,ACC-000051,MER-00074,IDEMP-00002496,USD,14524,COMPLETED,2026-01-16 22:14:51,2026-01-16 22:20:43
TXN-00002497,ACC-000230,MER-00017,IDEMP-00002497,THB,1167,COMPLETED,2026-01-05 00:53:13,2026-01-05 00:59:26
TXN-00002498,ACC-000047,MER-00024,IDEMP-00002498,THB,14076,COMPLETED,2026-01-27 07:07:09,2026-01-27 07:14:31
TXN-00002499,ACC-000232,MER-00024,IDEMP-00002499,SGD,709,COMPLETED,2026-01-16 03:26:24,2026-01-16 03:34:07
TXN-00002500,ACC-000060,MER-00056,IDEMP-00002500,SGD,9821,COMPLETED,2026-02-13 13:59:46,2026-02-13 13:59:55
TXN-00002501,ACC-000404,MER-00016,IDEMP-00002501,SGD,5692,COMPLETED,2026-01-26 00:48:40,2026-01-26 00:49:43
TXN-00002502,ACC-000034,MER-00064,IDEMP-00002502,SGD,6192,COMPLETED,2026-02-18 03:00:40,2026-02-18 03:02:37
TXN-00002503,ACC-000174,MER-00044,IDEMP-00002503,SGD,315,COMPLETED,2026-01-02 12:21:22,2026-01-02 12:29:51
TXN-00002504,ACC-000026,MER-00016,IDEMP-00002504,USD,6199,COMPLETED,2026-01-13 12:18:37,2026-01-13 12:23:43
TXN-00002505,ACC-000047,MER-00041,IDEMP-00002505,THB,15954,COMPLETED,2026-01-03 06:34:06,2026-01-03 06:38:22
TXN-00002506,ACC-000447,MER-00043,IDEMP-00002506,SGD,578,COMPLETED,2026-01-03 14:32:10,2026-01-03 14:39:03
TXN-00002507,ACC-000025,MER-00010,IDEMP-00002507,USD,4209,COMPLETED,2026-02-19 21:49:55,2026-02-19 21:52:08
TXN-00002508,ACC-000040,MER-00043,IDEMP-00002508,USD,1767,COMPLETED,2026-01-12 19:58:24,2026-01-12 20:03:48
TXN-00002509,ACC-000020,MER-00039,IDEMP-00002509,THB,24451,DECLINED,2026-02-05 06:27:22,2026-02-05 06:27:35
TXN-00002510,ACC-000267,MER-00011,IDEMP-00002510,USD,3308,COMPLETED,2026-02-08 10:31:41,2026-02-08 10:33:40
TXN-00002511,ACC-000273,MER-00059,IDEMP-00002511,THB,36689,DECLINED,2026-01-21 17:59:08,2026-01-21 18:07:15
TXN-00002512,ACC-000443,MER-00024,IDEMP-00002512,SGD,1882,COMPLETED,2026-01-04 10:22:08,2026-01-04 10:23:55
TXN-00002513,ACC-000191,MER-00074,IDEMP-00002513,THB,8740,COMPLETED,2026-02-18 18:47:31,2026-02-18 18:54:05
TXN-00002514,ACC-000004,MER-00013,IDEMP-00002514,THB,1079,COMPLETED,2026-01-25 17:49:12,2026-01-25 17:57:33
TXN-00002515,ACC-000242,MER-00069,IDEMP-00002515,SGD,6655,COMPLETED,2026-02-03 03:18:48,2026-02-03 03:20:14
TXN-00002516,ACC-000421,MER-00052,IDEMP-00002516,SGD,3496,COMPLETED,2026-01-04 11:25:39,2026-01-04 11:35:20
TXN-00002517,ACC-000146,MER-00080,IDEMP-00002517,USD,7276,PENDING,2026-01-10 21:44:51,
TXN-00002518,ACC-000225,MER-00023,IDEMP-00002518,USD,407,COMPLETED,2026-02-24 06:29:09,2026-02-24 06:36:15
TXN-00002519,ACC-000027,MER-00031,IDEMP-00002519,SGD,2441,PENDING,2026-02-23 21:55:49,
TXN-00002520,ACC-000043,MER-00079,IDEMP-00002520,SGD,12676,COMPLETED,2026-02-05 14:18:06,2026-02-05 14:24:04
TXN-00002521,ACC-000096,MER-00072,IDEMP-00002521,SGD,9948,COMPLETED,2026-02-07 19:33:34,2026-02-07 19:39:48
TXN-00002522,ACC-000267,MER-00078,IDEMP-00002522,USD,4309,COMPLETED,2026-02-09 22:59:26,2026-02-09 23:05:05
TXN-00002523,ACC-000113,MER-00055,IDEMP-00002523,THB,5099,COMPLETED,2026-02-09 04:58:16,2026-02-09 05:04:16
TXN-00002524,ACC-000291,MER-00050,IDEMP-00002524,USD,4632,COMPLETED,2026-01-01 10:29:45,2026-01-01 10:33:51
TXN-00002525,ACC-000387,MER-00061,IDEMP-00002525,USD,5728,COMPLETED,2026-01-07 01:21:26,2026-01-07 01:26:51
TXN-00002526,ACC-000341,MER-00078,IDEMP-00002526,THB,3216,COMPLETED,2026-02-16 00:13:08,2026-02-16 00:13:23
TXN-00002527,ACC-000158,MER-00057,IDEMP-00002527,USD,1137,COMPLETED,2026-02-13 01:50:36,2026-02-13 01:57:55
TXN-00002528,ACC-000310,MER-00007,IDEMP-00002528,THB,10554,COMPLETED,2026-01-21 08:36:05,2026-01-21 08:37:13
TXN-00002529,ACC-000135,MER-00050,IDEMP-00002529,THB,5821,CANCELLED,2026-02-20 08:28:31,2026-02-20 08:30:08
TXN-00002530,ACC-000128,MER-00021,IDEMP-00002530,USD,684,COMPLETED,2026-01-22 21:09:45,2026-01-22 21:11:03
TXN-00002531,ACC-000251,MER-00006,IDEMP-00002531,USD,8125,COMPLETED,2026-02-11 17:44:04,2026-02-11 17:44:57
TXN-00002532,ACC-000416,MER-00048,IDEMP-00002532,THB,6109,COMPLETED,2026-02-27 20:49:07,2026-02-27 20:53:44
TXN-00002533,ACC-000364,MER-00020,IDEMP-00002533,THB,1696,COMPLETED,2026-02-26 14:41:11,2026-02-26 14:42:07
TXN-00002534,ACC-000276,MER-00068,IDEMP-00002534,USD,3576,COMPLETED,2026-02-16 17:13:20,2026-02-16 17:18:36
TXN-00002535,ACC-000164,MER-00079,IDEMP-00002535,USD,10038,CANCELLED,2026-01-15 05:17:21,2026-01-15 05:22:48
TXN-00002536,ACC-000019,MER-00080,IDEMP-00002536,SGD,3354,COMPLETED,2026-01-22 04:39:21,2026-01-22 04:48:33
TXN-00002537,ACC-000210,MER-00013,IDEMP-00002537,USD,2383,COMPLETED,2026-01-29 09:30:27,2026-01-29 09:34:35
TXN-00002538,ACC-000028,MER-00026,IDEMP-00002538,SGD,1597,COMPLETED,2026-01-13 13:03:53,2026-01-13 13:05:25
TXN-00002539,ACC-000094,MER-00059,IDEMP-00002539,SGD,4938,COMPLETED,2026-01-24 06:14:09,2026-01-24 06:21:13
TXN-00002540,ACC-000189,MER-00063,IDEMP-00002540,SGD,5088,COMPLETED,2026-02-10 10:45:19,2026-02-10 10:48:47
TXN-00002541,ACC-000262,MER-00068,IDEMP-00002541,THB,11936,PENDING,2026-02-18 16:10:03,
TXN-00002542,ACC-000364,MER-00042,IDEMP-00002542,THB,949,COMPLETED,2026-01-19 01:04:54,2026-01-19 01:12:59
TXN-00002543,ACC-000320,MER-00012,IDEMP-00002543,USD,5317,CANCELLED,2026-01-19 07:12:01,2026-01-19 07:18:56
TXN-00002544,ACC-000395,MER-00042,IDEMP-00002544,USD,3569,COMPLETED,2026-01-05 21:44:38,2026-01-05 21:51:30
TXN-00002545,ACC-000227,MER-00040,IDEMP-00002545,SGD,8388,COMPLETED,2026-02-06 03:01:54,2026-02-06 03:04:36
TXN-00002546,ACC-000119,MER-00035,IDEMP-00002546,USD,1017,DECLINED,2026-02-18 21:07:09,2026-02-18 21:14:38
TXN-00002547,ACC-000191,MER-00024,IDEMP-00002547,THB,6414,COMPLETED,2026-02-18 09:21:10,2026-02-18 09:22:43
TXN-00002548,ACC-000146,MER-00025,IDEMP-00002548,USD,2175,CANCELLED,2026-01-12 14:45:23,2026-01-12 14:54:58
TXN-00002549,ACC-000100,MER-00013,IDEMP-00002549,THB,310,COMPLETED,2026-02-09 17:28:35,2026-02-09 17:36:51
TXN-00002550,ACC-000277,MER-00015,IDEMP-00002550,SGD,1144,COMPLETED,2026-01-12 09:19:37,2026-01-12 09:20:00
TXN-00002551,ACC-000071,MER-00056,IDEMP-00002551,USD,20295,COMPLETED,2026-01-31 13:51:25,2026-01-31 13:59:55
TXN-00002552,ACC-000378,MER-00030,IDEMP-00002552,USD,2255,DECLINED,2026-01-22 20:44:35,2026-01-22 20:52:28
TXN-00002553,ACC-000385,MER-00012,IDEMP-00002553,THB,11224,COMPLETED,2026-02-10 05:41:07,2026-02-10 05:44:08
TXN-00002554,ACC-000277,MER-00007,IDEMP-00002554,SGD,883,COMPLETED,2026-01-05 16:42:45,2026-01-05 16:44:47
TXN-00002555,ACC-000099,MER-00042,IDEMP-00002555,SGD,6571,COMPLETED,2026-02-11 13:55:02,2026-02-11 14:03:19
TXN-00002556,ACC-000100,MER-00066,IDEMP-00002556,THB,1882,CANCELLED,2026-01-18 19:38:18,2026-01-18 19:45:44
TXN-00002557,ACC-000315,MER-00016,IDEMP-00002557,THB,4569,COMPLETED,2026-02-03 12:10:21,2026-02-03 12:13:37
TXN-00002558,ACC-000244,MER-00050,IDEMP-00002558,USD,1402,COMPLETED,2026-01-05 14:43:56,2026-01-05 14:46:25
TXN-00002559,ACC-000265,MER-00017,IDEMP-00002559,SGD,4776,COMPLETED,2026-01-21 01:15:09,2026-01-21 01:16:58
TXN-00002560,ACC-000205,MER-00057,IDEMP-00002560,USD,7866,COMPLETED,2026-01-02 00:12:41,2026-01-02 00:20:31
TXN-00002561,ACC-000311,MER-00004,IDEMP-00002561,USD,1598,COMPLETED,2026-02-14 09:07:04,2026-02-14 09:12:23
TXN-00002562,ACC-000299,MER-00026,IDEMP-00002562,THB,551,COMPLETED,2026-02-18 11:38:18,2026-02-18 11:40:37
TXN-00002563,ACC-000161,MER-00005,IDEMP-00002563,USD,11088,COMPLETED,2026-01-31 01:02:08,2026-01-31 01:06:35
TXN-00002564,ACC-000016,MER-00028,IDEMP-00002564,SGD,2020,COMPLETED,2026-01-10 23:23:00,2026-01-10 23:31:51
TXN-00002565,ACC-000273,MER-00076,IDEMP-00002565,THB,6253,COMPLETED,2026-01-12 18:38:25,2026-01-12 18:38:48
TXN-00002566,ACC-000217,MER-00069,IDEMP-00002566,SGD,4758,COMPLETED,2026-01-27 22:01:13,2026-01-27 22:05:31
TXN-00002567,ACC-000223,MER-00032,IDEMP-00002567,SGD,3778,COMPLETED,2026-02-09 18:55:18,2026-02-09 18:55:41
TXN-00002568,ACC-000199,MER-00030,IDEMP-00002568,USD,15733,DECLINED,2026-01-13 08:34:31,2026-01-13 08:40:22
TXN-00002569,ACC-000016,MER-00078,IDEMP-00002569,SGD,4825,COMPLETED,2026-01-29 04:57:18,2026-01-29 05:04:59
TXN-00002570,ACC-000298,MER-00021,IDEMP-00002570,SGD,8116,COMPLETED,2026-01-20 06:49:35,2026-01-20 06:54:32
TXN-00002571,ACC-000263,MER-00025,IDEMP-00002571,SGD,23041,DECLINED,2026-01-30 21:39:19,2026-01-30 21:46:34
TXN-00002572,ACC-000450,MER-00075,IDEMP-00002572,SGD,1535,COMPLETED,2026-02-10 04:09:57,2026-02-10 04:11:14
TXN-00002573,ACC-000242,MER-00041,IDEMP-00002573,SGD,3839,CANCELLED,2026-02-17 10:36:32,2026-02-17 10:37:21
TXN-00002574,ACC-000090,MER-00048,IDEMP-00002574,THB,2165,COMPLETED,2026-02-21 11:26:31,2026-02-21 11:27:39
TXN-00002575,ACC-000234,MER-00053,IDEMP-00002575,SGD,9172,CANCELLED,2026-01-04 17:20:35,2026-01-04 17:26:19
TXN-00002576,ACC-000342,MER-00079,IDEMP-00002576,USD,14267,COMPLETED,2026-01-20 21:41:44,2026-01-20 21:43:38
TXN-00002577,ACC-000138,MER-00062,IDEMP-00002577,SGD,7679,COMPLETED,2026-02-13 01:44:01,2026-02-13 01:50:59
TXN-00002578,ACC-000146,MER-00019,IDEMP-00002578,USD,33878,DECLINED,2026-02-02 15:09:42,2026-02-02 15:16:49
TXN-00002579,ACC-000444,MER-00001,IDEMP-00002579,THB,1287,COMPLETED,2026-01-30 07:30:37,2026-01-30 07:34:32
TXN-00002580,ACC-000030,MER-00041,IDEMP-00002580,SGD,10899,PENDING,2026-02-01 02:13:10,
TXN-00002581,ACC-000086,MER-00024,IDEMP-00002581,SGD,483,COMPLETED,2026-01-12 10:18:58,2026-01-12 10:24:43
TXN-00002582,ACC-000019,MER-00025,IDEMP-00002582,SGD,2672,COMPLETED,2026-02-04 03:40:13,2026-02-04 03:47:50
TXN-00002583,ACC-000273,MER-00016,IDEMP-00002583,THB,12575,COMPLETED,2026-02-14 13:22:14,2026-02-14 13:27:43
TXN-00002584,ACC-000183,MER-00012,IDEMP-00002584,SGD,8314,COMPLETED,2026-01-15 20:32:57,2026-01-15 20:41:08
TXN-00002585,ACC-000201,MER-00056,IDEMP-00002585,SGD,4024,COMPLETED,2026-01-28 23:52:45,2026-01-28 23:57:23
TXN-00002586,ACC-000183,MER-00072,IDEMP-00002586,SGD,5742,PENDING,2026-02-28 16:25:39,
TXN-00002587,ACC-000179,MER-00040,IDEMP-00002587,THB,2668,COMPLETED,2026-02-09 04:12:16,2026-02-09 04:15:08
TXN-00002588,ACC-000296,MER-00058,IDEMP-00002588,USD,2432,DECLINED,2026-02-07 07:36:59,2026-02-07 07:41:00
TXN-00002589,ACC-000186,MER-00076,IDEMP-00002589,THB,1790,COMPLETED,2026-01-30 04:03:57,2026-01-30 04:09:12
TXN-00002590,ACC-000430,MER-00032,IDEMP-00002590,THB,2102,COMPLETED,2026-01-08 04:48:18,2026-01-08 04:53:34
TXN-00002591,ACC-000241,MER-00020,IDEMP-00002591,THB,3506,PENDING,2026-02-24 02:47:58,
TXN-00002592,ACC-000128,MER-00044,IDEMP-00002592,USD,5113,COMPLETED,2026-01-04 15:41:46,2026-01-04 15:47:24
TXN-00002593,ACC-000021,MER-00063,IDEMP-00002593,USD,7382,COMPLETED,2026-02-27 23:11:10,2026-02-27 23:11:28
TXN-00002594,ACC-000323,MER-00076,IDEMP-00002594,USD,15472,COMPLETED,2026-01-10 21:17:10,2026-01-10 21:19:39
TXN-00002595,ACC-000122,MER-00009,IDEMP-00002595,THB,533,COMPLETED,2026-02-14 23:13:00,2026-02-14 23:16:00
TXN-00002596,ACC-000283,MER-00045,IDEMP-00002596,USD,3601,COMPLETED,2026-01-26 05:25:09,2026-01-26 05:28:04
TXN-00002597,ACC-000126,MER-00054,IDEMP-00002597,SGD,5688,COMPLETED,2026-01-15 17:10:12,2026-01-15 17:10:54
TXN-00002598,ACC-000167,MER-00030,IDEMP-00002598,THB,5698,COMPLETED,2026-02-12 03:56:00,2026-02-12 04:04:37
TXN-00002599,ACC-000041,MER-00042,IDEMP-00002599,THB,1504,COMPLETED,2026-01-14 09:55:31,2026-01-14 09:56:22
TXN-00002600,ACC-000195,MER-00041,IDEMP-00002600,THB,7057,COMPLETED,2026-01-05 19:12:04,2026-01-05 19:20:52
TXN-00002601,ACC-000382,MER-00051,IDEMP-00002601,USD,1739,COMPLETED,2026-02-12 22:50:44,2026-02-12 22:55:44
TXN-00002602,ACC-000348,MER-00041,IDEMP-00002602,SGD,9785,COMPLETED,2026-02-01 12:31:49,2026-02-01 12:33:24
TXN-00002603,ACC-000433,MER-00068,IDEMP-00002603,SGD,245,COMPLETED,2026-01-24 17:32:41,2026-01-24 17:37:54
TXN-00002604,ACC-000320,MER-00058,IDEMP-00002604,USD,10553,COMPLETED,2026-02-28 15:11:08,2026-02-28 15:20:26
TXN-00002605,ACC-000397,MER-00005,IDEMP-00002605,THB,935,COMPLETED,2026-01-10 22:16:11,2026-01-10 22:22:15
TXN-00002606,ACC-000253,MER-00042,IDEMP-00002606,SGD,11819,COMPLETED,2026-02-02 11:47:56,2026-02-02 11:51:32
TXN-00002607,ACC-000386,MER-00013,IDEMP-00002607,USD,1658,COMPLETED,2026-01-20 08:12:30,2026-01-20 08:14:26
TXN-00002608,ACC-000264,MER-00034,IDEMP-00002608,THB,11729,COMPLETED,2026-02-25 05:08:48,2026-02-25 05:14:41
TXN-00002609,ACC-000244,MER-00053,IDEMP-00002609,USD,623,COMPLETED,2026-01-21 07:28:52,2026-01-21 07:30:26
TXN-00002610,ACC-000387,MER-00016,IDEMP-00002610,USD,4656,COMPLETED,2026-01-25 23:13:26,2026-01-25 23:16:41
TXN-00002611,ACC-000266,MER-00036,IDEMP-00002611,THB,1895,DECLINED,2026-01-29 15:17:27,2026-01-29 15:18:41
TXN-00002612,ACC-000120,MER-00035,IDEMP-00002612,THB,2042,COMPLETED,2026-02-05 17:25:15,2026-02-05 17:31:25
TXN-00002613,ACC-000150,MER-00076,IDEMP-00002613,SGD,5994,COMPLETED,2026-02-02 16:11:33,2026-02-02 16:20:23
TXN-00002614,ACC-000042,MER-00030,IDEMP-00002614,THB,12602,PENDING,2026-01-09 00:09:26,
TXN-00002615,ACC-000205,MER-00056,IDEMP-00002615,USD,5548,COMPLETED,2026-02-05 10:54:49,2026-02-05 11:04:37
TXN-00002616,ACC-000177,MER-00058,IDEMP-00002616,USD,2828,COMPLETED,2026-02-05 06:26:02,2026-02-05 06:30:45
TXN-00002617,ACC-000290,MER-00027,IDEMP-00002617,USD,7503,COMPLETED,2026-01-22 05:08:05,2026-01-22 05:09:48
TXN-00002618,ACC-000307,MER-00069,IDEMP-00002618,THB,18927,COMPLETED,2026-02-04 08:06:49,2026-02-04 08:14:53
TXN-00002619,ACC-000352,MER-00061,IDEMP-00002619,SGD,364,COMPLETED,2026-02-14 02:45:41,2026-02-14 02:53:44
TXN-00002620,ACC-000440,MER-00067,IDEMP-00002620,SGD,1467,COMPLETED,2026-02-16 23:42:36,2026-02-16 23:45:39
TXN-00002621,ACC-000017,MER-00061,IDEMP-00002621,USD,8587,COMPLETED,2026-01-04 07:39:53,2026-01-04 07:41:28
TXN-00002622,ACC-000436,MER-00076,IDEMP-00002622,SGD,14040,COMPLETED,2026-01-26 15:52:32,2026-01-26 15:56:42
TXN-00002623,ACC-000135,MER-00062,IDEMP-00002623,THB,3650,COMPLETED,2026-02-24 21:29:08,2026-02-24 21:32:34
TXN-00002624,ACC-000042,MER-00033,IDEMP-00002624,THB,6275,CANCELLED,2026-02-22 19:01:46,2026-02-22 19:10:35
TXN-00002625,ACC-000404,MER-00069,IDEMP-00002625,SGD,9309,COMPLETED,2026-01-22 09:37:07,2026-01-22 09:44:01
TXN-00002626,ACC-000302,MER-00028,IDEMP-00002626,THB,2443,COMPLETED,2026-01-24 00:45:35,2026-01-24 00:46:10
TXN-00002627,ACC-000222,MER-00020,IDEMP-00002627,USD,9630,COMPLETED,2026-02-17 18:57:51,2026-02-17 19:02:23
TXN-00002628,ACC-000234,MER-00064,IDEMP-00002628,SGD,17601,COMPLETED,2026-02-09 13:38:40,2026-02-09 13:47:33
TXN-00002629,ACC-000049,MER-00036,IDEMP-00002629,USD,1183,COMPLETED,2026-01-21 12:37:29,2026-01-21 12:39:33
TXN-00002630,ACC-000015,MER-00023,IDEMP-00002630,USD,823,COMPLETED,2026-01-29 06:21:56,2026-01-29 06:25:31
TXN-00002631,ACC-000137,MER-00020,IDEMP-00002631,SGD,8978,COMPLETED,2026-02-02 20:08:30,2026-02-02 20:09:22
TXN-00002632,ACC-000244,MER-00052,IDEMP-00002632,USD,6358,COMPLETED,2026-01-21 07:56:26,2026-01-21 08:04:17
TXN-00002633,ACC-000416,MER-00047,IDEMP-00002633,THB,885,COMPLETED,2026-02-01 15:25:37,2026-02-01 15:32:20
TXN-00002634,ACC-000383,MER-00054,IDEMP-00002634,USD,2428,CANCELLED,2026-02-06 20:41:17,2026-02-06 20:46:19
TXN-00002635,ACC-000133,MER-00023,IDEMP-00002635,USD,3773,PENDING,2026-02-28 12:56:24,
TXN-00002636,ACC-000062,MER-00042,IDEMP-00002636,USD,25982,COMPLETED,2026-02-09 18:48:18,2026-02-09 18:51:37
TXN-00002637,ACC-000099,MER-00024,IDEMP-00002637,SGD,1246,COMPLETED,2026-01-08 05:53:50,2026-01-08 05:54:50
TXN-00002638,ACC-000094,MER-00067,IDEMP-00002638,SGD,11932,COMPLETED,2026-01-08 06:58:24,2026-01-08 07:07:55
TXN-00002639,ACC-000023,MER-00079,IDEMP-00002639,SGD,7588,COMPLETED,2026-02-21 02:25:20,2026-02-21 02:26:11
TXN-00002640,ACC-000221,MER-00058,IDEMP-00002640,USD,2653,COMPLETED,2026-02-16 05:40:16,2026-02-16 05:41:41
TXN-00002641,ACC-000371,MER-00039,IDEMP-00002641,USD,13160,COMPLETED,2026-01-02 00:42:19,2026-01-02 00:46:36
TXN-00002642,ACC-000075,MER-00066,IDEMP-00002642,SGD,8277,COMPLETED,2026-02-18 08:50:32,2026-02-18 08:51:56
TXN-00002643,ACC-000107,MER-00063,IDEMP-00002643,SGD,10320,DECLINED,2026-01-23 22:08:08,2026-01-23 22:11:51
TXN-00002644,ACC-000270,MER-00046,IDEMP-00002644,SGD,17180,COMPLETED,2026-02-13 04:20:14,2026-02-13 04:23:55
TXN-00002645,ACC-000066,MER-00065,IDEMP-00002645,SGD,4006,COMPLETED,2026-02-13 14:12:18,2026-02-13 14:12:41
TXN-00002646,ACC-000375,MER-00007,IDEMP-00002646,SGD,537,COMPLETED,2026-02-06 12:17:59,2026-02-06 12:22:48
TXN-00002647,ACC-000042,MER-00071,IDEMP-00002647,THB,907,PENDING,2026-01-13 08:56:39,
TXN-00002648,ACC-000344,MER-00048,IDEMP-00002648,THB,6315,COMPLETED,2026-02-22 07:50:19,2026-02-22 07:53:55
TXN-00002649,ACC-000434,MER-00062,IDEMP-00002649,USD,20063,COMPLETED,2026-01-26 15:21:39,2026-01-26 15:30:42
TXN-00002650,ACC-000259,MER-00007,IDEMP-00002650,THB,6206,COMPLETED,2026-01-18 17:08:04,2026-01-18 17:16:35
TXN-00002651,ACC-000208,MER-00056,IDEMP-00002651,USD,1379,COMPLETED,2026-01-14 04:45:25,2026-01-14 04:47:22
TXN-00002652,ACC-000102,MER-00077,IDEMP-00002652,THB,4604,COMPLETED,2026-01-04 14:35:52,2026-01-04 14:41:52
TXN-00002653,ACC-000346,MER-00029,IDEMP-00002653,THB,16567,COMPLETED,2026-02-11 03:58:15,2026-02-11 04:03:13
TXN-00002654,ACC-000213,MER-00043,IDEMP-00002654,THB,11502,COMPLETED,2026-02-16 08:47:13,2026-02-16 08:53:37
TXN-00002655,ACC-000041,MER-00021,IDEMP-00002655,THB,1884,DECLINED,2026-01-07 22:38:08,2026-01-07 22:43:48
TXN-00002656,ACC-000192,MER-00038,IDEMP-00002656,SGD,7529,COMPLETED,2026-01-03 14:21:59,2026-01-03 14:22:47
TXN-00002657,ACC-000316,MER-00069,IDEMP-00002657,SGD,4309,COMPLETED,2026-02-06 08:24:35,2026-02-06 08:26:24
TXN-00002658,ACC-000401,MER-00047,IDEMP-00002658,THB,7089,DECLINED,2026-01-31 18:30:39,2026-01-31 18:36:20
TXN-00002659,ACC-000402,MER-00068,IDEMP-00002659,USD,10092,COMPLETED,2026-01-17 17:22:32,2026-01-17 17:31:58
TXN-00002660,ACC-000296,MER-00054,IDEMP-00002660,USD,4916,DECLINED,2026-01-06 21:13:03,2026-01-06 21:20:21
TXN-00002661,ACC-000058,MER-00041,IDEMP-00002661,SGD,4780,CANCELLED,2026-02-18 17:15:01,2026-02-18 17:16:04
TXN-00002662,ACC-000427,MER-00047,IDEMP-00002662,THB,706,COMPLETED,2026-02-15 02:49:01,2026-02-15 02:57:09
TXN-00002663,ACC-000058,MER-00060,IDEMP-00002663,SGD,3189,DECLINED,2026-02-11 16:30:16,2026-02-11 16:36:16
TXN-00002664,ACC-000264,MER-00034,IDEMP-00002664,THB,8750,COMPLETED,2026-01-30 03:14:00,2026-01-30 03:20:39
TXN-00002665,ACC-000105,MER-00010,IDEMP-00002665,SGD,8235,COMPLETED,2026-02-14 13:56:20,2026-02-14 14:06:09
TXN-00002666,ACC-000055,MER-00038,IDEMP-00002666,THB,2308,COMPLETED,2026-01-18 05:06:40,2026-01-18 05:10:25
TXN-00002667,ACC-000041,MER-00061,IDEMP-00002667,THB,10283,COMPLETED,2026-01-06 12:49:46,2026-01-06 12:58:49
TXN-00002668,ACC-000093,MER-00013,IDEMP-00002668,SGD,4415,COMPLETED,2026-02-20 07:42:13,2026-02-20 07:44:41
TXN-00002669,ACC-000219,MER-00012,IDEMP-00002669,SGD,1471,COMPLETED,2026-02-27 09:28:48,2026-02-27 09:35:21
TXN-00002670,ACC-000450,MER-00037,IDEMP-00002670,SGD,5254,COMPLETED,2026-01-24 17:39:09,2026-01-24 17:43:48
TXN-00002671,ACC-000420,MER-00029,IDEMP-00002671,THB,5227,COMPLETED,2026-01-12 22:27:38,2026-01-12 22:36:01
TXN-00002672,ACC-000178,MER-00069,IDEMP-00002672,SGD,3090,COMPLETED,2026-01-09 12:15:59,2026-01-09 12:16:51
TXN-00002673,ACC-000094,MER-00006,IDEMP-00002673,SGD,3021,COMPLETED,2026-02-11 00:48:03,2026-02-11 00:48:25
TXN-00002674,ACC-000053,MER-00075,IDEMP-00002674,THB,5564,COMPLETED,2026-02-13 22:17:49,2026-02-13 22:23:19
TXN-00002675,ACC-000015,MER-00012,IDEMP-00002675,USD,3770,COMPLETED,2026-01-31 07:54:17,2026-01-31 07:56:06
TXN-00002676,ACC-000276,MER-00052,IDEMP-00002676,USD,23243,COMPLETED,2026-01-03 11:38:06,2026-01-03 11:46:14
TXN-00002677,ACC-000359,MER-00008,IDEMP-00002677,THB,1722,COMPLETED,2026-01-08 19:35:23,2026-01-08 19:43:23
TXN-00002678,ACC-000228,MER-00049,IDEMP-00002678,THB,5969,COMPLETED,2026-01-14 19:21:58,2026-01-14 19:22:20
TXN-00002679,ACC-000239,MER-00013,IDEMP-00002679,USD,20939,COMPLETED,2026-01-16 19:24:32,2026-01-16 19:27:26
TXN-00002680,ACC-000366,MER-00075,IDEMP-00002680,USD,3259,PENDING,2026-01-24 21:37:40,
TXN-00002681,ACC-000007,MER-00044,IDEMP-00002681,THB,25239,COMPLETED,2026-01-23 19:52:55,2026-01-23 20:01:24
TXN-00002682,ACC-000072,MER-00034,IDEMP-00002682,THB,1521,COMPLETED,2026-02-28 03:43:56,2026-02-28 03:48:55
TXN-00002683,ACC-000334,MER-00010,IDEMP-00002683,USD,2886,CANCELLED,2026-01-16 11:36:59,2026-01-16 11:45:06
TXN-00002684,ACC-000092,MER-00068,IDEMP-00002684,SGD,3005,CANCELLED,2026-02-21 21:07:20,2026-02-21 21:16:37
TXN-00002685,ACC-000177,MER-00015,IDEMP-00002685,USD,12959,COMPLETED,2026-01-10 19:37:00,2026-01-10 19:37:06
TXN-00002686,ACC-000065,MER-00019,IDEMP-00002686,THB,4047,COMPLETED,2026-01-29 21:45:27,2026-01-29 21:52:42
TXN-00002687,ACC-000032,MER-00002,IDEMP-00002687,SGD,3725,DECLINED,2026-02-23 21:36:59,2026-02-23 21:46:28
TXN-00002688,ACC-000354,MER-00037,IDEMP-00002688,USD,4797,PENDING,2026-01-02 10:04:03,
TXN-00002689,ACC-000288,MER-00039,IDEMP-00002689,USD,721,COMPLETED,2026-02-20 23:07:41,2026-02-20 23:08:23
TXN-00002690,ACC-000196,MER-00012,IDEMP-00002690,THB,4211,COMPLETED,2026-03-01 11:27:04,2026-03-01 11:34:34
TXN-00002691,ACC-000203,MER-00001,IDEMP-00002691,THB,1636,COMPLETED,2026-01-20 15:37:09,2026-01-20 15:38:22
TXN-00002692,ACC-000443,MER-00080,IDEMP-00002692,SGD,1564,DECLINED,2026-01-25 11:16:40,2026-01-25 11:25:20
TXN-00002693,ACC-000367,MER-00032,IDEMP-00002693,USD,10448,PENDING,2026-01-27 14:02:59,
TXN-00002694,ACC-000397,MER-00056,IDEMP-00002694,THB,17257,COMPLETED,2026-02-01 10:18:46,2026-02-01 10:22:45
TXN-00002695,ACC-000282,MER-00035,IDEMP-00002695,THB,6897,COMPLETED,2026-02-10 14:15:38,2026-02-10 14:16:18
TXN-00002696,ACC-000203,MER-00039,IDEMP-00002696,THB,13771,COMPLETED,2026-02-17 06:39:30,2026-02-17 06:47:02
TXN-00002697,ACC-000264,MER-00078,IDEMP-00002697,THB,787,CANCELLED,2026-01-27 07:09:10,2026-01-27 07:12:14
TXN-00002698,ACC-000329,MER-00013,IDEMP-00002698,THB,978,COMPLETED,2026-02-03 13:39:07,2026-02-03 13:45:14
TXN-00002699,ACC-000182,MER-00028,IDEMP-00002699,THB,608,COMPLETED,2026-02-18 03:25:53,2026-02-18 03:31:52
TXN-00002700,ACC-000023,MER-00073,IDEMP-00002700,SGD,7850,COMPLETED,2026-01-13 19:05:48,2026-01-13 19:10:14
TXN-00002701,ACC-000031,MER-00044,IDEMP-00002701,THB,3939,COMPLETED,2026-02-26 19:58:38,2026-02-26 20:01:25
TXN-00002702,ACC-000376,MER-00007,IDEMP-00002702,THB,1903,COMPLETED,2026-02-21 19:25:06,2026-02-21 19:34:56
TXN-00002703,ACC-000122,MER-00005,IDEMP-00002703,THB,4805,COMPLETED,2026-01-09 20:36:24,2026-01-09 20:39:24
TXN-00002704,ACC-000381,MER-00058,IDEMP-00002704,USD,17717,COMPLETED,2026-02-17 15:11:49,2026-02-17 15:13:49
TXN-00002705,ACC-000104,MER-00066,IDEMP-00002705,THB,2291,COMPLETED,2026-02-12 07:52:52,2026-02-12 07:56:28
TXN-00002706,ACC-000212,MER-00040,IDEMP-00002706,THB,9254,COMPLETED,2026-01-27 18:40:05,2026-01-27 18:47:14
TXN-00002707,ACC-000132,MER-00011,IDEMP-00002707,SGD,2229,PENDING,2026-01-02 02:15:58,
TXN-00002708,ACC-000230,MER-00028,IDEMP-00002708,THB,29926,COMPLETED,2026-02-04 12:46:49,2026-02-04 12:55:27
TXN-00002709,ACC-000387,MER-00036,IDEMP-00002709,USD,1171,COMPLETED,2026-01-24 18:17:58,2026-01-24 18:20:24
TXN-00002710,ACC-000417,MER-00080,IDEMP-00002710,USD,11046,COMPLETED,2026-01-04 17:32:27,2026-01-04 17:32:54
TXN-00002711,ACC-000308,MER-00005,IDEMP-00002711,SGD,2738,PENDING,2026-01-05 23:22:23,
TXN-00002712,ACC-000247,MER-00008,IDEMP-00002712,USD,975,COMPLETED,2026-02-12 05:45:15,2026-02-12 05:46:02
TXN-00002713,ACC-000044,MER-00041,IDEMP-00002713,USD,1112,COMPLETED,2026-02-22 03:26:48,2026-02-22 03:36:29
TXN-00002714,ACC-000034,MER-00023,IDEMP-00002714,SGD,880,COMPLETED,2026-01-27 13:44:16,2026-01-27 13:50:55
TXN-00002715,ACC-000196,MER-00002,IDEMP-00002715,THB,3532,COMPLETED,2026-01-07 13:42:48,2026-01-07 13:45:27
TXN-00002716,ACC-000014,MER-00035,IDEMP-00002716,THB,17253,COMPLETED,2026-01-07 02:35:55,2026-01-07 02:44:38
TXN-00002717,ACC-000378,MER-00059,IDEMP-00002717,USD,2824,COMPLETED,2026-02-08 03:55:22,2026-02-08 04:03:15
TXN-00002718,ACC-000079,MER-00069,IDEMP-00002718,SGD,296,COMPLETED,2026-02-20 01:01:32,2026-02-20 01:07:08
TXN-00002719,ACC-000227,MER-00002,IDEMP-00002719,SGD,4654,COMPLETED,2026-02-08 10:04:52,2026-02-08 10:09:56
TXN-00002720,ACC-000160,MER-00034,IDEMP-00002720,USD,1247,COMPLETED,2026-01-17 09:50:10,2026-01-17 09:58:34
TXN-00002721,ACC-000032,MER-00034,IDEMP-00002721,SGD,2018,COMPLETED,2026-01-02 22:35:54,2026-01-02 22:42:16
TXN-00002722,ACC-000385,MER-00033,IDEMP-00002722,THB,6901,DECLINED,2026-02-07 06:33:36,2026-02-07 06:36:09
TXN-00002723,ACC-000383,MER-00061,IDEMP-00002723,USD,4406,COMPLETED,2026-02-16 14:17:35,2026-02-16 14:19:36
TXN-00002724,ACC-000182,MER-00033,IDEMP-00002724,THB,20834,DECLINED,2026-01-13 15:34:51,2026-01-13 15:43:04
TXN-00002725,ACC-000023,MER-00041,IDEMP-00002725,SGD,985,COMPLETED,2026-01-01 08:15:07,2026-01-01 08:17:19
TXN-00002726,ACC-000030,MER-00016,IDEMP-00002726,SGD,9844,COMPLETED,2026-01-02 13:32:44,2026-01-02 13:38:50
TXN-00002727,ACC-000101,MER-00005,IDEMP-00002727,THB,3525,PENDING,2026-02-17 10:50:13,
TXN-00002728,ACC-000191,MER-00080,IDEMP-00002728,THB,3265,COMPLETED,2026-01-31 13:37:35,2026-01-31 13:45:03
TXN-00002729,ACC-000337,MER-00077,IDEMP-00002729,THB,7706,DECLINED,2026-01-09 19:19:43,2026-01-09 19:24:09
TXN-00002730,ACC-000299,MER-00022,IDEMP-00002730,THB,4353,COMPLETED,2026-01-27 15:03:27,2026-01-27 15:06:17
TXN-00002731,ACC-000006,MER-00076,IDEMP-00002731,USD,17183,COMPLETED,2026-01-22 23:34:58,2026-01-22 23:35:12
TXN-00002732,ACC-000112,MER-00053,IDEMP-00002732,SGD,6407,COMPLETED,2026-02-19 15:50:10,2026-02-19 15:57:55
TXN-00002733,ACC-000440,MER-00020,IDEMP-00002733,SGD,13198,COMPLETED,2026-02-11 11:44:59,2026-02-11 11:51:35
TXN-00002734,ACC-000173,MER-00046,IDEMP-00002734,SGD,2758,COMPLETED,2026-02-05 16:29:08,2026-02-05 16:34:49
TXN-00002735,ACC-000299,MER-00074,IDEMP-00002735,THB,5093,COMPLETED,2026-02-23 23:38:57,2026-02-23 23:46:23
TXN-00002736,ACC-000358,MER-00062,IDEMP-00002736,THB,16783,COMPLETED,2026-02-13 08:00:35,2026-02-13 08:09:50
TXN-00002737,ACC-000226,MER-00033,IDEMP-00002737,THB,1591,COMPLETED,2026-03-01 06:12:18,2026-03-01 06:20:44
TXN-00002738,ACC-000357,MER-00068,IDEMP-00002738,SGD,10379,COMPLETED,2026-01-15 21:42:50,2026-01-15 21:51:23
TXN-00002739,ACC-000211,MER-00073,IDEMP-00002739,USD,3330,COMPLETED,2026-01-09 19:24:37,2026-01-09 19:33:09
TXN-00002740,ACC-000190,MER-00014,IDEMP-00002740,USD,2601,DECLINED,2026-01-20 04:23:51,2026-01-20 04:29:38
TXN-00002741,ACC-000235,MER-00027,IDEMP-00002741,THB,1756,COMPLETED,2026-02-08 08:50:58,2026-02-08 08:52:59
TXN-00002742,ACC-000050,MER-00031,IDEMP-00002742,SGD,19783,CANCELLED,2026-02-09 11:30:33,2026-02-09 11:31:13
TXN-00002743,ACC-000182,MER-00016,IDEMP-00002743,THB,6442,COMPLETED,2026-01-29 06:22:50,2026-01-29 06:30:54
TXN-00002744,ACC-000405,MER-00074,IDEMP-00002744,USD,14561,COMPLETED,2026-01-12 09:07:16,2026-01-12 09:12:45
TXN-00002745,ACC-000443,MER-00004,IDEMP-00002745,SGD,23040,COMPLETED,2026-01-27 22:01:35,2026-01-27 22:07:47
TXN-00002746,ACC-000370,MER-00037,IDEMP-00002746,THB,422,COMPLETED,2026-01-28 06:27:51,2026-01-28 06:36:44
TXN-00002747,ACC-000089,MER-00065,IDEMP-00002747,USD,3470,COMPLETED,2026-01-20 12:30:24,2026-01-20 12:34:55
TXN-00002748,ACC-000052,MER-00001,IDEMP-00002748,SGD,501,COMPLETED,2026-02-19 21:17:07,2026-02-19 21:17:08
TXN-00002749,ACC-000079,MER-00073,IDEMP-00002749,SGD,1929,COMPLETED,2026-02-08 09:51:49,2026-02-08 09:55:35
TXN-00002750,ACC-000001,MER-00044,IDEMP-00002750,THB,5492,COMPLETED,2026-02-20 01:11:18,2026-02-20 01:11:27
TXN-00002751,ACC-000181,MER-00025,IDEMP-00002751,USD,3243,COMPLETED,2026-02-01 17:10:55,2026-02-01 17:16:39
TXN-00002752,ACC-000321,MER-00047,IDEMP-00002752,THB,1113,COMPLETED,2026-01-06 22:39:33,2026-01-06 22:46:35
TXN-00002753,ACC-000181,MER-00047,IDEMP-00002753,USD,3622,COMPLETED,2026-02-16 04:46:12,2026-02-16 04:52:32
TXN-00002754,ACC-000304,MER-00022,IDEMP-00002754,SGD,1113,COMPLETED,2026-02-10 20:13:06,2026-02-10 20:19:19
TXN-00002755,ACC-000342,MER-00006,IDEMP-00002755,USD,2736,COMPLETED,2026-02-15 15:47:51,2026-02-15 15:53:19
TXN-00002756,ACC-000362,MER-00010,IDEMP-00002756,SGD,2344,COMPLETED,2026-01-01 04:00:19,2026-01-01 04:03:09
TXN-00002757,ACC-000194,MER-00037,IDEMP-00002757,SGD,8905,COMPLETED,2026-01-21 05:21:49,2026-01-21 05:31:35
TXN-00002758,ACC-000079,MER-00076,IDEMP-00002758,SGD,3026,PENDING,2026-01-18 12:41:56,
TXN-00002759,ACC-000444,MER-00078,IDEMP-00002759,THB,7948,COMPLETED,2026-02-05 11:36:53,2026-02-05 11:37:31
TXN-00002760,ACC-000124,MER-00034,IDEMP-00002760,USD,1193,COMPLETED,2026-02-03 14:59:16,2026-02-03 15:07:47
TXN-00002761,ACC-000005,MER-00011,IDEMP-00002761,THB,9847,DECLINED,2026-02-15 06:05:30,2026-02-15 06:07:01
TXN-00002762,ACC-000095,MER-00033,IDEMP-00002762,USD,24996,COMPLETED,2026-01-24 10:36:13,2026-01-24 10:43:49
TXN-00002763,ACC-000197,MER-00061,IDEMP-00002763,USD,2506,COMPLETED,2026-01-07 23:11:22,2026-01-07 23:14:00
TXN-00002764,ACC-000158,MER-00065,IDEMP-00002764,USD,567,COMPLETED,2026-02-12 05:10:13,2026-02-12 05:15:48
TXN-00002765,ACC-000042,MER-00004,IDEMP-00002765,THB,7737,COMPLETED,2026-02-09 05:09:23,2026-02-09 05:18:55
TXN-00002766,ACC-000418,MER-00002,IDEMP-00002766,USD,1318,PENDING,2026-02-12 04:11:57,
TXN-00002767,ACC-000378,MER-00052,IDEMP-00002767,USD,16595,COMPLETED,2026-03-01 12:01:02,2026-03-01 12:06:06
TXN-00002768,ACC-000362,MER-00040,IDEMP-00002768,SGD,6736,COMPLETED,2026-02-07 14:27:55,2026-02-07 14:30:39
TXN-00002769,ACC-000277,MER-00020,IDEMP-00002769,SGD,20835,COMPLETED,2026-01-27 10:21:00,2026-01-27 10:24:21
TXN-00002770,ACC-000218,MER-00018,IDEMP-00002770,USD,7583,COMPLETED,2026-02-02 05:12:41,2026-02-02 05:13:18
TXN-00002771,ACC-000220,MER-00027,IDEMP-00002771,SGD,5526,COMPLETED,2026-02-27 16:58:32,2026-02-27 17:07:27
TXN-00002772,ACC-000231,MER-00076,IDEMP-00002772,USD,22611,COMPLETED,2026-01-08 21:47:57,2026-01-08 21:49:38
TXN-00002773,ACC-000269,MER-00014,IDEMP-00002773,SGD,1802,DECLINED,2026-01-03 10:13:44,2026-01-03 10:19:02
TXN-00002774,ACC-000104,MER-00006,IDEMP-00002774,THB,5032,COMPLETED,2026-01-11 03:55:05,2026-01-11 04:02:45
TXN-00002775,ACC-000267,MER-00019,IDEMP-00002775,USD,11371,PENDING,2026-03-01 23:08:21,
TXN-00002776,ACC-000049,MER-00070,IDEMP-00002776,USD,4247,COMPLETED,2026-02-13 09:33:27,2026-02-13 09:34:19
TXN-00002777,ACC-000156,MER-00007,IDEMP-00002777,USD,16357,COMPLETED,2026-02-13 07:34:56,2026-02-13 07:44:41
TXN-00002778,ACC-000403,MER-00043,IDEMP-00002778,USD,1687,COMPLETED,2026-01-14 01:39:32,2026-01-14 01:42:28
TXN-00002779,ACC-000093,MER-00018,IDEMP-00002779,SGD,4665,COMPLETED,2026-01-07 04:29:22,2026-01-07 04:33:54
TXN-00002780,ACC-000019,MER-00022,IDEMP-00002780,SGD,1757,COMPLETED,2026-02-13 07:42:02,2026-02-13 07:48:18
TXN-00002781,ACC-000448,MER-00001,IDEMP-00002781,USD,50119,COMPLETED,2026-03-01 04:40:00,2026-03-01 04:47:20
TXN-00002782,ACC-000379,MER-00053,IDEMP-00002782,USD,3529,COMPLETED,2026-01-31 22:46:27,2026-01-31 22:46:53
TXN-00002783,ACC-000321,MER-00057,IDEMP-00002783,THB,1546,COMPLETED,2026-02-15 01:32:08,2026-02-15 01:34:25
TXN-00002784,ACC-000368,MER-00044,IDEMP-00002784,THB,7865,COMPLETED,2026-01-01 14:36:18,2026-01-01 14:37:17
TXN-00002785,ACC-000011,MER-00077,IDEMP-00002785,SGD,1877,DECLINED,2026-01-11 01:23:27,2026-01-11 01:28:39
TXN-00002786,ACC-000312,MER-00047,IDEMP-00002786,SGD,1778,COMPLETED,2026-02-07 02:18:14,2026-02-07 02:25:11
TXN-00002787,ACC-000216,MER-00070,IDEMP-00002787,USD,1469,CANCELLED,2026-01-26 03:34:32,2026-01-26 03:41:11
TXN-00002788,ACC-000267,MER-00007,IDEMP-00002788,USD,2383,PENDING,2026-01-14 16:37:52,
TXN-00002789,ACC-000264,MER-00035,IDEMP-00002789,THB,18013,CANCELLED,2026-01-04 10:18:23,2026-01-04 10:19:13
TXN-00002790,ACC-000306,MER-00002,IDEMP-00002790,SGD,3635,COMPLETED,2026-01-05 06:51:40,2026-01-05 06:57:19
TXN-00002791,ACC-000126,MER-00061,IDEMP-00002791,SGD,2181,CANCELLED,2026-02-28 12:02:51,2026-02-28 12:06:14
TXN-00002792,ACC-000356,MER-00021,IDEMP-00002792,SGD,8871,COMPLETED,2026-01-08 03:44:07,2026-01-08 03:48:17
TXN-00002793,ACC-000225,MER-00013,IDEMP-00002793,USD,6464,COMPLETED,2026-02-08 17:12:59,2026-02-08 17:18:31
TXN-00002794,ACC-000119,MER-00078,IDEMP-00002794,USD,7361,COMPLETED,2026-02-27 16:48:39,2026-02-27 16:49:09
TXN-00002795,ACC-000335,MER-00008,IDEMP-00002795,USD,660,COMPLETED,2026-02-19 16:11:40,2026-02-19 16:17:56
TXN-00002796,ACC-000068,MER-00072,IDEMP-00002796,USD,4753,COMPLETED,2026-01-25 12:02:22,2026-01-25 12:02:49
TXN-00002797,ACC-000219,MER-00063,IDEMP-00002797,SGD,44945,COMPLETED,2026-01-31 08:23:51,2026-01-31 08:30:07
TXN-00002798,ACC-000154,MER-00079,IDEMP-00002798,THB,8862,COMPLETED,2026-01-01 21:52:52,2026-01-01 22:02:40
TXN-00002799,ACC-000149,MER-00061,IDEMP-00002799,THB,522,DECLINED,2026-02-08 20:52:00,2026-02-08 20:58:52
TXN-00002800,ACC-000330,MER-00064,IDEMP-00002800,USD,9002,COMPLETED,2026-01-12 23:27:36,2026-01-12 23:37:14
TXN-00002801,ACC-000125,MER-00030,IDEMP-00002801,USD,13318,COMPLETED,2026-01-02 15:08:17,2026-01-02 15:13:29
TXN-00002802,ACC-000355,MER-00054,IDEMP-00002802,USD,3356,CANCELLED,2026-02-15 10:29:01,2026-02-15 10:32:55
TXN-00002803,ACC-000390,MER-00027,IDEMP-00002803,SGD,9977,COMPLETED,2026-01-06 09:33:32,2026-01-06 09:43:11
TXN-00002804,ACC-000435,MER-00049,IDEMP-00002804,SGD,3040,COMPLETED,2026-01-17 04:55:03,2026-01-17 05:04:56
TXN-00002805,ACC-000056,MER-00006,IDEMP-00002805,USD,2626,COMPLETED,2026-02-18 03:09:54,2026-02-18 03:17:03
TXN-00002806,ACC-000449,MER-00021,IDEMP-00002806,SGD,1491,PENDING,2026-01-02 11:10:51,
TXN-00002807,ACC-000197,MER-00056,IDEMP-00002807,USD,3987,COMPLETED,2026-02-10 08:01:55,2026-02-10 08:07:01
TXN-00002808,ACC-000377,MER-00059,IDEMP-00002808,THB,4653,COMPLETED,2026-01-26 22:52:49,2026-01-26 22:57:11
TXN-00002809,ACC-000361,MER-00042,IDEMP-00002809,USD,5711,DECLINED,2026-01-21 16:18:03,2026-01-21 16:26:18
TXN-00002810,ACC-000281,MER-00005,IDEMP-00002810,SGD,5623,COMPLETED,2026-01-11 01:09:54,2026-01-11 01:16:51
TXN-00002811,ACC-000231,MER-00004,IDEMP-00002811,USD,15876,COMPLETED,2026-01-21 04:25:37,2026-01-21 04:34:04
TXN-00002812,ACC-000353,MER-00050,IDEMP-00002812,THB,2521,COMPLETED,2026-02-23 09:44:54,2026-02-23 09:52:44
TXN-00002813,ACC-000329,MER-00043,IDEMP-00002813,THB,6754,COMPLETED,2026-01-08 11:31:38,2026-01-08 11:35:37
TXN-00002814,ACC-000221,MER-00048,IDEMP-00002814,USD,1962,COMPLETED,2026-02-09 17:39:20,2026-02-09 17:43:49
TXN-00002815,ACC-000019,MER-00049,IDEMP-00002815,SGD,2092,COMPLETED,2026-02-15 17:02:10,2026-02-15 17:07:08
TXN-00002816,ACC-000448,MER-00058,IDEMP-00002816,USD,22973,COMPLETED,2026-02-08 01:05:38,2026-02-08 01:09:32
TXN-00002817,ACC-000171,MER-00009,IDEMP-00002817,SGD,2224,COMPLETED,2026-02-28 20:57:15,2026-02-28 21:02:53
TXN-00002818,ACC-000351,MER-00031,IDEMP-00002818,USD,3424,COMPLETED,2026-02-21 15:36:28,2026-02-21 15:42:14
TXN-00002819,ACC-000372,MER-00020,IDEMP-00002819,SGD,6320,COMPLETED,2026-02-01 16:24:00,2026-02-01 16:30:27
TXN-00002820,ACC-000161,MER-00057,IDEMP-00002820,USD,1902,CANCELLED,2026-01-14 07:51:10,2026-01-14 07:52:53
TXN-00002821,ACC-000194,MER-00047,IDEMP-00002821,SGD,1104,COMPLETED,2026-01-16 23:35:48,2026-01-16 23:42:05
TXN-00002822,ACC-000433,MER-00033,IDEMP-00002822,SGD,3494,COMPLETED,2026-01-01 11:36:38,2026-01-01 11:40:48
TXN-00002823,ACC-000344,MER-00070,IDEMP-00002823,THB,8986,COMPLETED,2026-01-22 07:30:40,2026-01-22 07:32:21
TXN-00002824,ACC-000213,MER-00023,IDEMP-00002824,THB,2920,DECLINED,2026-02-21 22:27:12,2026-02-21 22:31:43
TXN-00002825,ACC-000154,MER-00069,IDEMP-00002825,THB,17842,COMPLETED,2026-01-22 13:00:38,2026-01-22 13:08:58
TXN-00002826,ACC-000328,MER-00018,IDEMP-00002826,THB,19108,COMPLETED,2026-02-15 11:48:21,2026-02-15 11:50:25
TXN-00002827,ACC-000262,MER-00064,IDEMP-00002827,THB,2564,PENDING,2026-01-19 07:57:41,
TXN-00002828,ACC-000445,MER-00042,IDEMP-00002828,SGD,1776,COMPLETED,2026-01-17 18:59:18,2026-01-17 19:07:34
TXN-00002829,ACC-000346,MER-00046,IDEMP-00002829,THB,1807,COMPLETED,2026-01-02 01:37:19,2026-01-02 01:45:48
TXN-00002830,ACC-000200,MER-00074,IDEMP-00002830,USD,4825,COMPLETED,2026-01-30 02:01:04,2026-01-30 02:06:49
TXN-00002831,ACC-000244,MER-00012,IDEMP-00002831,USD,4508,COMPLETED,2026-01-03 11:13:31,2026-01-03 11:23:11
TXN-00002832,ACC-000299,MER-00066,IDEMP-00002832,THB,12966,COMPLETED,2026-02-24 14:16:30,2026-02-24 14:22:54
TXN-00002833,ACC-000120,MER-00022,IDEMP-00002833,THB,2476,COMPLETED,2026-02-01 01:05:13,2026-02-01 01:09:22
TXN-00002834,ACC-000076,MER-00024,IDEMP-00002834,USD,5459,COMPLETED,2026-01-17 13:59:46,2026-01-17 14:00:56
TXN-00002835,ACC-000208,MER-00034,IDEMP-00002835,USD,1069,COMPLETED,2026-01-03 21:20:04,2026-01-03 21:22:48
TXN-00002836,ACC-000191,MER-00075,IDEMP-00002836,THB,1744,COMPLETED,2026-01-19 00:10:19,2026-01-19 00:13:58
TXN-00002837,ACC-000401,MER-00015,IDEMP-00002837,THB,11345,PENDING,2026-01-14 18:27:07,
TXN-00002838,ACC-000312,MER-00026,IDEMP-00002838,SGD,11568,COMPLETED,2026-01-26 09:49:50,2026-01-26 09:53:48
TXN-00002839,ACC-000098,MER-00079,IDEMP-00002839,THB,3430,COMPLETED,2026-02-12 18:27:55,2026-02-12 18:33:00
TXN-00002840,ACC-000332,MER-00028,IDEMP-00002840,THB,3656,COMPLETED,2026-02-10 23:14:51,2026-02-10 23:23:44
TXN-00002841,ACC-000413,MER-00049,IDEMP-00002841,USD,7834,COMPLETED,2026-02-17 18:34:38,2026-02-17 18:42:06
TXN-00002842,ACC-000297,MER-00041,IDEMP-00002842,SGD,10048,COMPLETED,2026-01-13 20:10:21,2026-01-13 20:14:51
TXN-00002843,ACC-000443,MER-00059,IDEMP-00002843,SGD,2401,COMPLETED,2026-01-12 06:41:44,2026-01-12 06:51:19
TXN-00002844,ACC-000085,MER-00059,IDEMP-00002844,USD,3738,DECLINED,2026-02-09 13:33:24,2026-02-09 13:39:09
TXN-00002845,ACC-000448,MER-00078,IDEMP-00002845,USD,3175,PENDING,2026-01-24 14:46:51,
TXN-00002846,ACC-000348,MER-00054,IDEMP-00002846,SGD,2792,COMPLETED,2026-01-08 20:03:01,2026-01-08 20:11:31
TXN-00002847,ACC-000004,MER-00023,IDEMP-00002847,THB,406,DECLINED,2026-01-05 04:43:41,2026-01-05 04:45:19
TXN-00002848,ACC-000317,MER-00042,IDEMP-00002848,USD,15280,DECLINED,2026-02-28 00:53:07,2026-02-28 00:54:43
TXN-00002849,ACC-000415,MER-00068,IDEMP-00002849,SGD,27092,COMPLETED,2026-01-09 13:22:35,2026-01-09 13:24:03
TXN-00002850,ACC-000247,MER-00005,IDEMP-00002850,USD,7454,DECLINED,2026-02-21 15:11:47,2026-02-21 15:18:17
TXN-00002851,ACC-000302,MER-00063,IDEMP-00002851,THB,2048,CANCELLED,2026-01-10 22:55:53,2026-01-10 23:05:51
TXN-00002852,ACC-000078,MER-00047,IDEMP-00002852,SGD,87438,COMPLETED,2026-02-16 07:01:22,2026-02-16 07:02:05
TXN-00002853,ACC-000142,MER-00008,IDEMP-00002853,THB,7894,COMPLETED,2026-01-10 23:07:23,2026-01-10 23:12:43
TXN-00002854,ACC-000332,MER-00066,IDEMP-00002854,THB,6492,COMPLETED,2026-02-20 12:47:24,2026-02-20 12:50:04
TXN-00002855,ACC-000175,MER-00061,IDEMP-00002855,USD,14934,COMPLETED,2026-01-19 04:27:37,2026-01-19 04:29:31
TXN-00002856,ACC-000241,MER-00019,IDEMP-00002856,THB,3625,COMPLETED,2026-01-25 10:35:01,2026-01-25 10:40:10
TXN-00002857,ACC-000282,MER-00059,IDEMP-00002857,THB,11630,PENDING,2026-01-04 08:17:39,
TXN-00002858,ACC-000251,MER-00059,IDEMP-00002858,USD,4002,COMPLETED,2026-02-07 02:22:44,2026-02-07 02:24:16
TXN-00002859,ACC-000025,MER-00019,IDEMP-00002859,USD,14780,DECLINED,2026-01-31 01:08:33,2026-01-31 01:18:25
TXN-00002860,ACC-000375,MER-00059,IDEMP-00002860,SGD,10901,COMPLETED,2026-01-27 14:48:05,2026-01-27 14:56:30
TXN-00002861,ACC-000278,MER-00052,IDEMP-00002861,USD,721,COMPLETED,2026-02-23 11:54:24,2026-02-23 11:56:20
TXN-00002862,ACC-000279,MER-00055,IDEMP-00002862,SGD,686,COMPLETED,2026-01-13 01:03:02,2026-01-13 01:11:16
TXN-00002863,ACC-000205,MER-00011,IDEMP-00002863,USD,4372,COMPLETED,2026-02-22 07:16:28,2026-02-22 07:19:15
TXN-00002864,ACC-000102,MER-00062,IDEMP-00002864,THB,3200,COMPLETED,2026-01-08 18:49:15,2026-01-08 18:50:11
TXN-00002865,ACC-000175,MER-00057,IDEMP-00002865,USD,3121,COMPLETED,2026-01-15 20:59:23,2026-01-15 21:01:42
TXN-00002866,ACC-000373,MER-00043,IDEMP-00002866,SGD,960,PENDING,2026-01-18 05:39:50,
TXN-00002867,ACC-000225,MER-00015,IDEMP-00002867,USD,2299,COMPLETED,2026-01-26 13:06:41,2026-01-26 13:12:41
TXN-00002868,ACC-000282,MER-00022,IDEMP-00002868,THB,25797,COMPLETED,2026-02-12 05:55:02,2026-02-12 05:57:41
TXN-00002869,ACC-000194,MER-00059,IDEMP-00002869,SGD,2580,COMPLETED,2026-02-06 02:03:18,2026-02-06 02:09:47
TXN-00002870,ACC-000366,MER-00013,IDEMP-00002870,USD,3413,COMPLETED,2026-01-17 19:14:43,2026-01-17 19:20:30
TXN-00002871,ACC-000343,MER-00037,IDEMP-00002871,THB,10870,COMPLETED,2026-01-29 05:45:42,2026-01-29 05:46:01
TXN-00002872,ACC-000402,MER-00032,IDEMP-00002872,USD,9165,PENDING,2026-01-04 13:07:18,
TXN-00002873,ACC-000102,MER-00025,IDEMP-00002873,THB,10686,COMPLETED,2026-01-27 01:00:02,2026-01-27 01:07:02
TXN-00002874,ACC-000143,MER-00056,IDEMP-00002874,SGD,2690,COMPLETED,2026-02-28 04:48:52,2026-02-28 04:53:34
TXN-00002875,ACC-000340,MER-00045,IDEMP-00002875,SGD,7976,COMPLETED,2026-01-31 11:27:46,2026-01-31 11:29:13
TXN-00002876,ACC-000319,MER-00051,IDEMP-00002876,SGD,1438,COMPLETED,2026-02-24 06:25:57,2026-02-24 06:34:01
TXN-00002877,ACC-000428,MER-00019,IDEMP-00002877,USD,12948,DECLINED,2026-01-30 18:07:39,2026-01-30 18:13:55
TXN-00002878,ACC-000125,MER-00065,IDEMP-00002878,USD,5065,PENDING,2026-01-19 08:29:26,
TXN-00002879,ACC-000065,MER-00009,IDEMP-00002879,THB,8687,COMPLETED,2026-02-23 05:52:07,2026-02-23 05:55:11
TXN-00002880,ACC-000403,MER-00027,IDEMP-00002880,USD,1304,COMPLETED,2026-02-25 17:14:47,2026-02-25 17:18:44
TXN-00002881,ACC-000322,MER-00043,IDEMP-00002881,SGD,3337,COMPLETED,2026-02-10 12:20:21,2026-02-10 12:25:11
TXN-00002882,ACC-000099,MER-00010,IDEMP-00002882,SGD,19219,COMPLETED,2026-01-17 14:30:20,2026-01-17 14:40:07
TXN-00002883,ACC-000429,MER-00035,IDEMP-00002883,USD,1416,COMPLETED,2026-01-31 17:30:33,2026-01-31 17:38:37
TXN-00002884,ACC-000134,MER-00019,IDEMP-00002884,THB,2926,COMPLETED,2026-02-14 22:27:02,2026-02-14 22:31:33
TXN-00002885,ACC-000034,MER-00046,IDEMP-00002885,SGD,22205,COMPLETED,2026-02-01 00:44:45,2026-02-01 00:52:48
TXN-00002886,ACC-000180,MER-00049,IDEMP-00002886,SGD,8150,COMPLETED,2026-02-13 08:40:49,2026-02-13 08:42:43
TXN-00002887,ACC-000414,MER-00001,IDEMP-00002887,USD,2805,DECLINED,2026-01-12 03:08:06,2026-01-12 03:18:00
TXN-00002888,ACC-000148,MER-00034,IDEMP-00002888,USD,1682,COMPLETED,2026-01-18 14:14:46,2026-01-18 14:21:03
TXN-00002889,ACC-000152,MER-00059,IDEMP-00002889,THB,1917,PENDING,2026-01-30 08:07:31,
TXN-00002890,ACC-000213,MER-00054,IDEMP-00002890,THB,3220,COMPLETED,2026-01-09 02:08:39,2026-01-09 02:13:16
TXN-00002891,ACC-000035,MER-00048,IDEMP-00002891,THB,16202,COMPLETED,2026-01-01 13:48:37,2026-01-01 13:57:53
TXN-00002892,ACC-000208,MER-00063,IDEMP-00002892,USD,8161,COMPLETED,2026-02-27 15:33:53,2026-02-27 15:37:54
TXN-00002893,ACC-000349,MER-00075,IDEMP-00002893,USD,12114,PENDING,2026-02-13 22:49:37,
TXN-00002894,ACC-000215,MER-00040,IDEMP-00002894,THB,31242,COMPLETED,2026-02-14 11:44:50,2026-02-14 11:52:41
TXN-00002895,ACC-000396,MER-00004,IDEMP-00002895,THB,14009,PENDING,2026-01-14 08:55:04,
TXN-00002896,ACC-000413,MER-00004,IDEMP-00002896,USD,1237,COMPLETED,2026-01-19 08:30:17,2026-01-19 08:34:44
TXN-00002897,ACC-000091,MER-00007,IDEMP-00002897,THB,703,COMPLETED,2026-01-18 19:59:39,2026-01-18 20:04:32
TXN-00002898,ACC-000282,MER-00025,IDEMP-00002898,THB,29409,COMPLETED,2026-02-10 19:45:11,2026-02-10 19:47:42
TXN-00002899,ACC-000138,MER-00039,IDEMP-00002899,SGD,1655,COMPLETED,2026-02-20 02:42:22,2026-02-20 02:50:07
TXN-00002900,ACC-000009,MER-00044,IDEMP-00002900,SGD,5764,COMPLETED,2026-01-29 18:23:34,2026-01-29 18:32:51
TXN-00002901,ACC-000230,MER-00029,IDEMP-00002901,THB,2655,PENDING,2026-02-01 14:52:27,
TXN-00002902,ACC-000090,MER-00025,IDEMP-00002902,THB,402,COMPLETED,2026-01-26 14:25:01,2026-01-26 14:30:28
TXN-00002903,ACC-000312,MER-00027,IDEMP-00002903,SGD,5458,COMPLETED,2026-02-04 13:19:13,2026-02-04 13:21:10
TXN-00002904,ACC-000370,MER-00007,IDEMP-00002904,THB,9688,COMPLETED,2026-02-14 11:39:34,2026-02-14 11:41:45
TXN-00002905,ACC-000235,MER-00056,IDEMP-00002905,THB,922,COMPLETED,2026-02-15 19:13:01,2026-02-15 19:22:37
TXN-00002906,ACC-000264,MER-00016,IDEMP-00002906,THB,19339,COMPLETED,2026-02-12 14:29:33,2026-02-12 14:30:07
TXN-00002907,ACC-000172,MER-00054,IDEMP-00002907,THB,1961,COMPLETED,2026-02-06 01:36:17,2026-02-06 01:36:19
TXN-00002908,ACC-000232,MER-00071,IDEMP-00002908,SGD,1501,COMPLETED,2026-03-01 10:08:44,2026-03-01 10:13:25
TXN-00002909,ACC-000042,MER-00007,IDEMP-00002909,THB,11529,COMPLETED,2026-01-05 10:21:57,2026-01-05 10:29:00
TXN-00002910,ACC-000298,MER-00005,IDEMP-00002910,SGD,14587,COMPLETED,2026-01-19 11:56:42,2026-01-19 12:06:27
TXN-00002911,ACC-000424,MER-00025,IDEMP-00002911,USD,1725,CANCELLED,2026-01-19 13:30:51,2026-01-19 13:38:18
TXN-00002912,ACC-000392,MER-00028,IDEMP-00002912,SGD,2493,COMPLETED,2026-01-28 10:24:03,2026-01-28 10:27:00
TXN-00002913,ACC-000397,MER-00056,IDEMP-00002913,THB,1919,PENDING,2026-01-13 23:40:38,
TXN-00002914,ACC-000046,MER-00065,IDEMP-00002914,SGD,1231,PENDING,2026-01-15 12:37:43,
TXN-00002915,ACC-000141,MER-00010,IDEMP-00002915,USD,3401,COMPLETED,2026-02-17 05:46:50,2026-02-17 05:54:34
TXN-00002916,ACC-000318,MER-00056,IDEMP-00002916,THB,3399,COMPLETED,2026-01-17 13:05:02,2026-01-17 13:05:50
TXN-00002917,ACC-000001,MER-00036,IDEMP-00002917,THB,415,PENDING,2026-02-14 23:37:17,
TXN-00002918,ACC-000060,MER-00001,IDEMP-00002918,SGD,1357,COMPLETED,2026-02-13 05:19:04,2026-02-13 05:23:54
TXN-00002919,ACC-000290,MER-00057,IDEMP-00002919,USD,4554,COMPLETED,2026-01-28 06:12:40,2026-01-28 06:13:06
TXN-00002920,ACC-000084,MER-00026,IDEMP-00002920,USD,1540,COMPLETED,2026-02-23 11:58:37,2026-02-23 12:02:08
TXN-00002921,ACC-000364,MER-00078,IDEMP-00002921,THB,5714,DECLINED,2026-03-01 09:57:27,2026-03-01 10:00:13
TXN-00002922,ACC-000287,MER-00070,IDEMP-00002922,USD,2130,COMPLETED,2026-01-12 20:14:01,2026-01-12 20:20:10
TXN-00002923,ACC-000161,MER-00023,IDEMP-00002923,USD,7732,CANCELLED,2026-02-11 10:33:58,2026-02-11 10:38:14
TXN-00002924,ACC-000305,MER-00057,IDEMP-00002924,THB,18821,COMPLETED,2026-02-28 16:13:05,2026-02-28 16:22:54
TXN-00002925,ACC-000303,MER-00021,IDEMP-00002925,SGD,21862,COMPLETED,2026-01-01 16:24:11,2026-01-01 16:32:40
TXN-00002926,ACC-000366,MER-00058,IDEMP-00002926,USD,4035,DECLINED,2026-02-05 03:07:45,2026-02-05 03:10:23
TXN-00002927,ACC-000329,MER-00048,IDEMP-00002927,THB,4440,COMPLETED,2026-01-02 01:32:26,2026-01-02 01:37:51
TXN-00002928,ACC-000365,MER-00022,IDEMP-00002928,USD,2755,PENDING,2026-02-14 04:14:35,
TXN-00002929,ACC-000390,MER-00019,IDEMP-00002929,SGD,634,COMPLETED,2026-02-02 10:53:34,2026-02-02 11:01:32
TXN-00002930,ACC-000305,MER-00011,IDEMP-00002930,THB,2512,COMPLETED,2026-01-13 20:21:24,2026-01-13 20:28:32
TXN-00002931,ACC-000125,MER-00040,IDEMP-00002931,USD,2510,COMPLETED,2026-02-03 13:06:36,2026-02-03 13:12:33
TXN-00002932,ACC-000005,MER-00009,IDEMP-00002932,THB,11151,COMPLETED,2026-02-01 04:33:59,2026-02-01 04:39:28
TXN-00002933,ACC-000166,MER-00021,IDEMP-00002933,SGD,1798,COMPLETED,2026-01-28 15:45:13,2026-01-28 15:52:20
TXN-00002934,ACC-000181,MER-00069,IDEMP-00002934,USD,3166,COMPLETED,2026-02-02 21:34:16,2026-02-02 21:39:08
TXN-00002935,ACC-000410,MER-00065,IDEMP-00002935,USD,1179,COMPLETED,2026-02-07 03:17:37,2026-02-07 03:20:10
TXN-00002936,ACC-000220,MER-00060,IDEMP-00002936,SGD,6709,COMPLETED,2026-02-23 19:31:15,2026-02-23 19:36:21
TXN-00002937,ACC-000384,MER-00010,IDEMP-00002937,USD,3594,COMPLETED,2026-02-14 19:27:51,2026-02-14 19:31:38
TXN-00002938,ACC-000154,MER-00032,IDEMP-00002938,THB,11546,PENDING,2026-01-26 15:29:33,
TXN-00002939,ACC-000416,MER-00067,IDEMP-00002939,THB,6305,CANCELLED,2026-01-09 02:12:20,2026-01-09 02:15:05
TXN-00002940,ACC-000057,MER-00018,IDEMP-00002940,THB,16092,COMPLETED,2026-02-26 20:10:04,2026-02-26 20:16:11
TXN-00002941,ACC-000279,MER-00016,IDEMP-00002941,SGD,2622,COMPLETED,2026-02-16 11:45:53,2026-02-16 11:50:39
TXN-00002942,ACC-000232,MER-00072,IDEMP-00002942,SGD,882,COMPLETED,2026-01-07 08:49:44,2026-01-07 08:49:58
TXN-00002943,ACC-000082,MER-00051,IDEMP-00002943,USD,3218,COMPLETED,2026-02-25 01:52:48,2026-02-25 01:53:00
TXN-00002944,ACC-000140,MER-00054,IDEMP-00002944,SGD,5449,PENDING,2026-02-27 13:10:42,
TXN-00002945,ACC-000157,MER-00064,IDEMP-00002945,THB,8407,COMPLETED,2026-01-09 14:51:21,2026-01-09 14:55:27
TXN-00002946,ACC-000389,MER-00049,IDEMP-00002946,THB,10873,PENDING,2026-01-10 23:35:18,
TXN-00002947,ACC-000273,MER-00066,IDEMP-00002947,THB,4666,COMPLETED,2026-03-01 23:17:16,2026-03-01 23:20:42
TXN-00002948,ACC-000148,MER-00012,IDEMP-00002948,USD,6463,COMPLETED,2026-02-17 09:53:54,2026-02-17 09:59:06
TXN-00002949,ACC-000284,MER-00023,IDEMP-00002949,SGD,5571,COMPLETED,2026-01-21 05:56:47,2026-01-21 05:57:52
TXN-00002950,ACC-000106,MER-00062,IDEMP-00002950,SGD,1647,COMPLETED,2026-02-05 07:41:43,2026-02-05 07:50:24
TXN-00002951,ACC-000208,MER-00021,IDEMP-00002951,USD,3613,CANCELLED,2026-02-03 01:06:22,2026-02-03 01:10:46
TXN-00002952,ACC-000328,MER-00045,IDEMP-00002952,THB,830,DECLINED,2026-02-15 06:21:13,2026-02-15 06:29:16
TXN-00002953,ACC-000440,MER-00077,IDEMP-00002953,SGD,2786,COMPLETED,2026-02-04 23:57:54,2026-02-05 00:06:01
TXN-00002954,ACC-000064,MER-00012,IDEMP-00002954,SGD,6283,COMPLETED,2026-02-24 15:00:43,2026-02-24 15:05:26
TXN-00002955,ACC-000071,MER-00078,IDEMP-00002955,USD,13346,COMPLETED,2026-02-14 22:50:55,2026-02-14 22:55:39
TXN-00002956,ACC-000441,MER-00019,IDEMP-00002956,SGD,7432,COMPLETED,2026-02-15 09:11:53,2026-02-15 09:18:02
TXN-00002957,ACC-000297,MER-00067,IDEMP-00002957,SGD,737,COMPLETED,2026-01-10 19:03:26,2026-01-10 19:04:45
TXN-00002958,ACC-000267,MER-00042,IDEMP-00002958,USD,6984,PENDING,2026-02-07 16:49:25,
TXN-00002959,ACC-000011,MER-00062,IDEMP-00002959,SGD,3461,COMPLETED,2026-02-13 09:08:55,2026-02-13 09:10:34
TXN-00002960,ACC-000137,MER-00065,IDEMP-00002960,SGD,2270,COMPLETED,2026-01-04 04:55:38,2026-01-04 04:59:49
TXN-00002961,ACC-000334,MER-00075,IDEMP-00002961,USD,15485,CANCELLED,2026-01-15 01:44:57,2026-01-15 01:46:35
TXN-00002962,ACC-000303,MER-00027,IDEMP-00002962,SGD,2129,COMPLETED,2026-01-27 18:42:50,2026-01-27 18:47:49
TXN-00002963,ACC-000135,MER-00015,IDEMP-00002963,THB,9002,DECLINED,2026-02-12 09:54:55,2026-02-12 10:01:56
TXN-00002964,ACC-000119,MER-00025,IDEMP-00002964,USD,9484,COMPLETED,2026-02-17 11:25:57,2026-02-17 11:33:07
TXN-00002965,ACC-000411,MER-00053,IDEMP-00002965,THB,6767,COMPLETED,2026-01-29 16:57:05,2026-01-29 17:00:58
TXN-00002966,ACC-000338,MER-00063,IDEMP-00002966,THB,5892,COMPLETED,2026-02-14 04:31:58,2026-02-14 04:34:30
TXN-00002967,ACC-000218,MER-00016,IDEMP-00002967,USD,7887,COMPLETED,2026-01-28 14:14:21,2026-01-28 14:14:30
TXN-00002968,ACC-000224,MER-00048,IDEMP-00002968,THB,3225,DECLINED,2026-02-04 23:30:10,2026-02-04 23:32:46
TXN-00002969,ACC-000119,MER-00059,IDEMP-00002969,USD,1885,COMPLETED,2026-01-17 03:31:27,2026-01-17 03:39:07
TXN-00002970,ACC-000350,MER-00012,IDEMP-00002970,THB,14189,COMPLETED,2026-01-15 21:18:45,2026-01-15 21:25:24
TXN-00002971,ACC-000425,MER-00042,IDEMP-00002971,THB,7628,COMPLETED,2026-01-18 21:21:16,2026-01-18 21:24:28
TXN-00002972,ACC-000428,MER-00075,IDEMP-00002972,USD,2321,COMPLETED,2026-01-25 06:39:03,2026-01-25 06:43:51
TXN-00002973,ACC-000145,MER-00008,IDEMP-00002973,SGD,9959,COMPLETED,2026-02-20 13:12:19,2026-02-20 13:13:13
TXN-00002974,ACC-000322,MER-00060,IDEMP-00002974,SGD,6122,COMPLETED,2026-01-08 13:16:24,2026-01-08 13:20:33
TXN-00002975,ACC-000145,MER-00002,IDEMP-00002975,SGD,1403,COMPLETED,2026-01-04 15:02:06,2026-01-04 15:05:39
TXN-00002976,ACC-000108,MER-00018,IDEMP-00002976,USD,13365,COMPLETED,2026-02-08 22:09:02,2026-02-08 22:15:42
TXN-00002977,ACC-000430,MER-00039,IDEMP-00002977,THB,3178,CANCELLED,2026-02-11 15:31:40,2026-02-11 15:41:19
TXN-00002978,ACC-000177,MER-00026,IDEMP-00002978,USD,4061,COMPLETED,2026-01-24 07:45:59,2026-01-24 07:48:33
TXN-00002979,ACC-000264,MER-00002,IDEMP-00002979,THB,8475,COMPLETED,2026-01-05 19:33:30,2026-01-05 19:33:43
TXN-00002980,ACC-000426,MER-00045,IDEMP-00002980,USD,9407,CANCELLED,2026-01-15 12:36:32,2026-01-15 12:40:43
TXN-00002981,ACC-000049,MER-00080,IDEMP-00002981,USD,9494,COMPLETED,2026-01-22 22:39:26,2026-01-22 22:44:40
TXN-00002982,ACC-000306,MER-00024,IDEMP-00002982,SGD,19826,COMPLETED,2026-02-07 06:08:39,2026-02-07 06:09:31
TXN-00002983,ACC-000039,MER-00040,IDEMP-00002983,USD,1983,COMPLETED,2026-01-31 06:13:43,2026-01-31 06:21:09
TXN-00002984,ACC-000128,MER-00044,IDEMP-00002984,USD,13634,COMPLETED,2026-02-21 18:04:54,2026-02-21 18:10:51
TXN-00002985,ACC-000411,MER-00036,IDEMP-00002985,THB,16890,CANCELLED,2026-01-25 08:07:55,2026-01-25 08:10:11
TXN-00002986,ACC-000199,MER-00036,IDEMP-00002986,USD,2507,COMPLETED,2026-02-23 21:54:30,2026-02-23 21:54:51
TXN-00002987,ACC-000084,MER-00019,IDEMP-00002987,USD,2347,COMPLETED,2026-02-06 10:23:47,2026-02-06 10:25:04
TXN-00002988,ACC-000280,MER-00017,IDEMP-00002988,USD,5861,COMPLETED,2026-01-06 01:08:29,2026-01-06 01:15:47
TXN-00002989,ACC-000090,MER-00023,IDEMP-00002989,THB,13422,DECLINED,2026-01-28 14:19:16,2026-01-28 14:25:43
TXN-00002990,ACC-000409,MER-00069,IDEMP-00002990,USD,3617,COMPLETED,2026-01-04 04:34:57,2026-01-04 04:35:35
TXN-00002991,ACC-000400,MER-00077,IDEMP-00002991,SGD,8177,COMPLETED,2026-01-14 04:54:38,2026-01-14 04:54:44
TXN-00002992,ACC-000078,MER-00069,IDEMP-00002992,SGD,1257,COMPLETED,2026-01-18 23:02:32,2026-01-18 23:11:43
TXN-00002993,ACC-000223,MER-00062,IDEMP-00002993,SGD,4226,COMPLETED,2026-01-03 17:10:48,2026-01-03 17:11:05
TXN-00002994,ACC-000148,MER-00064,IDEMP-00002994,USD,24531,COMPLETED,2026-01-02 11:18:52,2026-01-02 11:22:30
TXN-00002995,ACC-000151,MER-00079,IDEMP-00002995,USD,2727,COMPLETED,2026-01-30 08:31:59,2026-01-30 08:34:26
TXN-00002996,ACC-000427,MER-00036,IDEMP-00002996,THB,3941,COMPLETED,2026-01-04 06:50:01,2026-01-04 06:53:23
TXN-00002997,ACC-000243,MER-00057,IDEMP-00002997,SGD,2668,COMPLETED,2026-01-06 00:12:49,2026-01-06 00:14:43
TXN-00002998,ACC-000206,MER-00066,IDEMP-00002998,SGD,2443,COMPLETED,2026-02-28 06:32:15,2026-02-28 06:37:41
TXN-00002999,ACC-000099,MER-00067,IDEMP-00002999,SGD,6675,PENDING,2026-02-20 14:43:02,
TXN-00003000,ACC-000106,MER-00019,IDEMP-00003000,SGD,75792,COMPLETED,2026-01-03 21:33:28,2026-01-03 21:42:40
TXN-00003001,ACC-000416,MER-00007,IDEMP-00003001,THB,6151,COMPLETED,2026-02-13 20:08:03,2026-02-13 20:11:50
TXN-00003002,ACC-000352,MER-00075,IDEMP-00003002,SGD,3543,COMPLETED,2026-01-30 17:00:49,2026-01-30 17:04:34
TXN-00003003,ACC-000419,MER-00048,IDEMP-00003003,SGD,5257,COMPLETED,2026-02-07 19:41:25,2026-02-07 19:50:54
TXN-00003004,ACC-000024,MER-00055,IDEMP-00003004,SGD,2866,COMPLETED,2026-02-01 07:52:25,2026-02-01 07:58:23
TXN-00003005,ACC-000287,MER-00016,IDEMP-00003005,USD,17381,COMPLETED,2026-02-15 10:41:53,2026-02-15 10:42:15
TXN-00003006,ACC-000110,MER-00037,IDEMP-00003006,USD,17209,COMPLETED,2026-01-30 19:21:36,2026-01-30 19:30:32
TXN-00003007,ACC-000422,MER-00054,IDEMP-00003007,THB,2717,COMPLETED,2026-02-07 14:15:32,2026-02-07 14:20:55
TXN-00003008,ACC-000350,MER-00019,IDEMP-00003008,THB,613,COMPLETED,2026-02-19 06:18:58,2026-02-19 06:28:44
TXN-00003009,ACC-000198,MER-00066,IDEMP-00003009,THB,13546,COMPLETED,2026-02-06 14:30:56,2026-02-06 14:37:48
TXN-00003010,ACC-000118,MER-00055,IDEMP-00003010,THB,29347,COMPLETED,2026-01-11 19:37:56,2026-01-11 19:44:50
TXN-00003011,ACC-000347,MER-00001,IDEMP-00003011,USD,2245,PENDING,2026-01-29 23:07:19,
TXN-00003012,ACC-000364,MER-00041,IDEMP-00003012,THB,9587,COMPLETED,2026-01-28 11:56:35,2026-01-28 12:05:53
TXN-00003013,ACC-000077,MER-00071,IDEMP-00003013,SGD,13214,COMPLETED,2026-02-11 07:55:57,2026-02-11 07:58:31
TXN-00003014,ACC-000021,MER-00013,IDEMP-00003014,USD,3390,COMPLETED,2026-01-16 17:04:30,2026-01-16 17:09:11
TXN-00003015,ACC-000361,MER-00030,IDEMP-00003015,USD,5705,PENDING,2026-01-12 23:34:49,
TXN-00003016,ACC-000006,MER-00028,IDEMP-00003016,USD,15779,COMPLETED,2026-01-14 16:10:05,2026-01-14 16:14:14
TXN-00003017,ACC-000341,MER-00045,IDEMP-00003017,THB,8330,COMPLETED,2026-02-11 08:41:38,2026-02-11 08:48:00
TXN-00003018,ACC-000290,MER-00071,IDEMP-00003018,USD,544,COMPLETED,2026-02-15 06:35:04,2026-02-15 06:41:03
TXN-00003019,ACC-000177,MER-00056,IDEMP-00003019,USD,3717,DECLINED,2026-01-25 13:08:48,2026-01-25 13:11:22
TXN-00003020,ACC-000425,MER-00022,IDEMP-00003020,THB,13903,COMPLETED,2026-01-07 11:41:15,2026-01-07 11:48:16
TXN-00003021,ACC-000270,MER-00016,IDEMP-00003021,SGD,1933,COMPLETED,2026-02-11 04:49:07,2026-02-11 04:55:57
TXN-00003022,ACC-000198,MER-00028,IDEMP-00003022,THB,15626,COMPLETED,2026-01-31 05:28:09,2026-01-31 05:32:19
TXN-00003023,ACC-000061,MER-00034,IDEMP-00003023,SGD,3439,COMPLETED,2026-02-12 23:07:22,2026-02-12 23:15:15
TXN-00003024,ACC-000083,MER-00028,IDEMP-00003024,USD,5367,COMPLETED,2026-02-24 14:23:41,2026-02-24 14:29:23
TXN-00003025,ACC-000181,MER-00048,IDEMP-00003025,USD,2014,COMPLETED,2026-02-24 03:42:21,2026-02-24 03:51:48
TXN-00003026,ACC-000439,MER-00028,IDEMP-00003026,SGD,12007,COMPLETED,2026-01-10 05:04:13,2026-01-10 05:11:36
TXN-00003027,ACC-000189,MER-00075,IDEMP-00003027,SGD,2271,PENDING,2026-02-23 00:49:15,
TXN-00003028,ACC-000447,MER-00064,IDEMP-00003028,SGD,5699,COMPLETED,2026-02-08 22:36:54,2026-02-08 22:46:09
TXN-00003029,ACC-000147,MER-00013,IDEMP-00003029,USD,8755,COMPLETED,2026-01-10 15:46:59,2026-01-10 15:55:44
TXN-00003030,ACC-000263,MER-00044,IDEMP-00003030,SGD,927,COMPLETED,2026-02-15 12:44:58,2026-02-15 12:53:05
TXN-00003031,ACC-000355,MER-00002,IDEMP-00003031,USD,7387,COMPLETED,2026-02-21 20:49:59,2026-02-21 20:55:37
TXN-00003032,ACC-000137,MER-00071,IDEMP-00003032,SGD,1935,COMPLETED,2026-01-19 21:04:39,2026-01-19 21:10:06
TXN-00003033,ACC-000352,MER-00048,IDEMP-00003033,SGD,5411,COMPLETED,2026-01-12 02:17:06,2026-01-12 02:19:26
TXN-00003034,ACC-000393,MER-00077,IDEMP-00003034,THB,6614,COMPLETED,2026-02-19 12:09:41,2026-02-19 12:12:48
TXN-00003035,ACC-000351,MER-00051,IDEMP-00003035,USD,6381,DECLINED,2026-02-07 16:28:17,2026-02-07 16:31:31
TXN-00003036,ACC-000304,MER-00064,IDEMP-00003036,SGD,2364,DECLINED,2026-01-22 12:29:01,2026-01-22 12:31:04
TXN-00003037,ACC-000367,MER-00016,IDEMP-00003037,USD,2862,COMPLETED,2026-02-13 09:10:55,2026-02-13 09:20:35
TXN-00003038,ACC-000219,MER-00077,IDEMP-00003038,SGD,4165,COMPLETED,2026-02-11 22:13:12,2026-02-11 22:22:54
TXN-00003039,ACC-000300,MER-00027,IDEMP-00003039,THB,4152,COMPLETED,2026-02-16 23:16:06,2026-02-16 23:24:30
TXN-00003040,ACC-000211,MER-00015,IDEMP-00003040,USD,1912,COMPLETED,2026-01-09 01:15:39,2026-01-09 01:15:46
TXN-00003041,ACC-000176,MER-00013,IDEMP-00003041,SGD,3198,COMPLETED,2026-01-21 18:05:37,2026-01-21 18:10:06
TXN-00003042,ACC-000404,MER-00066,IDEMP-00003042,SGD,5930,DECLINED,2026-02-15 00:19:05,2026-02-15 00:23:52
TXN-00003043,ACC-000284,MER-00039,IDEMP-00003043,SGD,4483,COMPLETED,2026-02-05 09:25:56,2026-02-05 09:33:53
TXN-00003044,ACC-000059,MER-00071,IDEMP-00003044,SGD,3488,COMPLETED,2026-02-25 13:15:32,2026-02-25 13:20:42
TXN-00003045,ACC-000138,MER-00043,IDEMP-00003045,SGD,1586,PENDING,2026-01-25 03:03:47,
TXN-00003046,ACC-000335,MER-00077,IDEMP-00003046,USD,14996,COMPLETED,2026-02-14 09:32:53,2026-02-14 09:34:32
TXN-00003047,ACC-000107,MER-00028,IDEMP-00003047,SGD,9595,COMPLETED,2026-01-05 18:52:21,2026-01-05 18:52:47
TXN-00003048,ACC-000260,MER-00003,IDEMP-00003048,USD,5023,COMPLETED,2026-02-17 05:34:31,2026-02-17 05:42:22
TXN-00003049,ACC-000135,MER-00034,IDEMP-00003049,THB,4377,COMPLETED,2026-01-07 15:25:31,2026-01-07 15:30:46
TXN-00003050,ACC-000165,MER-00034,IDEMP-00003050,THB,3630,COMPLETED,2026-01-01 04:16:03,2026-01-01 04:23:38
TXN-00003051,ACC-000335,MER-00004,IDEMP-00003051,USD,6450,COMPLETED,2026-01-15 06:49:55,2026-01-15 06:56:27
TXN-00003052,ACC-000384,MER-00027,IDEMP-00003052,USD,34369,COMPLETED,2026-02-08 18:38:55,2026-02-08 18:45:29
TXN-00003053,ACC-000193,MER-00032,IDEMP-00003053,USD,1485,PENDING,2026-03-01 23:30:06,
TXN-00003054,ACC-000050,MER-00054,IDEMP-00003054,SGD,4829,COMPLETED,2026-02-02 03:03:46,2026-02-02 03:08:50
TXN-00003055,ACC-000120,MER-00015,IDEMP-00003055,THB,6458,COMPLETED,2026-01-06 22:10:06,2026-01-06 22:15:55
TXN-00003056,ACC-000118,MER-00073,IDEMP-00003056,THB,6134,COMPLETED,2026-02-11 20:19:49,2026-02-11 20:25:15
TXN-00003057,ACC-000417,MER-00056,IDEMP-00003057,USD,10230,COMPLETED,2026-02-24 11:18:41,2026-02-24 11:24:30
TXN-00003058,ACC-000248,MER-00022,IDEMP-00003058,USD,808,COMPLETED,2026-03-01 12:34:04,2026-03-01 12:40:46
TXN-00003059,ACC-000329,MER-00075,IDEMP-00003059,THB,10260,COMPLETED,2026-01-13 10:08:54,2026-01-13 10:13:54
TXN-00003060,ACC-000049,MER-00062,IDEMP-00003060,USD,3082,COMPLETED,2026-02-09 02:53:45,2026-02-09 02:55:07
TXN-00003061,ACC-000252,MER-00028,IDEMP-00003061,SGD,15157,CANCELLED,2026-02-24 00:40:51,2026-02-24 00:44:19
TXN-00003062,ACC-000365,MER-00004,IDEMP-00003062,USD,3018,COMPLETED,2026-02-10 03:28:57,2026-02-10 03:32:42
TXN-00003063,ACC-000100,MER-00069,IDEMP-00003063,THB,8998,COMPLETED,2026-02-20 17:37:25,2026-02-20 17:38:47
TXN-00003064,ACC-000187,MER-00020,IDEMP-00003064,SGD,1675,COMPLETED,2026-01-10 16:33:05,2026-01-10 16:34:14
TXN-00003065,ACC-000069,MER-00003,IDEMP-00003065,SGD,658,COMPLETED,2026-02-03 00:53:54,2026-02-03 01:00:49
TXN-00003066,ACC-000049,MER-00006,IDEMP-00003066,USD,3007,COMPLETED,2026-02-03 14:39:46,2026-02-03 14:45:36
TXN-00003067,ACC-000270,MER-00059,IDEMP-00003067,SGD,3713,COMPLETED,2026-01-20 08:29:50,2026-01-20 08:38:32
TXN-00003068,ACC-000268,MER-00039,IDEMP-00003068,SGD,1886,COMPLETED,2026-02-21 14:42:31,2026-02-21 14:45:12
TXN-00003069,ACC-000339,MER-00073,IDEMP-00003069,SGD,261,COMPLETED,2026-01-26 10:56:08,2026-01-26 10:58:36
TXN-00003070,ACC-000124,MER-00001,IDEMP-00003070,USD,666,COMPLETED,2026-01-25 15:53:04,2026-01-25 15:58:46
TXN-00003071,ACC-000385,MER-00050,IDEMP-00003071,THB,2584,COMPLETED,2026-02-01 02:05:01,2026-02-01 02:11:04
TXN-00003072,ACC-000395,MER-00044,IDEMP-00003072,USD,11064,COMPLETED,2026-01-15 02:04:55,2026-01-15 02:05:43
TXN-00003073,ACC-000046,MER-00022,IDEMP-00003073,SGD,1252,COMPLETED,2026-01-27 04:25:10,2026-01-27 04:29:28
TXN-00003074,ACC-000124,MER-00003,IDEMP-00003074,USD,3355,COMPLETED,2026-01-13 17:44:22,2026-01-13 17:46:04
TXN-00003075,ACC-000295,MER-00048,IDEMP-00003075,THB,1487,CANCELLED,2026-02-14 18:46:28,2026-02-14 18:55:40
TXN-00003076,ACC-000093,MER-00079,IDEMP-00003076,SGD,6092,CANCELLED,2026-01-17 23:28:57,2026-01-17 23:29:39
TXN-00003077,ACC-000067,MER-00039,IDEMP-00003077,THB,5428,DECLINED,2026-02-27 17:13:52,2026-02-27 17:21:40
TXN-00003078,ACC-000058,MER-00065,IDEMP-00003078,SGD,22417,COMPLETED,2026-02-09 07:42:20,2026-02-09 07:48:50
TXN-00003079,ACC-000154,MER-00044,IDEMP-00003079,THB,6425,COMPLETED,2026-01-08 17:37:19,2026-01-08 17:46:15
TXN-00003080,ACC-000202,MER-00070,IDEMP-00003080,USD,6513,COMPLETED,2026-02-22 22:38:21,2026-02-22 22:45:57
TXN-00003081,ACC-000030,MER-00030,IDEMP-00003081,SGD,3495,COMPLETED,2026-01-18 03:45:19,2026-01-18 03:50:22
TXN-00003082,ACC-000135,MER-00018,IDEMP-00003082,THB,14892,CANCELLED,2026-02-14 21:36:15,2026-02-14 21:44:48
TXN-00003083,ACC-000427,MER-00055,IDEMP-00003083,THB,1868,COMPLETED,2026-02-01 20:40:47,2026-02-01 20:49:13
TXN-00003084,ACC-000336,MER-00032,IDEMP-00003084,THB,19243,COMPLETED,2026-02-11 18:07:44,2026-02-11 18:16:24
TXN-00003085,ACC-000388,MER-00047,IDEMP-00003085,USD,4629,COMPLETED,2026-02-14 08:42:45,2026-02-14 08:45:42
TXN-00003086,ACC-000342,MER-00052,IDEMP-00003086,USD,5848,COMPLETED,2026-01-08 04:30:10,2026-01-08 04:36:16
TXN-00003087,ACC-000232,MER-00061,IDEMP-00003087,SGD,5485,COMPLETED,2026-01-11 20:03:41,2026-01-11 20:04:42
TXN-00003088,ACC-000194,MER-00004,IDEMP-00003088,SGD,6323,COMPLETED,2026-02-12 05:43:45,2026-02-12 05:53:19
TXN-00003089,ACC-000216,MER-00051,IDEMP-00003089,USD,57140,PENDING,2026-02-16 09:59:03,
TXN-00003090,ACC-000147,MER-00009,IDEMP-00003090,USD,1001,COMPLETED,2026-01-18 08:34:34,2026-01-18 08:43:15
TXN-00003091,ACC-000023,MER-00027,IDEMP-00003091,SGD,4749,COMPLETED,2026-01-28 06:57:10,2026-01-28 06:57:49
TXN-00003092,ACC-000065,MER-00019,IDEMP-00003092,THB,6014,PENDING,2026-01-21 14:16:59,
TXN-00003093,ACC-000129,MER-00043,IDEMP-00003093,SGD,5187,COMPLETED,2026-01-27 01:01:00,2026-01-27 01:06:41
TXN-00003094,ACC-000035,MER-00029,IDEMP-00003094,THB,2985,COMPLETED,2026-02-14 23:30:45,2026-02-14 23:35:43
TXN-00003095,ACC-000117,MER-00064,IDEMP-00003095,SGD,5079,CANCELLED,2026-01-20 19:13:07,2026-01-20 19:15:47
TXN-00003096,ACC-000260,MER-00060,IDEMP-00003096,USD,2307,COMPLETED,2026-02-13 15:25:02,2026-02-13 15:31:18
TXN-00003097,ACC-000396,MER-00071,IDEMP-00003097,THB,5042,COMPLETED,2026-01-16 04:47:34,2026-01-16 04:55:50
TXN-00003098,ACC-000014,MER-00008,IDEMP-00003098,THB,8779,COMPLETED,2026-01-18 05:20:05,2026-01-18 05:23:40
TXN-00003099,ACC-000024,MER-00061,IDEMP-00003099,SGD,7351,COMPLETED,2026-02-15 23:54:05,2026-02-16 00:01:55
TXN-00003100,ACC-000298,MER-00054,IDEMP-00003100,SGD,44236,COMPLETED,2026-02-02 13:57:48,2026-02-02 14:05:59
TXN-00003101,ACC-000414,MER-00028,IDEMP-00003101,USD,18877,COMPLETED,2026-02-21 13:13:53,2026-02-21 13:14:48
TXN-00003102,ACC-000071,MER-00001,IDEMP-00003102,USD,3171,PENDING,2026-02-11 09:57:18,
TXN-00003103,ACC-000114,MER-00043,IDEMP-00003103,THB,5655,DECLINED,2026-01-29 14:41:30,2026-01-29 14:48:42
TXN-00003104,ACC-000261,MER-00019,IDEMP-00003104,THB,992,COMPLETED,2026-01-19 00:56:38,2026-01-19 01:00:19
TXN-00003105,ACC-000415,MER-00042,IDEMP-00003105,SGD,6010,DECLINED,2026-02-22 09:52:32,2026-02-22 09:56:16
TXN-00003106,ACC-000065,MER-00003,IDEMP-00003106,THB,1925,CANCELLED,2026-02-23 00:21:24,2026-02-23 00:26:07
TXN-00003107,ACC-000228,MER-00039,IDEMP-00003107,THB,3105,COMPLETED,2026-01-20 08:40:19,2026-01-20 08:41:29
TXN-00003108,ACC-000139,MER-00078,IDEMP-00003108,SGD,15339,COMPLETED,2026-01-19 11:15:43,2026-01-19 11:22:07
TXN-00003109,ACC-000408,MER-00002,IDEMP-00003109,THB,10599,COMPLETED,2026-01-21 07:00:21,2026-01-21 07:00:22
TXN-00003110,ACC-000277,MER-00080,IDEMP-00003110,SGD,345,COMPLETED,2026-01-09 22:18:26,2026-01-09 22:21:31
TXN-00003111,ACC-000140,MER-00046,IDEMP-00003111,SGD,9839,COMPLETED,2026-02-20 13:15:17,2026-02-20 13:18:57
TXN-00003112,ACC-000151,MER-00010,IDEMP-00003112,USD,6703,COMPLETED,2026-01-03 17:17:58,2026-01-03 17:25:11
TXN-00003113,ACC-000371,MER-00069,IDEMP-00003113,USD,24965,COMPLETED,2026-01-08 15:35:32,2026-01-08 15:42:21
TXN-00003114,ACC-000436,MER-00063,IDEMP-00003114,SGD,2270,COMPLETED,2026-02-12 09:25:26,2026-02-12 09:32:45
TXN-00003115,ACC-000418,MER-00015,IDEMP-00003115,USD,1809,COMPLETED,2026-01-23 02:25:21,2026-01-23 02:31:04
TXN-00003116,ACC-000139,MER-00044,IDEMP-00003116,SGD,4393,COMPLETED,2026-01-13 04:04:52,2026-01-13 04:11:17
TXN-00003117,ACC-000356,MER-00048,IDEMP-00003117,SGD,1154,COMPLETED,2026-03-01 17:26:36,2026-03-01 17:33:37
TXN-00003118,ACC-000308,MER-00079,IDEMP-00003118,SGD,3681,COMPLETED,2026-02-02 11:14:07,2026-02-02 11:22:43
TXN-00003119,ACC-000252,MER-00058,IDEMP-00003119,SGD,4105,COMPLETED,2026-01-11 18:31:18,2026-01-11 18:38:56
TXN-00003120,ACC-000164,MER-00015,IDEMP-00003120,USD,5038,CANCELLED,2026-01-05 19:51:56,2026-01-05 19:55:48
TXN-00003121,ACC-000301,MER-00042,IDEMP-00003121,THB,11701,COMPLETED,2026-02-07 08:16:22,2026-02-07 08:20:52
TXN-00003122,ACC-000424,MER-00017,IDEMP-00003122,USD,3205,COMPLETED,2026-02-22 09:05:05,2026-02-22 09:14:24
TXN-00003123,ACC-000177,MER-00045,IDEMP-00003123,USD,17099,COMPLETED,2026-02-21 19:57:13,2026-02-21 19:57:52
TXN-00003124,ACC-000115,MER-00008,IDEMP-00003124,USD,6291,COMPLETED,2026-01-09 12:15:09,2026-01-09 12:18:28
TXN-00003125,ACC-000085,MER-00046,IDEMP-00003125,USD,1084,COMPLETED,2026-02-13 14:03:42,2026-02-13 14:09:57
TXN-00003126,ACC-000066,MER-00046,IDEMP-00003126,SGD,19772,COMPLETED,2026-01-11 22:58:13,2026-01-11 23:04:56
TXN-00003127,ACC-000437,MER-00047,IDEMP-00003127,THB,18453,COMPLETED,2026-02-21 21:03:32,2026-02-21 21:03:52
TXN-00003128,ACC-000342,MER-00039,IDEMP-00003128,USD,2612,CANCELLED,2026-02-21 12:29:23,2026-02-21 12:34:47
TXN-00003129,ACC-000217,MER-00025,IDEMP-00003129,SGD,13211,COMPLETED,2026-01-12 07:57:35,2026-01-12 07:59:20
TXN-00003130,ACC-000262,MER-00056,IDEMP-00003130,THB,2030,COMPLETED,2026-01-01 02:43:34,2026-01-01 02:51:15
TXN-00003131,ACC-000218,MER-00039,IDEMP-00003131,USD,1693,COMPLETED,2026-01-31 19:13:59,2026-01-31 19:14:04
TXN-00003132,ACC-000212,MER-00020,IDEMP-00003132,THB,7863,COMPLETED,2026-02-16 10:38:41,2026-02-16 10:42:40
TXN-00003133,ACC-000407,MER-00058,IDEMP-00003133,SGD,4592,COMPLETED,2026-02-26 06:49:12,2026-02-26 06:49:31
TXN-00003134,ACC-000342,MER-00073,IDEMP-00003134,USD,1285,COMPLETED,2026-02-26 18:35:19,2026-02-26 18:42:25
TXN-00003135,ACC-000050,MER-00037,IDEMP-00003135,SGD,1594,COMPLETED,2026-02-08 11:12:44,2026-02-08 11:20:45
TXN-00003136,ACC-000134,MER-00062,IDEMP-00003136,THB,18573,COMPLETED,2026-01-28 06:42:33,2026-01-28 06:48:50
TXN-00003137,ACC-000110,MER-00080,IDEMP-00003137,USD,8291,COMPLETED,2026-01-06 14:03:44,2026-01-06 14:09:39
TXN-00003138,ACC-000292,MER-00028,IDEMP-00003138,THB,2129,COMPLETED,2026-01-19 22:59:06,2026-01-19 23:01:24
TXN-00003139,ACC-000288,MER-00057,IDEMP-00003139,USD,8534,COMPLETED,2026-02-13 04:10:38,2026-02-13 04:10:57
TXN-00003140,ACC-000092,MER-00051,IDEMP-00003140,SGD,6417,COMPLETED,2026-02-18 19:33:00,2026-02-18 19:39:30
TXN-00003141,ACC-000394,MER-00076,IDEMP-00003141,SGD,3490,COMPLETED,2026-01-12 17:59:31,2026-01-12 18:08:40
TXN-00003142,ACC-000167,MER-00057,IDEMP-00003142,THB,14164,CANCELLED,2026-02-27 11:39:24,2026-02-27 11:46:02
TXN-00003143,ACC-000099,MER-00028,IDEMP-00003143,SGD,3337,COMPLETED,2026-02-10 07:33:00,2026-02-10 07:33:27
TXN-00003144,ACC-000320,MER-00063,IDEMP-00003144,USD,9183,COMPLETED,2026-02-07 11:31:11,2026-02-07 11:31:42
TXN-00003145,ACC-000377,MER-00080,IDEMP-00003145,THB,2638,COMPLETED,2026-02-18 11:19:39,2026-02-18 11:25:07
TXN-00003146,ACC-000104,MER-00057,IDEMP-00003146,THB,5296,COMPLETED,2026-01-24 06:48:19,2026-01-24 06:52:43
TXN-00003147,ACC-000388,MER-00008,IDEMP-00003147,USD,12475,COMPLETED,2026-02-28 01:51:15,2026-02-28 01:57:20
TXN-00003148,ACC-000218,MER-00015,IDEMP-00003148,USD,1088,COMPLETED,2026-01-22 12:22:08,2026-01-22 12:32:00
TXN-00003149,ACC-000100,MER-00011,IDEMP-00003149,THB,3924,COMPLETED,2026-02-25 06:26:05,2026-02-25 06:27:13
TXN-00003150,ACC-000079,MER-00006,IDEMP-00003150,SGD,18032,COMPLETED,2026-01-08 06:02:12,2026-01-08 06:07:38
TXN-00003151,ACC-000073,MER-00040,IDEMP-00003151,THB,24190,COMPLETED,2026-01-05 21:21:36,2026-01-05 21:30:43
TXN-00003152,ACC-000433,MER-00052,IDEMP-00003152,SGD,4108,DECLINED,2026-01-24 07:31:55,2026-01-24 07:34:26
TXN-00003153,ACC-000054,MER-00017,IDEMP-00003153,USD,8356,COMPLETED,2026-01-08 13:40:50,2026-01-08 13:48:33
TXN-00003154,ACC-000082,MER-00048,IDEMP-00003154,USD,2196,COMPLETED,2026-02-07 22:58:19,2026-02-07 23:00:56
TXN-00003155,ACC-000436,MER-00070,IDEMP-00003155,SGD,3500,COMPLETED,2026-02-09 07:47:14,2026-02-09 07:51:59
TXN-00003156,ACC-000192,MER-00013,IDEMP-00003156,SGD,26021,COMPLETED,2026-02-27 03:56:34,2026-02-27 04:04:19
TXN-00003157,ACC-000305,MER-00020,IDEMP-00003157,THB,1357,COMPLETED,2026-02-08 20:40:59,2026-02-08 20:50:45
TXN-00003158,ACC-000020,MER-00065,IDEMP-00003158,THB,1396,DECLINED,2026-02-10 13:39:21,2026-02-10 13:43:44
TXN-00003159,ACC-000340,MER-00029,IDEMP-00003159,SGD,5299,PENDING,2026-01-05 21:10:27,
TXN-00003160,ACC-000209,MER-00029,IDEMP-00003160,USD,6247,PENDING,2026-01-05 04:44:42,
TXN-00003161,ACC-000146,MER-00027,IDEMP-00003161,USD,1324,COMPLETED,2026-01-13 23:18:45,2026-01-13 23:24:14
TXN-00003162,ACC-000281,MER-00003,IDEMP-00003162,SGD,4102,COMPLETED,2026-01-08 17:33:57,2026-01-08 17:43:56
TXN-00003163,ACC-000366,MER-00078,IDEMP-00003163,USD,6084,COMPLETED,2026-01-02 08:43:52,2026-01-02 08:49:59
TXN-00003164,ACC-000342,MER-00061,IDEMP-00003164,USD,10106,COMPLETED,2026-02-22 23:49:31,2026-02-22 23:53:56
TXN-00003165,ACC-000261,MER-00029,IDEMP-00003165,THB,567,COMPLETED,2026-02-20 17:25:22,2026-02-20 17:28:27
TXN-00003166,ACC-000366,MER-00070,IDEMP-00003166,USD,3107,COMPLETED,2026-02-16 15:11:20,2026-02-16 15:18:15
TXN-00003167,ACC-000081,MER-00046,IDEMP-00003167,USD,2063,COMPLETED,2026-02-13 11:34:13,2026-02-13 11:38:08
TXN-00003168,ACC-000143,MER-00048,IDEMP-00003168,SGD,11480,DECLINED,2026-02-05 01:53:41,2026-02-05 01:57:13
TXN-00003169,ACC-000196,MER-00021,IDEMP-00003169,THB,9842,COMPLETED,2026-01-08 20:53:24,2026-01-08 21:01:33
TXN-00003170,ACC-000270,MER-00035,IDEMP-00003170,SGD,11981,COMPLETED,2026-02-05 18:56:57,2026-02-05 18:57:16
TXN-00003171,ACC-000206,MER-00017,IDEMP-00003171,SGD,1656,COMPLETED,2026-01-04 05:32:20,2026-01-04 05:36:07
TXN-00003172,ACC-000107,MER-00052,IDEMP-00003172,SGD,14188,CANCELLED,2026-02-03 21:17:57,2026-02-03 21:25:57
TXN-00003173,ACC-000052,MER-00059,IDEMP-00003173,SGD,4478,COMPLETED,2026-02-13 18:27:14,2026-02-13 18:32:27
TXN-00003174,ACC-000337,MER-00062,IDEMP-00003174,THB,1084,COMPLETED,2026-01-07 12:44:07,2026-01-07 12:49:22
TXN-00003175,ACC-000325,MER-00009,IDEMP-00003175,SGD,2785,COMPLETED,2026-02-10 21:45:17,2026-02-10 21:52:14
TXN-00003176,ACC-000357,MER-00033,IDEMP-00003176,SGD,2443,COMPLETED,2026-01-14 10:52:30,2026-01-14 10:54:39
TXN-00003177,ACC-000316,MER-00071,IDEMP-00003177,SGD,1570,COMPLETED,2026-02-02 22:01:41,2026-02-02 22:10:14
TXN-00003178,ACC-000173,MER-00034,IDEMP-00003178,SGD,4878,COMPLETED,2026-01-01 10:56:31,2026-01-01 11:06:17
TXN-00003179,ACC-000129,MER-00044,IDEMP-00003179,SGD,10790,COMPLETED,2026-02-28 08:47:56,2026-02-28 08:53:29
TXN-00003180,ACC-000117,MER-00023,IDEMP-00003180,SGD,7804,COMPLETED,2026-02-15 09:49:43,2026-02-15 09:57:03
TXN-00003181,ACC-000040,MER-00019,IDEMP-00003181,USD,2298,COMPLETED,2026-02-10 19:51:40,2026-02-10 19:52:55
TXN-00003182,ACC-000348,MER-00006,IDEMP-00003182,SGD,1089,COMPLETED,2026-02-25 01:55:33,2026-02-25 01:56:19
TXN-00003183,ACC-000188,MER-00076,IDEMP-00003183,SGD,8310,COMPLETED,2026-02-03 21:33:29,2026-02-03 21:39:02
TXN-00003184,ACC-000376,MER-00046,IDEMP-00003184,THB,6488,COMPLETED,2026-02-22 01:32:18,2026-02-22 01:39:21
TXN-00003185,ACC-000251,MER-00013,IDEMP-00003185,USD,6697,COMPLETED,2026-01-30 16:56:28,2026-01-30 16:58:12
TXN-00003186,ACC-000441,MER-00025,IDEMP-00003186,SGD,12392,COMPLETED,2026-02-25 00:57:43,2026-02-25 01:01:11
TXN-00003187,ACC-000368,MER-00037,IDEMP-00003187,THB,1599,COMPLETED,2026-01-05 21:25:30,2026-01-05 21:31:41
TXN-00003188,ACC-000365,MER-00015,IDEMP-00003188,USD,14944,PENDING,2026-02-13 01:57:04,
TXN-00003189,ACC-000405,MER-00016,IDEMP-00003189,USD,9988,COMPLETED,2026-02-11 17:13:31,2026-02-11 17:19:38
TXN-00003190,ACC-000170,MER-00056,IDEMP-00003190,USD,2070,COMPLETED,2026-01-16 01:28:34,2026-01-16 01:30:34
TXN-00003191,ACC-000041,MER-00049,IDEMP-00003191,THB,7197,COMPLETED,2026-03-01 17:19:49,2026-03-01 17:29:38
TXN-00003192,ACC-000024,MER-00020,IDEMP-00003192,SGD,1828,COMPLETED,2026-01-07 21:49:10,2026-01-07 21:52:09
TXN-00003193,ACC-000068,MER-00019,IDEMP-00003193,USD,1836,COMPLETED,2026-02-02 20:02:14,2026-02-02 20:05:22
TXN-00003194,ACC-000388,MER-00028,IDEMP-00003194,USD,16299,DECLINED,2026-01-14 13:20:00,2026-01-14 13:25:20
TXN-00003195,ACC-000218,MER-00065,IDEMP-00003195,USD,5319,COMPLETED,2026-01-14 09:56:20,2026-01-14 10:01:16
TXN-00003196,ACC-000411,MER-00080,IDEMP-00003196,THB,3106,DECLINED,2026-02-21 10:36:19,2026-02-21 10:37:22
TXN-00003197,ACC-000269,MER-00045,IDEMP-00003197,SGD,3112,COMPLETED,2026-02-26 05:19:53,2026-02-26 05:22:44
TXN-00003198,ACC-000103,MER-00020,IDEMP-00003198,USD,6591,DECLINED,2026-01-18 10:49:05,2026-01-18 10:53:14
TXN-00003199,ACC-000121,MER-00025,IDEMP-00003199,THB,2781,COMPLETED,2026-02-07 15:04:07,2026-02-07 15:11:36
TXN-00003200,ACC-000059,MER-00058,IDEMP-00003200,SGD,8493,COMPLETED,2026-02-20 13:12:51,2026-02-20 13:19:00
TXN-00003201,ACC-000259,MER-00021,IDEMP-00003201,THB,2319,COMPLETED,2026-01-23 13:40:07,2026-01-23 13:44:52
TXN-00003202,ACC-000427,MER-00034,IDEMP-00003202,THB,3641,DECLINED,2026-02-03 21:16:40,2026-02-03 21:18:46
TXN-00003203,ACC-000097,MER-00060,IDEMP-00003203,SGD,3016,DECLINED,2026-01-15 06:37:58,2026-01-15 06:42:43
TXN-00003204,ACC-000272,MER-00017,IDEMP-00003204,THB,14598,COMPLETED,2026-01-23 19:09:45,2026-01-23 19:10:10
TXN-00003205,ACC-000055,MER-00020,IDEMP-00003205,THB,9762,COMPLETED,2026-01-07 00:32:57,2026-01-07 00:33:14
TXN-00003206,ACC-000075,MER-00060,IDEMP-00003206,SGD,6274,COMPLETED,2026-01-03 16:38:05,2026-01-03 16:44:10
TXN-00003207,ACC-000266,MER-00070,IDEMP-00003207,THB,3501,DECLINED,2026-02-22 11:37:46,2026-02-22 11:43:44
TXN-00003208,ACC-000213,MER-00072,IDEMP-00003208,THB,9649,CANCELLED,2026-02-10 23:26:22,2026-02-10 23:34:10
TXN-00003209,ACC-000382,MER-00025,IDEMP-00003209,USD,38163,COMPLETED,2026-01-31 06:47:15,2026-01-31 06:48:12
TXN-00003210,ACC-000284,MER-00057,IDEMP-00003210,SGD,7784,DECLINED,2026-01-26 20:48:36,2026-01-26 20:51:07
TXN-00003211,ACC-000356,MER-00079,IDEMP-00003211,SGD,6268,DECLINED,2026-01-12 15:26:55,2026-01-12 15:36:00
TXN-00003212,ACC-000383,MER-00023,IDEMP-00003212,USD,13021,COMPLETED,2026-01-12 18:01:41,2026-01-12 18:07:35
TXN-00003213,ACC-000054,MER-00027,IDEMP-00003213,USD,14673,COMPLETED,2026-02-01 18:39:04,2026-02-01 18:47:49
TXN-00003214,ACC-000414,MER-00016,IDEMP-00003214,USD,606,COMPLETED,2026-01-14 11:35:23,2026-01-14 11:39:23
TXN-00003215,ACC-000408,MER-00033,IDEMP-00003215,THB,5453,COMPLETED,2026-01-13 09:44:37,2026-01-13 09:46:47
TXN-00003216,ACC-000264,MER-00056,IDEMP-00003216,THB,5663,COMPLETED,2026-03-01 21:03:19,2026-03-01 21:13:05
TXN-00003217,ACC-000300,MER-00027,IDEMP-00003217,THB,9371,COMPLETED,2026-01-16 10:42:42,2026-01-16 10:42:58
TXN-00003218,ACC-000214,MER-00050,IDEMP-00003218,THB,1122,COMPLETED,2026-02-15 11:12:08,2026-02-15 11:17:26
TXN-00003219,ACC-000407,MER-00061,IDEMP-00003219,SGD,22722,COMPLETED,2026-02-27 05:50:43,2026-02-27 06:00:40
TXN-00003220,ACC-000145,MER-00030,IDEMP-00003220,SGD,16391,COMPLETED,2026-01-06 18:54:58,2026-01-06 18:59:10
TXN-00003221,ACC-000317,MER-00076,IDEMP-00003221,USD,2548,PENDING,2026-02-18 10:56:53,
TXN-00003222,ACC-000049,MER-00002,IDEMP-00003222,USD,7002,COMPLETED,2026-02-09 19:27:37,2026-02-09 19:30:23
TXN-00003223,ACC-000145,MER-00010,IDEMP-00003223,SGD,8803,COMPLETED,2026-03-01 21:57:43,2026-03-01 22:05:46
TXN-00003224,ACC-000359,MER-00054,IDEMP-00003224,THB,6672,COMPLETED,2026-02-15 23:51:27,2026-02-16 00:01:17
TXN-00003225,ACC-000045,MER-00047,IDEMP-00003225,THB,2649,COMPLETED,2026-02-25 03:38:00,2026-02-25 03:46:38
TXN-00003226,ACC-000184,MER-00076,IDEMP-00003226,SGD,4896,CANCELLED,2026-02-18 09:03:04,2026-02-18 09:04:34
TXN-00003227,ACC-000446,MER-00005,IDEMP-00003227,THB,3020,COMPLETED,2026-01-13 19:52:31,2026-01-13 19:57:56
TXN-00003228,ACC-000312,MER-00043,IDEMP-00003228,SGD,8065,COMPLETED,2026-01-16 12:05:11,2026-01-16 12:05:38
TXN-00003229,ACC-000179,MER-00018,IDEMP-00003229,THB,3251,PENDING,2026-02-20 06:21:30,
TXN-00003230,ACC-000374,MER-00054,IDEMP-00003230,USD,13524,COMPLETED,2026-01-20 18:06:59,2026-01-20 18:10:15
TXN-00003231,ACC-000040,MER-00054,IDEMP-00003231,USD,1147,COMPLETED,2026-01-04 08:02:41,2026-01-04 08:05:59
TXN-00003232,ACC-000083,MER-00014,IDEMP-00003232,USD,28590,COMPLETED,2026-01-01 03:51:43,2026-01-01 03:55:29
TXN-00003233,ACC-000280,MER-00007,IDEMP-00003233,USD,1446,COMPLETED,2026-01-13 06:20:36,2026-01-13 06:22:21
TXN-00003234,ACC-000368,MER-00034,IDEMP-00003234,THB,1589,COMPLETED,2026-01-15 23:25:23,2026-01-15 23:27:15
TXN-00003235,ACC-000310,MER-00053,IDEMP-00003235,THB,2264,COMPLETED,2026-01-18 00:15:04,2026-01-18 00:24:45
TXN-00003236,ACC-000440,MER-00010,IDEMP-00003236,SGD,2152,DECLINED,2026-01-30 13:39:05,2026-01-30 13:40:46
TXN-00003237,ACC-000115,MER-00024,IDEMP-00003237,USD,10948,COMPLETED,2026-01-31 12:24:00,2026-01-31 12:28:55
TXN-00003238,ACC-000415,MER-00057,IDEMP-00003238,SGD,71789,PENDING,2026-02-10 23:35:35,
TXN-00003239,ACC-000447,MER-00047,IDEMP-00003239,SGD,14677,COMPLETED,2026-01-26 13:57:08,2026-01-26 14:03:55
TXN-00003240,ACC-000226,MER-00063,IDEMP-00003240,THB,6313,COMPLETED,2026-01-16 07:19:46,2026-01-16 07:19:54
TXN-00003241,ACC-000311,MER-00041,IDEMP-00003241,USD,945,COMPLETED,2026-01-04 01:15:48,2026-01-04 01:23:13
TXN-00003242,ACC-000002,MER-00059,IDEMP-00003242,USD,851,COMPLETED,2026-01-22 01:22:52,2026-01-22 01:25:45
TXN-00003243,ACC-000031,MER-00003,IDEMP-00003243,THB,15514,DECLINED,2026-02-26 15:31:22,2026-02-26 15:39:40
TXN-00003244,ACC-000124,MER-00038,IDEMP-00003244,USD,1514,COMPLETED,2026-01-13 03:24:28,2026-01-13 03:31:35
TXN-00003245,ACC-000244,MER-00077,IDEMP-00003245,USD,330,COMPLETED,2026-02-09 14:45:10,2026-02-09 14:54:54
TXN-00003246,ACC-000412,MER-00025,IDEMP-00003246,THB,15096,PENDING,2026-01-22 02:44:04,
TXN-00003247,ACC-000343,MER-00075,IDEMP-00003247,THB,10920,COMPLETED,2026-02-25 01:14:12,2026-02-25 01:21:11
TXN-00003248,ACC-000211,MER-00023,IDEMP-00003248,USD,2737,COMPLETED,2026-01-25 18:09:24,2026-01-25 18:12:11
TXN-00003249,ACC-000222,MER-00057,IDEMP-00003249,USD,80652,COMPLETED,2026-02-27 22:19:18,2026-02-27 22:21:52
TXN-00003250,ACC-000104,MER-00033,IDEMP-00003250,THB,15995,COMPLETED,2026-01-24 01:24:02,2026-01-24 01:28:08
TXN-00003251,ACC-000242,MER-00036,IDEMP-00003251,SGD,5601,COMPLETED,2026-01-23 19:54:10,2026-01-23 20:03:55
TXN-00003252,ACC-000443,MER-00003,IDEMP-00003252,SGD,1174,COMPLETED,2026-02-23 15:58:16,2026-02-23 15:59:36
TXN-00003253,ACC-000133,MER-00042,IDEMP-00003253,USD,2206,DECLINED,2026-02-03 21:53:48,2026-02-03 22:03:30
TXN-00003254,ACC-000362,MER-00068,IDEMP-00003254,SGD,6207,COMPLETED,2026-01-23 19:37:25,2026-01-23 19:40:57
TXN-00003255,ACC-000254,MER-00079,IDEMP-00003255,USD,513,COMPLETED,2026-01-08 02:04:02,2026-01-08 02:11:09
TXN-00003256,ACC-000161,MER-00021,IDEMP-00003256,USD,9836,COMPLETED,2026-02-26 16:18:20,2026-02-26 16:19:29
TXN-00003257,ACC-000377,MER-00031,IDEMP-00003257,THB,2361,PENDING,2026-01-06 01:46:10,
TXN-00003258,ACC-000158,MER-00004,IDEMP-00003258,USD,703,DECLINED,2026-02-03 05:48:45,2026-02-03 05:57:08
TXN-00003259,ACC-000390,MER-00037,IDEMP-00003259,SGD,21637,COMPLETED,2026-02-11 21:27:35,2026-02-11 21:29:57
TXN-00003260,ACC-000348,MER-00013,IDEMP-00003260,SGD,15211,COMPLETED,2026-01-19 12:38:25,2026-01-19 12:43:34
TXN-00003261,ACC-000092,MER-00045,IDEMP-00003261,SGD,29376,COMPLETED,2026-01-23 03:26:59,2026-01-23 03:29:02
TXN-00003262,ACC-000245,MER-00022,IDEMP-00003262,USD,9918,COMPLETED,2026-01-08 04:46:45,2026-01-08 04:56:23
TXN-00003263,ACC-000068,MER-00003,IDEMP-00003263,USD,5527,COMPLETED,2026-01-05 16:37:53,2026-01-05 16:47:01
TXN-00003264,ACC-000125,MER-00071,IDEMP-00003264,USD,2865,CANCELLED,2026-02-07 08:47:43,2026-02-07 08:48:36
TXN-00003265,ACC-000336,MER-00020,IDEMP-00003265,THB,1629,DECLINED,2026-02-07 15:58:04,2026-02-07 16:03:43
TXN-00003266,ACC-000201,MER-00058,IDEMP-00003266,SGD,1723,COMPLETED,2026-02-19 16:25:05,2026-02-19 16:33:34
TXN-00003267,ACC-000322,MER-00058,IDEMP-00003267,SGD,5781,COMPLETED,2026-02-02 05:46:17,2026-02-02 05:49:22
TXN-00003268,ACC-000429,MER-00067,IDEMP-00003268,USD,7264,COMPLETED,2026-02-10 12:40:14,2026-02-10 12:46:00
TXN-00003269,ACC-000061,MER-00022,IDEMP-00003269,SGD,1314,COMPLETED,2026-01-07 09:50:00,2026-01-07 09:53:44
TXN-00003270,ACC-000346,MER-00037,IDEMP-00003270,THB,4948,COMPLETED,2026-01-30 10:14:46,2026-01-30 10:15:33
TXN-00003271,ACC-000403,MER-00062,IDEMP-00003271,USD,21468,COMPLETED,2026-02-10 18:10:36,2026-02-10 18:13:27
TXN-00003272,ACC-000138,MER-00047,IDEMP-00003272,SGD,2616,DECLINED,2026-01-10 02:36:40,2026-01-10 02:40:56
TXN-00003273,ACC-000322,MER-00007,IDEMP-00003273,SGD,6005,CANCELLED,2026-02-26 15:14:03,2026-02-26 15:19:21
TXN-00003274,ACC-000251,MER-00025,IDEMP-00003274,USD,4285,COMPLETED,2026-02-01 05:30:16,2026-02-01 05:32:00
TXN-00003275,ACC-000444,MER-00019,IDEMP-00003275,THB,2778,COMPLETED,2026-02-12 12:29:26,2026-02-12 12:36:44
TXN-00003276,ACC-000196,MER-00010,IDEMP-00003276,THB,3055,DECLINED,2026-02-28 17:03:33,2026-02-28 17:06:16
TXN-00003277,ACC-000099,MER-00049,IDEMP-00003277,SGD,816,COMPLETED,2026-01-08 14:03:13,2026-01-08 14:10:08
TXN-00003278,ACC-000326,MER-00044,IDEMP-00003278,USD,26403,COMPLETED,2026-01-16 01:59:45,2026-01-16 02:00:44
TXN-00003279,ACC-000051,MER-00077,IDEMP-00003279,USD,2402,COMPLETED,2026-02-12 04:48:17,2026-02-12 04:52:21
TXN-00003280,ACC-000223,MER-00041,IDEMP-00003280,SGD,3653,COMPLETED,2026-01-25 11:25:09,2026-01-25 11:31:25
TXN-00003281,ACC-000328,MER-00077,IDEMP-00003281,THB,5241,COMPLETED,2026-02-10 03:52:01,2026-02-10 03:55:54
TXN-00003282,ACC-000435,MER-00021,IDEMP-00003282,SGD,10430,COMPLETED,2026-01-30 17:14:02,2026-01-30 17:16:54
TXN-00003283,ACC-000078,MER-00061,IDEMP-00003283,SGD,12653,COMPLETED,2026-02-08 15:38:50,2026-02-08 15:48:37
TXN-00003284,ACC-000047,MER-00076,IDEMP-00003284,THB,43377,COMPLETED,2026-02-16 04:06:29,2026-02-16 04:11:49
TXN-00003285,ACC-000102,MER-00010,IDEMP-00003285,THB,859,COMPLETED,2026-02-02 17:57:48,2026-02-02 18:06:43
TXN-00003286,ACC-000259,MER-00002,IDEMP-00003286,THB,9322,COMPLETED,2026-02-27 23:27:27,2026-02-27 23:32:20
TXN-00003287,ACC-000140,MER-00063,IDEMP-00003287,SGD,7874,COMPLETED,2026-02-12 10:08:04,2026-02-12 10:17:29
TXN-00003288,ACC-000182,MER-00075,IDEMP-00003288,THB,6469,COMPLETED,2026-02-08 00:12:30,2026-02-08 00:20:38
TXN-00003289,ACC-000335,MER-00023,IDEMP-00003289,USD,39153,COMPLETED,2026-02-03 16:30:02,2026-02-03 16:30:50
TXN-00003290,ACC-000018,MER-00059,IDEMP-00003290,THB,1815,DECLINED,2026-02-04 15:50:18,2026-02-04 15:51:34
TXN-00003291,ACC-000326,MER-00018,IDEMP-00003291,USD,4913,COMPLETED,2026-01-08 20:14:17,2026-01-08 20:24:15
TXN-00003292,ACC-000259,MER-00054,IDEMP-00003292,THB,19162,COMPLETED,2026-01-15 09:10:18,2026-01-15 09:13:44
TXN-00003293,ACC-000213,MER-00020,IDEMP-00003293,THB,18363,COMPLETED,2026-01-31 16:52:15,2026-01-31 16:55:11
TXN-00003294,ACC-000231,MER-00041,IDEMP-00003294,USD,9405,COMPLETED,2026-02-02 14:10:18,2026-02-02 14:13:50
TXN-00003295,ACC-000031,MER-00008,IDEMP-00003295,THB,11738,COMPLETED,2026-02-09 15:56:10,2026-02-09 15:57:40
TXN-00003296,ACC-000226,MER-00064,IDEMP-00003296,THB,947,COMPLETED,2026-01-27 10:23:50,2026-01-27 10:31:22
TXN-00003297,ACC-000417,MER-00042,IDEMP-00003297,USD,16950,COMPLETED,2026-02-28 12:41:13,2026-02-28 12:45:57
TXN-00003298,ACC-000096,MER-00046,IDEMP-00003298,SGD,11855,COMPLETED,2026-01-01 07:40:17,2026-01-01 07:45:31
TXN-00003299,ACC-000003,MER-00018,IDEMP-00003299,THB,2766,COMPLETED,2026-02-20 15:45:07,2026-02-20 15:49:42
TXN-00003300,ACC-000053,MER-00051,IDEMP-00003300,THB,5953,PENDING,2026-01-22 00:24:03,
TXN-00003301,ACC-000303,MER-00049,IDEMP-00003301,SGD,4160,COMPLETED,2026-01-10 13:09:59,2026-01-10 13:17:18
TXN-00003302,ACC-000308,MER-00024,IDEMP-00003302,SGD,10079,COMPLETED,2026-02-17 08:43:52,2026-02-17 08:53:25
TXN-00003303,ACC-000066,MER-00054,IDEMP-00003303,SGD,16226,COMPLETED,2026-03-01 16:42:31,2026-03-01 16:45:21
TXN-00003304,ACC-000033,MER-00024,IDEMP-00003304,USD,5499,COMPLETED,2026-01-20 16:21:25,2026-01-20 16:30:51
TXN-00003305,ACC-000399,MER-00015,IDEMP-00003305,USD,10650,COMPLETED,2026-01-02 03:32:48,2026-01-02 03:36:58
TXN-00003306,ACC-000325,MER-00013,IDEMP-00003306,SGD,3345,COMPLETED,2026-02-22 23:03:46,2026-02-22 23:11:55
TXN-00003307,ACC-000299,MER-00010,IDEMP-00003307,THB,52430,COMPLETED,2026-01-09 17:22:42,2026-01-09 17:24:04
TXN-00003308,ACC-000069,MER-00074,IDEMP-00003308,SGD,5865,COMPLETED,2026-02-28 04:14:26,2026-02-28 04:20:21
TXN-00003309,ACC-000372,MER-00055,IDEMP-00003309,SGD,1710,COMPLETED,2026-02-24 17:21:43,2026-02-24 17:24:08
TXN-00003310,ACC-000053,MER-00051,IDEMP-00003310,THB,3285,DECLINED,2026-01-02 23:09:49,2026-01-02 23:11:51
TXN-00003311,ACC-000243,MER-00078,IDEMP-00003311,SGD,5425,COMPLETED,2026-01-21 03:01:55,2026-01-21 03:05:41
TXN-00003312,ACC-000286,MER-00047,IDEMP-00003312,THB,1387,COMPLETED,2026-01-31 21:35:05,2026-01-31 21:40:02
TXN-00003313,ACC-000084,MER-00080,IDEMP-00003313,USD,1089,COMPLETED,2026-02-11 23:21:08,2026-02-11 23:27:14
TXN-00003314,ACC-000156,MER-00025,IDEMP-00003314,USD,9315,COMPLETED,2026-02-15 18:31:01,2026-02-15 18:36:38
TXN-00003315,ACC-000246,MER-00008,IDEMP-00003315,THB,4328,COMPLETED,2026-01-25 03:45:47,2026-01-25 03:46:12
TXN-00003316,ACC-000114,MER-00014,IDEMP-00003316,THB,3839,COMPLETED,2026-01-15 07:13:49,2026-01-15 07:23:03
TXN-00003317,ACC-000365,MER-00017,IDEMP-00003317,USD,5712,COMPLETED,2026-02-05 17:56:31,2026-02-05 18:03:01
TXN-00003318,ACC-000156,MER-00057,IDEMP-00003318,USD,430,CANCELLED,2026-01-08 21:58:02,2026-01-08 22:07:53
TXN-00003319,ACC-000261,MER-00007,IDEMP-00003319,THB,2536,PENDING,2026-01-31 15:37:49,
TXN-00003320,ACC-000383,MER-00030,IDEMP-00003320,USD,353,COMPLETED,2026-02-24 07:50:12,2026-02-24 07:55:17
TXN-00003321,ACC-000186,MER-00029,IDEMP-00003321,THB,522,COMPLETED,2026-03-01 08:52:13,2026-03-01 08:56:18
TXN-00003322,ACC-000191,MER-00013,IDEMP-00003322,THB,5594,PENDING,2026-01-30 06:28:32,
TXN-00003323,ACC-000167,MER-00051,IDEMP-00003323,THB,1340,DECLINED,2026-01-31 08:06:01,2026-01-31 08:15:13
TXN-00003324,ACC-000054,MER-00013,IDEMP-00003324,USD,2909,COMPLETED,2026-02-17 16:58:51,2026-02-17 17:06:15
TXN-00003325,ACC-000283,MER-00042,IDEMP-00003325,USD,30639,COMPLETED,2026-01-29 01:26:36,2026-01-29 01:33:26
TXN-00003326,ACC-000056,MER-00056,IDEMP-00003326,USD,3372,PENDING,2026-02-28 10:39:14,
TXN-00003327,ACC-000312,MER-00069,IDEMP-00003327,SGD,10684,COMPLETED,2026-02-04 22:55:04,2026-02-04 22:56:12
TXN-00003328,ACC-000251,MER-00042,IDEMP-00003328,USD,1317,COMPLETED,2026-02-20 20:43:23,2026-02-20 20:47:46
TXN-00003329,ACC-000128,MER-00060,IDEMP-00003329,USD,4942,COMPLETED,2026-01-31 14:34:29,2026-01-31 14:34:30
TXN-00003330,ACC-000324,MER-00067,IDEMP-00003330,THB,11431,COMPLETED,2026-02-16 05:03:15,2026-02-16 05:06:37
TXN-00003331,ACC-000366,MER-00042,IDEMP-00003331,USD,5616,PENDING,2026-02-14 05:57:29,
TXN-00003332,ACC-000059,MER-00069,IDEMP-00003332,SGD,4401,COMPLETED,2026-01-07 06:17:33,2026-01-07 06:26:24
TXN-00003333,ACC-000271,MER-00048,IDEMP-00003333,SGD,2643,COMPLETED,2026-01-16 09:56:20,2026-01-16 10:03:47
TXN-00003334,ACC-000284,MER-00072,IDEMP-00003334,SGD,1836,COMPLETED,2026-02-27 19:18:21,2026-02-27 19:27:08
TXN-00003335,ACC-000413,MER-00011,IDEMP-00003335,USD,1889,COMPLETED,2026-01-11 15:00:40,2026-01-11 15:10:01
TXN-00003336,ACC-000120,MER-00079,IDEMP-00003336,THB,2496,COMPLETED,2026-02-10 03:02:54,2026-02-10 03:07:50
TXN-00003337,ACC-000187,MER-00061,IDEMP-00003337,SGD,10479,COMPLETED,2026-02-16 21:13:58,2026-02-16 21:15:40
TXN-00003338,ACC-000374,MER-00006,IDEMP-00003338,USD,66295,COMPLETED,2026-01-30 22:36:49,2026-01-30 22:40:11
TXN-00003339,ACC-000404,MER-00041,IDEMP-00003339,SGD,5380,DECLINED,2026-02-21 08:04:44,2026-02-21 08:12:25
TXN-00003340,ACC-000307,MER-00010,IDEMP-00003340,THB,1793,COMPLETED,2026-01-31 19:31:38,2026-01-31 19:38:42
TXN-00003341,ACC-000144,MER-00076,IDEMP-00003341,SGD,9304,DECLINED,2026-02-12 00:57:03,2026-02-12 00:57:16
TXN-00003342,ACC-000356,MER-00007,IDEMP-00003342,SGD,1388,COMPLETED,2026-01-01 14:01:28,2026-01-01 14:06:16
TXN-00003343,ACC-000359,MER-00045,IDEMP-00003343,THB,6589,COMPLETED,2026-01-23 05:28:39,2026-01-23 05:33:25
TXN-00003344,ACC-000417,MER-00079,IDEMP-00003344,USD,18402,PENDING,2026-02-02 09:47:35,
TXN-00003345,ACC-000152,MER-00057,IDEMP-00003345,THB,1036,COMPLETED,2026-01-14 19:08:15,2026-01-14 19:17:17
TXN-00003346,ACC-000105,MER-00071,IDEMP-00003346,SGD,4608,CANCELLED,2026-02-24 00:18:23,2026-02-24 00:19:10
TXN-00003347,ACC-000412,MER-00001,IDEMP-00003347,THB,1639,COMPLETED,2026-01-31 23:38:23,2026-01-31 23:38:56
TXN-00003348,ACC-000207,MER-00074,IDEMP-00003348,THB,13809,PENDING,2026-01-01 17:34:59,
TXN-00003349,ACC-000019,MER-00026,IDEMP-00003349,SGD,731,PENDING,2026-01-30 00:17:03,
TXN-00003350,ACC-000246,MER-00003,IDEMP-00003350,THB,5635,COMPLETED,2026-01-14 05:52:38,2026-01-14 05:59:57
TXN-00003351,ACC-000193,MER-00056,IDEMP-00003351,USD,8551,COMPLETED,2026-02-21 04:25:30,2026-02-21 04:33:23
TXN-00003352,ACC-000037,MER-00037,IDEMP-00003352,USD,14406,COMPLETED,2026-02-25 09:59:35,2026-02-25 10:06:29
TXN-00003353,ACC-000229,MER-00029,IDEMP-00003353,SGD,4866,PENDING,2026-01-21 20:14:35,
TXN-00003354,ACC-000364,MER-00027,IDEMP-00003354,THB,4048,COMPLETED,2026-01-16 08:00:08,2026-01-16 08:03:56
TXN-00003355,ACC-000307,MER-00031,IDEMP-00003355,THB,625,COMPLETED,2026-02-09 11:39:58,2026-02-09 11:48:42
TXN-00003356,ACC-000224,MER-00005,IDEMP-00003356,THB,6527,DECLINED,2026-01-27 23:26:24,2026-01-27 23:34:27
TXN-00003357,ACC-000335,MER-00037,IDEMP-00003357,USD,30279,DECLINED,2026-02-04 08:11:34,2026-02-04 08:19:01
TXN-00003358,ACC-000214,MER-00019,IDEMP-00003358,THB,4877,COMPLETED,2026-01-19 10:28:13,2026-01-19 10:34:49
TXN-00003359,ACC-000098,MER-00049,IDEMP-00003359,THB,4873,PENDING,2026-02-18 12:51:49,
TXN-00003360,ACC-000246,MER-00045,IDEMP-00003360,THB,21176,COMPLETED,2026-02-02 23:50:34,2026-02-02 23:51:27
TXN-00003361,ACC-000099,MER-00035,IDEMP-00003361,SGD,10714,DECLINED,2026-02-08 04:43:44,2026-02-08 04:44:42
TXN-00003362,ACC-000077,MER-00035,IDEMP-00003362,SGD,37431,DECLINED,2026-02-10 00:52:52,2026-02-10 00:58:43
TXN-00003363,ACC-000450,MER-00006,IDEMP-00003363,SGD,12609,COMPLETED,2026-01-30 01:09:09,2026-01-30 01:18:35
TXN-00003364,ACC-000130,MER-00070,IDEMP-00003364,SGD,9118,COMPLETED,2026-01-19 11:01:25,2026-01-19 11:05:22
TXN-00003365,ACC-000139,MER-00011,IDEMP-00003365,SGD,1619,PENDING,2026-02-01 09:45:55,
TXN-00003366,ACC-000336,MER-00060,IDEMP-00003366,THB,3918,COMPLETED,2026-01-24 06:08:45,2026-01-24 06:18:23
TXN-00003367,ACC-000257,MER-00037,IDEMP-00003367,USD,4941,COMPLETED,2026-01-07 23:59:34,2026-01-08 00:08:44
TXN-00003368,ACC-000012,MER-00071,IDEMP-00003368,SGD,5877,DECLINED,2026-01-28 05:24:08,2026-01-28 05:25:22
TXN-00003369,ACC-000074,MER-00061,IDEMP-00003369,THB,3040,COMPLETED,2026-02-04 20:18:37,2026-02-04 20:20:06
TXN-00003370,ACC-000119,MER-00057,IDEMP-00003370,USD,1542,PENDING,2026-01-14 07:28:54,
TXN-00003371,ACC-000360,MER-00032,IDEMP-00003371,THB,17628,COMPLETED,2026-01-04 05:50:45,2026-01-04 06:00:08
TXN-00003372,ACC-000260,MER-00005,IDEMP-00003372,USD,1637,COMPLETED,2026-01-13 02:12:28,2026-01-13 02:20:06
TXN-00003373,ACC-000195,MER-00024,IDEMP-00003373,THB,3737,COMPLETED,2026-02-16 08:24:13,2026-02-16 08:33:55
TXN-00003374,ACC-000046,MER-00021,IDEMP-00003374,SGD,2046,COMPLETED,2026-01-01 12:46:31,2026-01-01 12:49:41
TXN-00003375,ACC-000374,MER-00057,IDEMP-00003375,USD,9757,COMPLETED,2026-01-01 18:45:00,2026-01-01 18:48:48
TXN-00003376,ACC-000424,MER-00075,IDEMP-00003376,USD,9466,COMPLETED,2026-01-25 18:07:46,2026-01-25 18:11:01
TXN-00003377,ACC-000266,MER-00004,IDEMP-00003377,THB,1714,COMPLETED,2026-02-21 22:10:09,2026-02-21 22:16:46
TXN-00003378,ACC-000029,MER-00041,IDEMP-00003378,THB,3190,CANCELLED,2026-01-31 10:25:33,2026-01-31 10:28:24
TXN-00003379,ACC-000233,MER-00064,IDEMP-00003379,USD,5744,COMPLETED,2026-01-04 10:28:25,2026-01-04 10:32:31
TXN-00003380,ACC-000003,MER-00011,IDEMP-00003380,THB,5606,COMPLETED,2026-01-15 20:18:52,2026-01-15 20:21:27
TXN-00003381,ACC-000139,MER-00034,IDEMP-00003381,SGD,53062,COMPLETED,2026-02-13 14:51:11,2026-02-13 14:53:21
TXN-00003382,ACC-000375,MER-00076,IDEMP-00003382,SGD,1153,COMPLETED,2026-01-14 16:04:14,2026-01-14 16:08:15
TXN-00003383,ACC-000265,MER-00013,IDEMP-00003383,SGD,2537,COMPLETED,2026-01-09 18:33:16,2026-01-09 18:34:35
TXN-00003384,ACC-000421,MER-00062,IDEMP-00003384,SGD,7040,COMPLETED,2026-01-28 22:03:49,2026-01-28 22:09:13
TXN-00003385,ACC-000417,MER-00072,IDEMP-00003385,USD,14317,PENDING,2026-02-11 20:45:49,
TXN-00003386,ACC-000243,MER-00016,IDEMP-00003386,SGD,1012,COMPLETED,2026-01-08 23:02:45,2026-01-08 23:10:44
TXN-00003387,ACC-000443,MER-00003,IDEMP-00003387,SGD,25579,COMPLETED,2026-01-26 09:37:08,2026-01-26 09:38:08
TXN-00003388,ACC-000390,MER-00037,IDEMP-00003388,SGD,2500,COMPLETED,2026-01-08 10:39:44,2026-01-08 10:42:50
TXN-00003389,ACC-000060,MER-00031,IDEMP-00003389,SGD,5621,COMPLETED,2026-02-18 20:16:28,2026-02-18 20:16:58
TXN-00003390,ACC-000273,MER-00006,IDEMP-00003390,THB,20322,COMPLETED,2026-01-30 11:40:27,2026-01-30 11:43:08
TXN-00003391,ACC-000094,MER-00078,IDEMP-00003391,SGD,30089,CANCELLED,2026-02-13 16:25:41,2026-02-13 16:35:24
TXN-00003392,ACC-000235,MER-00004,IDEMP-00003392,THB,13461,COMPLETED,2026-01-12 04:48:18,2026-01-12 04:48:50
TXN-00003393,ACC-000305,MER-00040,IDEMP-00003393,THB,385,COMPLETED,2026-01-12 13:03:33,2026-01-12 13:05:59
TXN-00003394,ACC-000354,MER-00051,IDEMP-00003394,USD,10553,COMPLETED,2026-02-21 15:37:49,2026-02-21 15:45:46
TXN-00003395,ACC-000139,MER-00039,IDEMP-00003395,SGD,3301,DECLINED,2026-01-23 21:44:41,2026-01-23 21:50:30
TXN-00003396,ACC-000436,MER-00021,IDEMP-00003396,SGD,6723,DECLINED,2026-01-19 05:52:43,2026-01-19 06:01:35
TXN-00003397,ACC-000089,MER-00041,IDEMP-00003397,USD,1644,COMPLETED,2026-02-21 11:09:44,2026-02-21 11:17:13
TXN-00003398,ACC-000080,MER-00071,IDEMP-00003398,USD,11700,COMPLETED,2026-01-01 01:55:33,2026-01-01 01:57:24
TXN-00003399,ACC-000415,MER-00054,IDEMP-00003399,SGD,3524,COMPLETED,2026-01-12 12:28:18,2026-01-12 12:35:50
TXN-00003400,ACC-000420,MER-00067,IDEMP-00003400,THB,4556,COMPLETED,2026-02-03 14:06:39,2026-02-03 14:07:11
TXN-00003401,ACC-000245,MER-00026,IDEMP-00003401,USD,2744,COMPLETED,2026-02-06 15:04:39,2026-02-06 15:05:55
TXN-00003402,ACC-000061,MER-00035,IDEMP-00003402,SGD,1135,COMPLETED,2026-02-05 04:46:18,2026-02-05 04:47:55
TXN-00003403,ACC-000076,MER-00046,IDEMP-00003403,USD,2018,COMPLETED,2026-01-16 05:47:34,2026-01-16 05:52:57
TXN-00003404,ACC-000117,MER-00006,IDEMP-00003404,SGD,9621,COMPLETED,2026-02-28 15:13:48,2026-02-28 15:16:19
TXN-00003405,ACC-000074,MER-00040,IDEMP-00003405,THB,23172,DECLINED,2026-01-08 22:10:17,2026-01-08 22:16:38
TXN-00003406,ACC-000376,MER-00012,IDEMP-00003406,THB,16446,COMPLETED,2026-01-16 09:02:51,2026-01-16 09:04:47
TXN-00003407,ACC-000341,MER-00009,IDEMP-00003407,THB,8781,COMPLETED,2026-02-09 18:52:48,2026-02-09 18:55:26
TXN-00003408,ACC-000225,MER-00062,IDEMP-00003408,USD,11683,COMPLETED,2026-02-09 00:25:56,2026-02-09 00:27:36
TXN-00003409,ACC-000167,MER-00039,IDEMP-00003409,THB,3021,COMPLETED,2026-03-01 04:01:27,2026-03-01 04:08:59
TXN-00003410,ACC-000089,MER-00079,IDEMP-00003410,USD,5900,COMPLETED,2026-01-24 04:23:38,2026-01-24 04:30:23
TXN-00003411,ACC-000247,MER-00031,IDEMP-00003411,USD,1813,COMPLETED,2026-01-04 22:13:11,2026-01-04 22:13:24
TXN-00003412,ACC-000124,MER-00070,IDEMP-00003412,USD,4308,COMPLETED,2026-01-09 09:12:14,2026-01-09 09:20:08
TXN-00003413,ACC-000140,MER-00018,IDEMP-00003413,SGD,1812,COMPLETED,2026-01-01 02:24:18,2026-01-01 02:27:30
TXN-00003414,ACC-000370,MER-00072,IDEMP-00003414,THB,4429,PENDING,2026-01-06 01:09:12,
TXN-00003415,ACC-000183,MER-00042,IDEMP-00003415,SGD,20261,COMPLETED,2026-01-03 11:52:23,2026-01-03 12:01:06
TXN-00003416,ACC-000364,MER-00065,IDEMP-00003416,THB,3304,COMPLETED,2026-01-02 07:46:06,2026-01-02 07:52:44
TXN-00003417,ACC-000075,MER-00035,IDEMP-00003417,SGD,1397,COMPLETED,2026-02-09 23:16:33,2026-02-09 23:24:33
TXN-00003418,ACC-000273,MER-00018,IDEMP-00003418,THB,8024,COMPLETED,2026-02-23 12:26:59,2026-02-23 12:28:37
TXN-00003419,ACC-000315,MER-00064,IDEMP-00003419,THB,5006,COMPLETED,2026-01-16 07:37:58,2026-01-16 07:45:36
TXN-00003420,ACC-000324,MER-00029,IDEMP-00003420,THB,8917,COMPLETED,2026-02-20 15:01:11,2026-02-20 15:08:47
TXN-00003421,ACC-000082,MER-00074,IDEMP-00003421,USD,4471,COMPLETED,2026-01-17 10:09:11,2026-01-17 10:14:52
TXN-00003422,ACC-000389,MER-00035,IDEMP-00003422,THB,5773,COMPLETED,2026-02-17 15:44:34,2026-02-17 15:48:31
TXN-00003423,ACC-000052,MER-00059,IDEMP-00003423,SGD,21794,COMPLETED,2026-01-25 11:10:00,2026-01-25 11:16:10
TXN-00003424,ACC-000324,MER-00043,IDEMP-00003424,THB,5437,COMPLETED,2026-02-22 00:05:56,2026-02-22 00:15:44
TXN-00003425,ACC-000032,MER-00009,IDEMP-00003425,SGD,2378,COMPLETED,2026-02-05 17:38:18,2026-02-05 17:46:11
TXN-00003426,ACC-000278,MER-00045,IDEMP-00003426,USD,5945,COMPLETED,2026-01-13 00:14:44,2026-01-13 00:24:43
TXN-00003427,ACC-000149,MER-00001,IDEMP-00003427,THB,8296,COMPLETED,2026-01-03 02:47:51,2026-01-03 02:57:10
TXN-00003428,ACC-000126,MER-00020,IDEMP-00003428,SGD,22824,DECLINED,2026-01-26 21:11:38,2026-01-26 21:16:48
TXN-00003429,ACC-000079,MER-00076,IDEMP-00003429,SGD,5184,COMPLETED,2026-01-05 23:41:50,2026-01-05 23:45:09
TXN-00003430,ACC-000359,MER-00034,IDEMP-00003430,THB,11848,COMPLETED,2026-02-01 07:56:25,2026-02-01 08:02:11
TXN-00003431,ACC-000348,MER-00042,IDEMP-00003431,SGD,9806,COMPLETED,2026-01-17 22:29:53,2026-01-17 22:30:02
TXN-00003432,ACC-000047,MER-00043,IDEMP-00003432,THB,12159,COMPLETED,2026-02-09 23:53:34,2026-02-10 00:01:52
TXN-00003433,ACC-000235,MER-00074,IDEMP-00003433,THB,5607,COMPLETED,2026-02-24 01:24:01,2026-02-24 01:26:09
TXN-00003434,ACC-000359,MER-00005,IDEMP-00003434,THB,4266,COMPLETED,2026-01-20 02:06:34,2026-01-20 02:09:23
TXN-00003435,ACC-000026,MER-00056,IDEMP-00003435,USD,2086,COMPLETED,2026-01-18 16:48:37,2026-01-18 16:53:00
TXN-00003436,ACC-000147,MER-00065,IDEMP-00003436,USD,11230,COMPLETED,2026-02-04 11:02:42,2026-02-04 11:12:03
TXN-00003437,ACC-000043,MER-00072,IDEMP-00003437,SGD,10343,COMPLETED,2026-01-28 12:29:56,2026-01-28 12:33:08
TXN-00003438,ACC-000184,MER-00030,IDEMP-00003438,SGD,809,COMPLETED,2026-01-13 17:17:17,2026-01-13 17:25:26
TXN-00003439,ACC-000174,MER-00033,IDEMP-00003439,SGD,7698,COMPLETED,2026-01-16 04:38:56,2026-01-16 04:41:21
TXN-00003440,ACC-000056,MER-00062,IDEMP-00003440,USD,2298,COMPLETED,2026-02-16 12:57:41,2026-02-16 12:59:23
TXN-00003441,ACC-000001,MER-00036,IDEMP-00003441,THB,1017,COMPLETED,2026-02-10 10:16:24,2026-02-10 10:23:14
TXN-00003442,ACC-000213,MER-00007,IDEMP-00003442,THB,3103,PENDING,2026-02-13 22:49:23,
TXN-00003443,ACC-000092,MER-00051,IDEMP-00003443,SGD,1506,COMPLETED,2026-02-10 14:33:45,2026-02-10 14:42:52
TXN-00003444,ACC-000084,MER-00069,IDEMP-00003444,USD,4581,COMPLETED,2026-01-29 01:22:40,2026-01-29 01:25:26
TXN-00003445,ACC-000253,MER-00051,IDEMP-00003445,SGD,1060,COMPLETED,2026-01-05 02:09:37,2026-01-05 02:19:08
TXN-00003446,ACC-000271,MER-00023,IDEMP-00003446,SGD,1000,COMPLETED,2026-01-09 02:43:57,2026-01-09 02:46:31
TXN-00003447,ACC-000040,MER-00056,IDEMP-00003447,USD,27727,COMPLETED,2026-01-30 21:42:32,2026-01-30 21:46:59
TXN-00003448,ACC-000144,MER-00009,IDEMP-00003448,SGD,2250,COMPLETED,2026-02-21 16:10:00,2026-02-21 16:19:03
TXN-00003449,ACC-000381,MER-00037,IDEMP-00003449,USD,4775,COMPLETED,2026-01-21 14:36:38,2026-01-21 14:45:11
TXN-00003450,ACC-000175,MER-00065,IDEMP-00003450,USD,5249,COMPLETED,2026-02-28 11:07:56,2026-02-28 11:10:21
TXN-00003451,ACC-000361,MER-00051,IDEMP-00003451,USD,3489,COMPLETED,2026-02-10 17:45:53,2026-02-10 17:54:28
TXN-00003452,ACC-000012,MER-00043,IDEMP-00003452,SGD,27006,COMPLETED,2026-01-02 10:55:44,2026-01-02 11:03:56
TXN-00003453,ACC-000120,MER-00069,IDEMP-00003453,THB,4602,PENDING,2026-01-13 19:52:54,
TXN-00003454,ACC-000187,MER-00022,IDEMP-00003454,SGD,4574,COMPLETED,2026-02-15 08:03:42,2026-02-15 08:04:12
TXN-00003455,ACC-000082,MER-00030,IDEMP-00003455,USD,3127,CANCELLED,2026-03-01 05:52:04,2026-03-01 05:55:40
TXN-00003456,ACC-000052,MER-00021,IDEMP-00003456,SGD,4986,COMPLETED,2026-02-11 11:06:59,2026-02-11 11:11:30
TXN-00003457,ACC-000077,MER-00043,IDEMP-00003457,SGD,4484,COMPLETED,2026-02-10 21:18:07,2026-02-10 21:27:23
TXN-00003458,ACC-000177,MER-00007,IDEMP-00003458,USD,4615,PENDING,2026-01-23 20:31:56,
TXN-00003459,ACC-000099,MER-00073,IDEMP-00003459,SGD,1381,COMPLETED,2026-02-03 18:33:49,2026-02-03 18:40:53
TXN-00003460,ACC-000220,MER-00034,IDEMP-00003460,SGD,8725,COMPLETED,2026-01-30 02:38:22,2026-01-30 02:43:09
TXN-00003461,ACC-000085,MER-00077,IDEMP-00003461,USD,2292,COMPLETED,2026-01-22 20:08:13,2026-01-22 20:12:46
TXN-00003462,ACC-000051,MER-00001,IDEMP-00003462,USD,10200,COMPLETED,2026-02-04 04:33:00,2026-02-04 04:35:57
TXN-00003463,ACC-000272,MER-00009,IDEMP-00003463,THB,512,CANCELLED,2026-02-15 06:20:44,2026-02-15 06:28:16
TXN-00003464,ACC-000307,MER-00041,IDEMP-00003464,THB,6542,COMPLETED,2026-02-15 15:51:40,2026-02-15 15:53:33
TXN-00003465,ACC-000412,MER-00060,IDEMP-00003465,THB,3494,COMPLETED,2026-02-15 09:04:30,2026-02-15 09:12:56
TXN-00003466,ACC-000365,MER-00036,IDEMP-00003466,USD,16171,COMPLETED,2026-02-28 11:00:43,2026-02-28 11:09:42
TXN-00003467,ACC-000036,MER-00005,IDEMP-00003467,SGD,7994,COMPLETED,2026-01-18 21:22:01,2026-01-18 21:26:20
TXN-00003468,ACC-000125,MER-00021,IDEMP-00003468,USD,7403,PENDING,2026-01-27 11:56:51,
TXN-00003469,ACC-000158,MER-00009,IDEMP-00003469,USD,10140,COMPLETED,2026-02-21 23:36:43,2026-02-21 23:39:10
TXN-00003470,ACC-000447,MER-00062,IDEMP-00003470,SGD,42500,COMPLETED,2026-02-06 18:26:35,2026-02-06 18:33:45
TXN-00003471,ACC-000300,MER-00076,IDEMP-00003471,THB,25353,DECLINED,2026-01-22 08:58:11,2026-01-22 09:05:07
TXN-00003472,ACC-000137,MER-00014,IDEMP-00003472,SGD,17593,COMPLETED,2026-02-03 22:43:01,2026-02-03 22:48:03
TXN-00003473,ACC-000149,MER-00014,IDEMP-00003473,THB,3307,COMPLETED,2026-01-17 11:43:15,2026-01-17 11:50:22
TXN-00003474,ACC-000438,MER-00050,IDEMP-00003474,USD,7037,COMPLETED,2026-01-24 21:33:18,2026-01-24 21:34:37
TXN-00003475,ACC-000338,MER-00055,IDEMP-00003475,THB,4484,COMPLETED,2026-02-25 01:18:03,2026-02-25 01:23:47
TXN-00003476,ACC-000429,MER-00044,IDEMP-00003476,USD,12466,DECLINED,2026-02-23 21:53:46,2026-02-23 22:01:47
TXN-00003477,ACC-000130,MER-00048,IDEMP-00003477,SGD,10543,COMPLETED,2026-01-17 20:24:57,2026-01-17 20:34:25
TXN-00003478,ACC-000394,MER-00009,IDEMP-00003478,SGD,13914,COMPLETED,2026-02-08 15:24:38,2026-02-08 15:24:52
TXN-00003479,ACC-000075,MER-00036,IDEMP-00003479,SGD,19901,DECLINED,2026-02-17 12:51:29,2026-02-17 12:52:03
TXN-00003480,ACC-000089,MER-00051,IDEMP-00003480,USD,4264,COMPLETED,2026-02-24 22:01:57,2026-02-24 22:04:43
TXN-00003481,ACC-000212,MER-00035,IDEMP-00003481,THB,39262,COMPLETED,2026-01-08 08:40:30,2026-01-08 08:41:38
TXN-00003482,ACC-000210,MER-00031,IDEMP-00003482,USD,675,PENDING,2026-01-06 08:59:14,
TXN-00003483,ACC-000392,MER-00002,IDEMP-00003483,SGD,4475,COMPLETED,2026-01-29 09:24:41,2026-01-29 09:31:44
TXN-00003484,ACC-000093,MER-00017,IDEMP-00003484,SGD,10718,COMPLETED,2026-01-19 11:27:44,2026-01-19 11:32:14
TXN-00003485,ACC-000440,MER-00033,IDEMP-00003485,SGD,10403,COMPLETED,2026-01-04 01:50:12,2026-01-04 01:57:00
TXN-00003486,ACC-000373,MER-00078,IDEMP-00003486,SGD,2120,COMPLETED,2026-01-08 16:44:06,2026-01-08 16:45:15
TXN-00003487,ACC-000392,MER-00062,IDEMP-00003487,SGD,6577,COMPLETED,2026-01-20 14:42:27,2026-01-20 14:51:34
TXN-00003488,ACC-000115,MER-00061,IDEMP-00003488,USD,698,COMPLETED,2026-01-19 10:44:13,2026-01-19 10:47:46
TXN-00003489,ACC-000447,MER-00040,IDEMP-00003489,SGD,2327,COMPLETED,2026-02-27 09:13:32,2026-02-27 09:16:30
TXN-00003490,ACC-000254,MER-00047,IDEMP-00003490,USD,3892,COMPLETED,2026-01-11 21:55:21,2026-01-11 22:00:09
TXN-00003491,ACC-000057,MER-00048,IDEMP-00003491,THB,6145,COMPLETED,2026-02-02 21:32:53,2026-02-02 21:33:23
TXN-00003492,ACC-000414,MER-00002,IDEMP-00003492,USD,16494,COMPLETED,2026-02-13 13:32:55,2026-02-13 13:41:51
TXN-00003493,ACC-000448,MER-00057,IDEMP-00003493,USD,8484,PENDING,2026-01-27 17:39:46,
TXN-00003494,ACC-000442,MER-00061,IDEMP-00003494,SGD,2494,COMPLETED,2026-01-19 01:17:04,2026-01-19 01:22:59
TXN-00003495,ACC-000197,MER-00032,IDEMP-00003495,USD,1643,CANCELLED,2026-02-07 19:16:16,2026-02-07 19:21:01
TXN-00003496,ACC-000012,MER-00009,IDEMP-00003496,SGD,91456,COMPLETED,2026-01-02 18:07:38,2026-01-02 18:14:34
TXN-00003497,ACC-000161,MER-00038,IDEMP-00003497,USD,5328,COMPLETED,2026-01-29 22:41:38,2026-01-29 22:46:42
TXN-00003498,ACC-000156,MER-00048,IDEMP-00003498,USD,1622,COMPLETED,2026-02-18 03:47:12,2026-02-18 03:56:54
TXN-00003499,ACC-000287,MER-00056,IDEMP-00003499,USD,17264,DECLINED,2026-01-28 16:59:11,2026-01-28 17:06:45
TXN-00003500,ACC-000304,MER-00027,IDEMP-00003500,SGD,15458,COMPLETED,2026-01-15 19:43:40,2026-01-15 19:45:34
TXN-00003501,ACC-000099,MER-00029,IDEMP-00003501,SGD,16266,COMPLETED,2026-01-25 22:23:50,2026-01-25 22:29:55
TXN-00003502,ACC-000129,MER-00070,IDEMP-00003502,SGD,1239,COMPLETED,2026-01-01 12:28:08,2026-01-01 12:30:54
TXN-00003503,ACC-000193,MER-00063,IDEMP-00003503,USD,498,COMPLETED,2026-01-15 14:20:51,2026-01-15 14:23:06
TXN-00003504,ACC-000237,MER-00006,IDEMP-00003504,USD,1949,CANCELLED,2026-01-29 12:05:23,2026-01-29 12:09:43
TXN-00003505,ACC-000380,MER-00022,IDEMP-00003505,SGD,13296,COMPLETED,2026-02-06 02:53:05,2026-02-06 02:55:39
TXN-00003506,ACC-000036,MER-00051,IDEMP-00003506,SGD,1887,COMPLETED,2026-01-01 16:22:57,2026-01-01 16:23:57
TXN-00003507,ACC-000356,MER-00060,IDEMP-00003507,SGD,14251,PENDING,2026-01-28 16:57:05,
TXN-00003508,ACC-000020,MER-00001,IDEMP-00003508,THB,2428,COMPLETED,2026-02-26 02:35:08,2026-02-26 02:36:34
TXN-00003509,ACC-000287,MER-00054,IDEMP-00003509,USD,2162,COMPLETED,2026-02-22 12:50:14,2026-02-22 12:51:37
TXN-00003510,ACC-000033,MER-00066,IDEMP-00003510,USD,8883,COMPLETED,2026-02-15 23:02:15,2026-02-15 23:08:39
TXN-00003511,ACC-000419,MER-00047,IDEMP-00003511,SGD,4694,COMPLETED,2026-01-20 09:51:25,2026-01-20 09:53:22
TXN-00003512,ACC-000084,MER-00027,IDEMP-00003512,USD,7694,COMPLETED,2026-02-18 14:47:36,2026-02-18 14:51:09
TXN-00003513,ACC-000321,MER-00056,IDEMP-00003513,THB,1298,COMPLETED,2026-02-02 19:14:18,2026-02-02 19:21:09
TXN-00003514,ACC-000437,MER-00079,IDEMP-00003514,THB,2670,COMPLETED,2026-01-28 02:36:11,2026-01-28 02:40:15
TXN-00003515,ACC-000285,MER-00015,IDEMP-00003515,SGD,6973,COMPLETED,2026-02-21 19:08:27,2026-02-21 19:08:53
TXN-00003516,ACC-000120,MER-00025,IDEMP-00003516,THB,7827,DECLINED,2026-01-27 04:35:22,2026-01-27 04:43:10
TXN-00003517,ACC-000388,MER-00046,IDEMP-00003517,USD,2983,COMPLETED,2026-02-17 12:39:12,2026-02-17 12:47:42
TXN-00003518,ACC-000208,MER-00008,IDEMP-00003518,USD,62330,CANCELLED,2026-02-10 13:54:59,2026-02-10 14:04:39
TXN-00003519,ACC-000219,MER-00080,IDEMP-00003519,SGD,1502,COMPLETED,2026-01-20 12:47:18,2026-01-20 12:47:54
TXN-00003520,ACC-000321,MER-00043,IDEMP-00003520,THB,7306,COMPLETED,2026-03-01 14:22:13,2026-03-01 14:31:48
TXN-00003521,ACC-000035,MER-00058,IDEMP-00003521,THB,1974,COMPLETED,2026-01-23 08:09:32,2026-01-23 08:11:38
TXN-00003522,ACC-000156,MER-00024,IDEMP-00003522,USD,45533,COMPLETED,2026-02-12 17:16:17,2026-02-12 17:23:52
TXN-00003523,ACC-000107,MER-00029,IDEMP-00003523,SGD,4167,COMPLETED,2026-02-16 23:38:05,2026-02-16 23:42:59
TXN-00003524,ACC-000211,MER-00021,IDEMP-00003524,USD,12963,PENDING,2026-02-25 16:52:41,
TXN-00003525,ACC-000129,MER-00003,IDEMP-00003525,SGD,1798,COMPLETED,2026-02-26 03:48:11,2026-02-26 03:51:15
TXN-00003526,ACC-000350,MER-00029,IDEMP-00003526,THB,3762,COMPLETED,2026-02-28 19:19:04,2026-02-28 19:27:37
TXN-00003527,ACC-000394,MER-00015,IDEMP-00003527,SGD,1240,COMPLETED,2026-02-24 10:57:32,2026-02-24 11:04:35
TXN-00003528,ACC-000033,MER-00034,IDEMP-00003528,USD,2028,COMPLETED,2026-01-09 10:41:22,2026-01-09 10:42:59
TXN-00003529,ACC-000065,MER-00073,IDEMP-00003529,THB,2215,COMPLETED,2026-01-14 19:37:38,2026-01-14 19:38:47
TXN-00003530,ACC-000347,MER-00058,IDEMP-00003530,USD,2626,COMPLETED,2026-02-03 06:59:06,2026-02-03 07:08:39
TXN-00003531,ACC-000017,MER-00065,IDEMP-00003531,USD,17086,COMPLETED,2026-02-15 14:56:27,2026-02-15 14:59:07
TXN-00003532,ACC-000239,MER-00014,IDEMP-00003532,USD,2157,COMPLETED,2026-02-04 21:23:53,2026-02-04 21:33:51
TXN-00003533,ACC-000161,MER-00024,IDEMP-00003533,USD,8761,COMPLETED,2026-02-19 15:27:21,2026-02-19 15:29:28
TXN-00003534,ACC-000003,MER-00019,IDEMP-00003534,THB,1012,PENDING,2026-01-29 22:54:53,
TXN-00003535,ACC-000379,MER-00079,IDEMP-00003535,USD,2666,COMPLETED,2026-02-21 17:02:57,2026-02-21 17:05:10
TXN-00003536,ACC-000204,MER-00019,IDEMP-00003536,THB,1927,CANCELLED,2026-02-11 21:56:26,2026-02-11 22:05:55
TXN-00003537,ACC-000084,MER-00069,IDEMP-00003537,USD,5011,COMPLETED,2026-02-03 02:57:34,2026-02-03 03:03:40
TXN-00003538,ACC-000417,MER-00026,IDEMP-00003538,USD,1703,COMPLETED,2026-01-15 05:14:43,2026-01-15 05:23:59
TXN-00003539,ACC-000111,MER-00040,IDEMP-00003539,SGD,708,COMPLETED,2026-02-20 11:48:08,2026-02-20 11:53:57
TXN-00003540,ACC-000156,MER-00027,IDEMP-00003540,USD,27287,COMPLETED,2026-02-05 23:22:45,2026-02-05 23:30:49
TXN-00003541,ACC-000143,MER-00029,IDEMP-00003541,SGD,6687,COMPLETED,2026-01-26 19:35:52,2026-01-26 19:39:27
TXN-00003542,ACC-000012,MER-00053,IDEMP-00003542,SGD,29554,DECLINED,2026-01-09 22:27:02,2026-01-09 22:29:03
TXN-00003543,ACC-000224,MER-00040,IDEMP-00003543,THB,7820,DECLINED,2026-02-05 10:45:52,2026-02-05 10:50:04
TXN-00003544,ACC-000419,MER-00046,IDEMP-00003544,SGD,7386,COMPLETED,2026-02-23 15:34:40,2026-02-23 15:42:24
TXN-00003545,ACC-000187,MER-00020,IDEMP-00003545,SGD,4747,COMPLETED,2026-01-03 02:21:08,2026-01-03 02:24:09
TXN-00003546,ACC-000355,MER-00032,IDEMP-00003546,USD,18102,COMPLETED,2026-01-09 13:47:32,2026-01-09 13:53:50
TXN-00003547,ACC-000317,MER-00022,IDEMP-00003547,USD,10133,COMPLETED,2026-02-11 09:32:10,2026-02-11 09:36:01
TXN-00003548,ACC-000159,MER-00065,IDEMP-00003548,USD,6362,COMPLETED,2026-02-26 15:23:49,2026-02-26 15:25:00
TXN-00003549,ACC-000144,MER-00018,IDEMP-00003549,SGD,1208,COMPLETED,2026-01-16 03:07:20,2026-01-16 03:09:59
TXN-00003550,ACC-000122,MER-00053,IDEMP-00003550,THB,4763,COMPLETED,2026-02-27 05:27:32,2026-02-27 05:27:51
TXN-00003551,ACC-000332,MER-00072,IDEMP-00003551,THB,6672,COMPLETED,2026-02-12 16:33:43,2026-02-12 16:34:54
TXN-00003552,ACC-000252,MER-00052,IDEMP-00003552,SGD,3470,CANCELLED,2026-02-05 10:11:09,2026-02-05 10:17:45
TXN-00003553,ACC-000099,MER-00078,IDEMP-00003553,SGD,1744,COMPLETED,2026-01-28 00:44:10,2026-01-28 00:52:58
TXN-00003554,ACC-000196,MER-00034,IDEMP-00003554,THB,9141,COMPLETED,2026-01-31 16:12:52,2026-01-31 16:18:49
TXN-00003555,ACC-000298,MER-00018,IDEMP-00003555,SGD,639,DECLINED,2026-01-07 18:36:14,2026-01-07 18:43:41
TXN-00003556,ACC-000066,MER-00054,IDEMP-00003556,SGD,10107,COMPLETED,2026-02-18 01:51:22,2026-02-18 01:55:25
TXN-00003557,ACC-000273,MER-00011,IDEMP-00003557,THB,22725,COMPLETED,2026-01-28 12:34:56,2026-01-28 12:35:25
TXN-00003558,ACC-000193,MER-00035,IDEMP-00003558,USD,1992,COMPLETED,2026-01-06 17:02:20,2026-01-06 17:10:52
TXN-00003559,ACC-000305,MER-00030,IDEMP-00003559,THB,7481,COMPLETED,2026-01-14 10:38:53,2026-01-14 10:43:24
TXN-00003560,ACC-000306,MER-00029,IDEMP-00003560,SGD,19302,COMPLETED,2026-01-27 21:31:01,2026-01-27 21:34:12
TXN-00003561,ACC-000256,MER-00038,IDEMP-00003561,THB,9267,COMPLETED,2026-02-01 22:47:43,2026-02-01 22:49:56
TXN-00003562,ACC-000435,MER-00052,IDEMP-00003562,SGD,1870,COMPLETED,2026-02-28 08:26:11,2026-02-28 08:33:10
TXN-00003563,ACC-000134,MER-00073,IDEMP-00003563,THB,2145,DECLINED,2026-02-09 05:08:38,2026-02-09 05:16:09
TXN-00003564,ACC-000019,MER-00019,IDEMP-00003564,SGD,906,COMPLETED,2026-01-03 01:40:08,2026-01-03 01:46:37
TXN-00003565,ACC-000112,MER-00010,IDEMP-00003565,SGD,8883,PENDING,2026-01-21 02:45:00,
TXN-00003566,ACC-000013,MER-00078,IDEMP-00003566,THB,2444,COMPLETED,2026-01-17 13:02:25,2026-01-17 13:07:45
TXN-00003567,ACC-000276,MER-00049,IDEMP-00003567,USD,3893,PENDING,2026-01-02 11:51:09,
TXN-00003568,ACC-000108,MER-00030,IDEMP-00003568,USD,6706,COMPLETED,2026-02-22 17:41:34,2026-02-22 17:45:41
TXN-00003569,ACC-000206,MER-00015,IDEMP-00003569,SGD,2778,COMPLETED,2026-02-22 22:01:21,2026-02-22 22:01:30
TXN-00003570,ACC-000368,MER-00060,IDEMP-00003570,THB,1842,DECLINED,2026-02-16 17:25:08,2026-02-16 17:30:18
TXN-00003571,ACC-000450,MER-00052,IDEMP-00003571,SGD,6127,COMPLETED,2026-02-07 14:09:05,2026-02-07 14:16:07
TXN-00003572,ACC-000361,MER-00078,IDEMP-00003572,USD,1288,COMPLETED,2026-02-15 09:07:13,2026-02-15 09:14:39
TXN-00003573,ACC-000306,MER-00071,IDEMP-00003573,SGD,6208,COMPLETED,2026-01-18 06:36:01,2026-01-18 06:39:57
TXN-00003574,ACC-000151,MER-00018,IDEMP-00003574,USD,2075,PENDING,2026-01-15 05:38:25,
TXN-00003575,ACC-000369,MER-00014,IDEMP-00003575,USD,6846,COMPLETED,2026-01-07 05:07:08,2026-01-07 05:13:32
TXN-00003576,ACC-000295,MER-00037,IDEMP-00003576,THB,2433,COMPLETED,2026-02-10 15:24:36,2026-02-10 15:26:35
TXN-00003577,ACC-000076,MER-00067,IDEMP-00003577,USD,3985,COMPLETED,2026-02-27 23:42:48,2026-02-27 23:52:21
TXN-00003578,ACC-000400,MER-00040,IDEMP-00003578,SGD,1431,COMPLETED,2026-02-22 06:30:36,2026-02-22 06:40:05
TXN-00003579,ACC-000433,MER-00071,IDEMP-00003579,SGD,10390,COMPLETED,2026-02-19 12:01:00,2026-02-19 12:10:49
TXN-00003580,ACC-000295,MER-00038,IDEMP-00003580,THB,8383,COMPLETED,2026-02-17 13:01:22,2026-02-17 13:03:15
TXN-00003581,ACC-000020,MER-00029,IDEMP-00003581,THB,3996,COMPLETED,2026-02-24 12:17:24,2026-02-24 12:25:55
TXN-00003582,ACC-000188,MER-00072,IDEMP-00003582,SGD,5323,COMPLETED,2026-02-26 13:23:44,2026-02-26 13:25:21
TXN-00003583,ACC-000215,MER-00062,IDEMP-00003583,THB,3430,COMPLETED,2026-02-18 02:08:07,2026-02-18 02:13:17
TXN-00003584,ACC-000274,MER-00079,IDEMP-00003584,USD,2888,COMPLETED,2026-01-17 11:38:05,2026-01-17 11:39:13
TXN-00003585,ACC-000048,MER-00026,IDEMP-00003585,THB,5861,COMPLETED,2026-02-22 01:16:11,2026-02-22 01:23:35
TXN-00003586,ACC-000202,MER-00040,IDEMP-00003586,USD,7659,COMPLETED,2026-01-23 10:46:50,2026-01-23 10:56:34
TXN-00003587,ACC-000217,MER-00049,IDEMP-00003587,SGD,6179,COMPLETED,2026-02-13 23:41:28,2026-02-13 23:42:20
TXN-00003588,ACC-000076,MER-00037,IDEMP-00003588,USD,2521,COMPLETED,2026-01-22 19:23:47,2026-01-22 19:32:53
TXN-00003589,ACC-000004,MER-00034,IDEMP-00003589,THB,694,COMPLETED,2026-02-12 13:53:12,2026-02-12 13:55:05
TXN-00003590,ACC-000108,MER-00047,IDEMP-00003590,USD,1578,COMPLETED,2026-03-01 00:36:20,2026-03-01 00:40:47
TXN-00003591,ACC-000385,MER-00022,IDEMP-00003591,THB,6045,COMPLETED,2026-02-22 01:00:09,2026-02-22 01:07:56
TXN-00003592,ACC-000446,MER-00054,IDEMP-00003592,THB,9560,COMPLETED,2026-01-28 16:40:14,2026-01-28 16:49:37
TXN-00003593,ACC-000255,MER-00042,IDEMP-00003593,SGD,3009,COMPLETED,2026-01-11 00:58:30,2026-01-11 01:00:10
TXN-00003594,ACC-000030,MER-00047,IDEMP-00003594,SGD,8539,COMPLETED,2026-01-23 13:30:07,2026-01-23 13:34:10
TXN-00003595,ACC-000399,MER-00010,IDEMP-00003595,USD,14226,PENDING,2026-01-15 13:59:10,
TXN-00003596,ACC-000219,MER-00044,IDEMP-00003596,SGD,5004,COMPLETED,2026-02-14 10:24:06,2026-02-14 10:32:12
TXN-00003597,ACC-000305,MER-00014,IDEMP-00003597,THB,4784,COMPLETED,2026-01-13 15:41:24,2026-01-13 15:44:54
TXN-00003598,ACC-000446,MER-00020,IDEMP-00003598,THB,12101,COMPLETED,2026-02-10 21:14:15,2026-02-10 21:18:07
TXN-00003599,ACC-000305,MER-00026,IDEMP-00003599,THB,241,PENDING,2026-02-25 14:43:31,
TXN-00003600,ACC-000381,MER-00071,IDEMP-00003600,USD,9455,COMPLETED,2026-01-15 03:59:54,2026-01-15 04:08:17
TXN-00003601,ACC-000146,MER-00005,IDEMP-00003601,USD,14219,COMPLETED,2026-01-01 11:42:03,2026-01-01 11:50:35
TXN-00003602,ACC-000089,MER-00030,IDEMP-00003602,USD,10445,COMPLETED,2026-02-09 18:40:13,2026-02-09 18:44:56
TXN-00003603,ACC-000279,MER-00040,IDEMP-00003603,SGD,2216,COMPLETED,2026-02-12 05:33:28,2026-02-12 05:36:01
TXN-00003604,ACC-000414,MER-00005,IDEMP-00003604,USD,10709,COMPLETED,2026-01-23 07:28:32,2026-01-23 07:34:11
TXN-00003605,ACC-000199,MER-00026,IDEMP-00003605,USD,5899,COMPLETED,2026-02-14 02:27:29,2026-02-14 02:36:19
TXN-00003606,ACC-000107,MER-00006,IDEMP-00003606,SGD,864,COMPLETED,2026-01-17 16:59:47,2026-01-17 17:05:30
TXN-00003607,ACC-000290,MER-00014,IDEMP-00003607,USD,33642,COMPLETED,2026-01-05 08:41:46,2026-01-05 08:44:03
TXN-00003608,ACC-000010,MER-00013,IDEMP-00003608,USD,14652,DECLINED,2026-02-01 08:48:53,2026-02-01 08:57:36
TXN-00003609,ACC-000154,MER-00062,IDEMP-00003609,THB,2416,COMPLETED,2026-02-26 19:20:37,2026-02-26 19:24:24
TXN-00003610,ACC-000046,MER-00075,IDEMP-00003610,SGD,1768,COMPLETED,2026-01-27 19:06:42,2026-01-27 19:11:35
TXN-00003611,ACC-000202,MER-00018,IDEMP-00003611,USD,2762,COMPLETED,2026-01-12 23:28:18,2026-01-12 23:30:29
TXN-00003612,ACC-000232,MER-00039,IDEMP-00003612,SGD,25525,COMPLETED,2026-01-24 19:19:50,2026-01-24 19:22:43
TXN-00003613,ACC-000189,MER-00036,IDEMP-00003613,SGD,2040,COMPLETED,2026-01-04 04:35:23,2026-01-04 04:39:04
TXN-00003614,ACC-000282,MER-00078,IDEMP-00003614,THB,2121,DECLINED,2026-01-10 06:22:07,2026-01-10 06:31:52
TXN-00003615,ACC-000141,MER-00030,IDEMP-00003615,USD,5170,PENDING,2026-02-02 20:11:40,
TXN-00003616,ACC-000368,MER-00048,IDEMP-00003616,THB,9694,PENDING,2026-01-29 21:18:57,
TXN-00003617,ACC-000217,MER-00022,IDEMP-00003617,SGD,19551,COMPLETED,2026-01-26 09:42:11,2026-01-26 09:51:25
TXN-00003618,ACC-000254,MER-00004,IDEMP-00003618,USD,13598,CANCELLED,2026-02-14 03:35:00,2026-02-14 03:38:06
TXN-00003619,ACC-000293,MER-00046,IDEMP-00003619,THB,4242,COMPLETED,2026-02-15 12:43:43,2026-02-15 12:47:08
TXN-00003620,ACC-000255,MER-00011,IDEMP-00003620,SGD,13088,COMPLETED,2026-02-12 09:47:39,2026-02-12 09:54:42
TXN-00003621,ACC-000351,MER-00003,IDEMP-00003621,USD,3751,COMPLETED,2026-01-05 23:57:41,2026-01-06 00:03:23
TXN-00003622,ACC-000152,MER-00020,IDEMP-00003622,THB,3069,PENDING,2026-01-03 22:46:32,
TXN-00003623,ACC-000106,MER-00044,IDEMP-00003623,SGD,8562,COMPLETED,2026-02-16 06:18:22,2026-02-16 06:20:32
TXN-00003624,ACC-000261,MER-00024,IDEMP-00003624,THB,17010,COMPLETED,2026-02-09 06:30:24,2026-02-09 06:36:48
TXN-00003625,ACC-000417,MER-00009,IDEMP-00003625,USD,5529,COMPLETED,2026-01-11 07:05:49,2026-01-11 07:13:07
TXN-00003626,ACC-000047,MER-00036,IDEMP-00003626,THB,1141,COMPLETED,2026-01-10 17:50:12,2026-01-10 17:53:47
TXN-00003627,ACC-000288,MER-00001,IDEMP-00003627,USD,46587,CANCELLED,2026-02-05 20:00:42,2026-02-05 20:02:43
TXN-00003628,ACC-000237,MER-00054,IDEMP-00003628,USD,8021,COMPLETED,2026-02-22 14:31:20,2026-02-22 14:34:25
TXN-00003629,ACC-000440,MER-00059,IDEMP-00003629,SGD,3173,COMPLETED,2026-01-04 06:11:56,2026-01-04 06:14:00
TXN-00003630,ACC-000431,MER-00077,IDEMP-00003630,SGD,17496,COMPLETED,2026-01-11 08:44:24,2026-01-11 08:50:06
TXN-00003631,ACC-000225,MER-00008,IDEMP-00003631,USD,4477,COMPLETED,2026-02-22 18:12:41,2026-02-22 18:20:43
TXN-00003632,ACC-000219,MER-00028,IDEMP-00003632,SGD,5424,COMPLETED,2026-01-13 23:00:15,2026-01-13 23:02:25
TXN-00003633,ACC-000292,MER-00076,IDEMP-00003633,THB,21484,COMPLETED,2026-01-22 07:15:36,2026-01-22 07:25:04
TXN-00003634,ACC-000269,MER-00006,IDEMP-00003634,SGD,11649,COMPLETED,2026-02-21 10:33:16,2026-02-21 10:38:55
TXN-00003635,ACC-000068,MER-00003,IDEMP-00003635,USD,2919,COMPLETED,2026-01-17 08:58:31,2026-01-17 09:02:50
TXN-00003636,ACC-000070,MER-00076,IDEMP-00003636,THB,5276,COMPLETED,2026-01-13 20:36:02,2026-01-13 20:39:31
TXN-00003637,ACC-000225,MER-00001,IDEMP-00003637,USD,5545,COMPLETED,2026-02-09 08:45:17,2026-02-09 08:47:37
TXN-00003638,ACC-000441,MER-00061,IDEMP-00003638,SGD,461,DECLINED,2026-02-13 03:26:17,2026-02-13 03:34:38
TXN-00003639,ACC-000194,MER-00034,IDEMP-00003639,SGD,1753,COMPLETED,2026-01-02 00:43:40,2026-01-02 00:52:28
TXN-00003640,ACC-000384,MER-00019,IDEMP-00003640,USD,2600,COMPLETED,2026-01-27 16:40:01,2026-01-27 16:47:59
TXN-00003641,ACC-000106,MER-00040,IDEMP-00003641,SGD,3233,COMPLETED,2026-02-14 19:13:46,2026-02-14 19:22:29
TXN-00003642,ACC-000183,MER-00052,IDEMP-00003642,SGD,541,COMPLETED,2026-01-23 05:01:48,2026-01-23 05:04:48
TXN-00003643,ACC-000371,MER-00060,IDEMP-00003643,USD,15554,PENDING,2026-02-05 09:18:41,
TXN-00003644,ACC-000197,MER-00008,IDEMP-00003644,USD,1079,COMPLETED,2026-01-24 08:54:40,2026-01-24 09:02:35
TXN-00003645,ACC-000444,MER-00052,IDEMP-00003645,THB,6869,CANCELLED,2026-01-18 21:41:37,2026-01-18 21:50:54
TXN-00003646,ACC-000131,MER-00013,IDEMP-00003646,SGD,1718,COMPLETED,2026-01-31 22:05:29,2026-01-31 22:10:04
TXN-00003647,ACC-000134,MER-00003,IDEMP-00003647,THB,3354,COMPLETED,2026-01-24 01:41:12,2026-01-24 01:48:44
TXN-00003648,ACC-000233,MER-00073,IDEMP-00003648,USD,3713,DECLINED,2026-01-23 13:33:27,2026-01-23 13:36:28
TXN-00003649,ACC-000335,MER-00014,IDEMP-00003649,USD,29152,COMPLETED,2026-02-08 12:32:57,2026-02-08 12:39:39
TXN-00003650,ACC-000174,MER-00009,IDEMP-00003650,SGD,2291,CANCELLED,2026-01-19 13:43:23,2026-01-19 13:49:22
TXN-00003651,ACC-000437,MER-00033,IDEMP-00003651,THB,2899,COMPLETED,2026-01-13 04:21:05,2026-01-13 04:30:39
TXN-00003652,ACC-000144,MER-00011,IDEMP-00003652,SGD,1947,COMPLETED,2026-01-11 01:16:29,2026-01-11 01:23:27
TXN-00003653,ACC-000335,MER-00038,IDEMP-00003653,USD,7033,COMPLETED,2026-01-06 15:06:21,2026-01-06 15:11:36
TXN-00003654,ACC-000041,MER-00007,IDEMP-00003654,THB,5328,COMPLETED,2026-01-27 13:41:06,2026-01-27 13:44:45
TXN-00003655,ACC-000138,MER-00055,IDEMP-00003655,SGD,1514,COMPLETED,2026-02-28 13:09:45,2026-02-28 13:17:12
TXN-00003656,ACC-000343,MER-00040,IDEMP-00003656,THB,15842,COMPLETED,2026-01-24 23:34:58,2026-01-24 23:44:01
TXN-00003657,ACC-000376,MER-00035,IDEMP-00003657,THB,14349,DECLINED,2026-02-03 06:20:47,2026-02-03 06:30:33
TXN-00003658,ACC-000378,MER-00041,IDEMP-00003658,USD,3172,COMPLETED,2026-01-28 07:01:34,2026-01-28 07:03:11
TXN-00003659,ACC-000255,MER-00066,IDEMP-00003659,SGD,21208,COMPLETED,2026-03-01 07:36:16,2026-03-01 07:40:27
TXN-00003660,ACC-000080,MER-00049,IDEMP-00003660,USD,14895,COMPLETED,2026-02-10 23:23:28,2026-02-10 23:29:45
TXN-00003661,ACC-000442,MER-00018,IDEMP-00003661,SGD,3581,COMPLETED,2026-01-01 05:32:01,2026-01-01 05:36:19
TXN-00003662,ACC-000184,MER-00048,IDEMP-00003662,SGD,7672,CANCELLED,2026-02-15 10:21:36,2026-02-15 10:26:33
TXN-00003663,ACC-000369,MER-00032,IDEMP-00003663,USD,5005,COMPLETED,2026-01-26 11:16:51,2026-01-26 11:19:52
TXN-00003664,ACC-000423,MER-00064,IDEMP-00003664,USD,12534,COMPLETED,2026-01-16 17:27:16,2026-01-16 17:30:47
TXN-00003665,ACC-000270,MER-00050,IDEMP-00003665,SGD,43072,COMPLETED,2026-02-21 03:43:07,2026-02-21 03:52:56
TXN-00003666,ACC-000249,MER-00051,IDEMP-00003666,THB,9912,PENDING,2026-01-27 01:41:50,
TXN-00003667,ACC-000039,MER-00008,IDEMP-00003667,USD,12850,COMPLETED,2026-01-22 23:51:15,2026-01-23 00:00:05
TXN-00003668,ACC-000258,MER-00043,IDEMP-00003668,THB,10005,COMPLETED,2026-01-20 09:44:33,2026-01-20 09:52:54
TXN-00003669,ACC-000203,MER-00070,IDEMP-00003669,THB,8630,COMPLETED,2026-01-05 11:44:41,2026-01-05 11:53:51
TXN-00003670,ACC-000308,MER-00036,IDEMP-00003670,SGD,12123,COMPLETED,2026-02-04 02:52:50,2026-02-04 02:55:26
TXN-00003671,ACC-000215,MER-00059,IDEMP-00003671,THB,664,DECLINED,2026-02-03 15:01:21,2026-02-03 15:04:00
TXN-00003672,ACC-000303,MER-00006,IDEMP-00003672,SGD,5813,COMPLETED,2026-03-01 22:51:40,2026-03-01 22:52:22
TXN-00003673,ACC-000345,MER-00077,IDEMP-00003673,THB,8938,COMPLETED,2026-01-02 23:16:42,2026-01-02 23:23:15
TXN-00003674,ACC-000301,MER-00020,IDEMP-00003674,THB,4684,COMPLETED,2026-01-08 07:57:16,2026-01-08 07:58:01
TXN-00003675,ACC-000213,MER-00074,IDEMP-00003675,THB,11062,COMPLETED,2026-02-06 13:46:52,2026-02-06 13:48:39
TXN-00003676,ACC-000259,MER-00067,IDEMP-00003676,THB,2430,COMPLETED,2026-03-01 10:32:15,2026-03-01 10:37:57
TXN-00003677,ACC-000196,MER-00050,IDEMP-00003677,THB,14481,DECLINED,2026-01-17 22:04:56,2026-01-17 22:14:12
TXN-00003678,ACC-000054,MER-00050,IDEMP-00003678,USD,16747,COMPLETED,2026-02-21 18:37:10,2026-02-21 18:42:57
TXN-00003679,ACC-000315,MER-00041,IDEMP-00003679,THB,10097,COMPLETED,2026-02-06 10:47:51,2026-02-06 10:56:33
TXN-00003680,ACC-000045,MER-00054,IDEMP-00003680,THB,1069,COMPLETED,2026-01-03 14:35:36,2026-01-03 14:38:08
TXN-00003681,ACC-000086,MER-00043,IDEMP-00003681,SGD,5108,PENDING,2026-01-06 02:29:04,
TXN-00003682,ACC-000034,MER-00079,IDEMP-00003682,SGD,16902,PENDING,2026-02-14 22:28:27,
TXN-00003683,ACC-000270,MER-00008,IDEMP-00003683,SGD,4907,COMPLETED,2026-01-04 16:58:29,2026-01-04 17:08:21
TXN-00003684,ACC-000249,MER-00019,IDEMP-00003684,THB,5602,COMPLETED,2026-02-20 06:15:25,2026-02-20 06:25:00
TXN-00003685,ACC-000382,MER-00019,IDEMP-00003685,USD,14018,COMPLETED,2026-01-29 15:35:00,2026-01-29 15:44:48
TXN-00003686,ACC-000180,MER-00037,IDEMP-00003686,SGD,5101,COMPLETED,2026-02-05 07:55:26,2026-02-05 08:00:06
TXN-00003687,ACC-000093,MER-00037,IDEMP-00003687,SGD,2779,COMPLETED,2026-02-11 04:30:58,2026-02-11 04:35:24
TXN-00003688,ACC-000156,MER-00029,IDEMP-00003688,USD,5080,COMPLETED,2026-02-01 12:45:58,2026-02-01 12:54:06
TXN-00003689,ACC-000112,MER-00038,IDEMP-00003689,SGD,1548,COMPLETED,2026-01-02 10:10:50,2026-01-02 10:17:15
TXN-00003690,ACC-000226,MER-00010,IDEMP-00003690,THB,2406,COMPLETED,2026-01-30 20:38:09,2026-01-30 20:39:17
TXN-00003691,ACC-000299,MER-00011,IDEMP-00003691,THB,6178,COMPLETED,2026-02-17 09:08:15,2026-02-17 09:09:07
TXN-00003692,ACC-000115,MER-00059,IDEMP-00003692,USD,8967,COMPLETED,2026-01-06 08:58:54,2026-01-06 09:06:36
TXN-00003693,ACC-000447,MER-00061,IDEMP-00003693,SGD,16079,COMPLETED,2026-02-27 03:55:21,2026-02-27 04:02:03
TXN-00003694,ACC-000412,MER-00033,IDEMP-00003694,THB,20731,CANCELLED,2026-01-18 10:24:15,2026-01-18 10:33:26
TXN-00003695,ACC-000355,MER-00026,IDEMP-00003695,USD,9497,COMPLETED,2026-01-23 18:20:31,2026-01-23 18:29:32
TXN-00003696,ACC-000334,MER-00054,IDEMP-00003696,USD,7389,DECLINED,2026-01-28 01:53:27,2026-01-28 01:58:38
TXN-00003697,ACC-000213,MER-00040,IDEMP-00003697,THB,6782,COMPLETED,2026-01-02 21:33:20,2026-01-02 21:43:16
TXN-00003698,ACC-000320,MER-00017,IDEMP-00003698,USD,3755,COMPLETED,2026-01-28 14:12:00,2026-01-28 14:13:44
TXN-00003699,ACC-000216,MER-00005,IDEMP-00003699,USD,9836,COMPLETED,2026-02-23 16:20:45,2026-02-23 16:29:17
TXN-00003700,ACC-000292,MER-00057,IDEMP-00003700,THB,7975,PENDING,2026-02-19 10:56:22,
TXN-00003701,ACC-000055,MER-00032,IDEMP-00003701,THB,23324,COMPLETED,2026-01-27 11:02:18,2026-01-27 11:05:49
TXN-00003702,ACC-000364,MER-00046,IDEMP-00003702,THB,9356,COMPLETED,2026-02-26 23:33:57,2026-02-26 23:34:53
TXN-00003703,ACC-000212,MER-00071,IDEMP-00003703,THB,1684,DECLINED,2026-02-14 05:52:26,2026-02-14 06:00:57
TXN-00003704,ACC-000419,MER-00078,IDEMP-00003704,SGD,3649,COMPLETED,2026-02-12 02:28:42,2026-02-12 02:29:10
TXN-00003705,ACC-000243,MER-00059,IDEMP-00003705,SGD,3619,COMPLETED,2026-01-22 07:09:23,2026-01-22 07:12:31
TXN-00003706,ACC-000318,MER-00077,IDEMP-00003706,THB,2080,COMPLETED,2026-01-21 03:40:23,2026-01-21 03:45:19
TXN-00003707,ACC-000190,MER-00077,IDEMP-00003707,USD,38679,COMPLETED,2026-02-20 10:11:09,2026-02-20 10:19:40
TXN-00003708,ACC-000031,MER-00062,IDEMP-00003708,THB,2615,COMPLETED,2026-01-04 16:02:48,2026-01-04 16:06:17
TXN-00003709,ACC-000398,MER-00079,IDEMP-00003709,THB,6587,COMPLETED,2026-01-05 07:46:44,2026-01-05 07:47:14
TXN-00003710,ACC-000390,MER-00032,IDEMP-00003710,SGD,9641,COMPLETED,2026-01-16 08:00:21,2026-01-16 08:03:20
TXN-00003711,ACC-000096,MER-00015,IDEMP-00003711,SGD,21356,COMPLETED,2026-01-31 14:34:37,2026-01-31 14:43:28
TXN-00003712,ACC-000183,MER-00063,IDEMP-00003712,SGD,8481,COMPLETED,2026-02-27 14:31:30,2026-02-27 14:37:53
TXN-00003713,ACC-000421,MER-00025,IDEMP-00003713,SGD,3172,COMPLETED,2026-02-15 03:22:28,2026-02-15 03:26:29
TXN-00003714,ACC-000221,MER-00055,IDEMP-00003714,USD,9328,COMPLETED,2026-01-31 01:16:35,2026-01-31 01:18:31
TXN-00003715,ACC-000084,MER-00067,IDEMP-00003715,USD,3224,COMPLETED,2026-01-21 23:03:10,2026-01-21 23:08:12
TXN-00003716,ACC-000055,MER-00066,IDEMP-00003716,THB,2005,COMPLETED,2026-01-18 07:33:42,2026-01-18 07:35:47
TXN-00003717,ACC-000287,MER-00053,IDEMP-00003717,USD,1619,PENDING,2026-02-16 14:26:36,
TXN-00003718,ACC-000353,MER-00026,IDEMP-00003718,THB,1593,COMPLETED,2026-02-06 03:15:43,2026-02-06 03:21:33
TXN-00003719,ACC-000304,MER-00004,IDEMP-00003719,SGD,3116,COMPLETED,2026-02-04 22:28:45,2026-02-04 22:31:16
TXN-00003720,ACC-000440,MER-00022,IDEMP-00003720,SGD,3848,COMPLETED,2026-02-22 18:18:25,2026-02-22 18:20:20
TXN-00003721,ACC-000187,MER-00035,IDEMP-00003721,SGD,2600,PENDING,2026-01-27 20:43:43,
TXN-00003722,ACC-000341,MER-00075,IDEMP-00003722,THB,5201,DECLINED,2026-02-28 19:34:08,2026-02-28 19:37:23
TXN-00003723,ACC-000014,MER-00074,IDEMP-00003723,THB,5087,COMPLETED,2026-01-04 06:02:47,2026-01-04 06:11:41
TXN-00003724,ACC-000048,MER-00019,IDEMP-00003724,THB,6049,COMPLETED,2026-02-19 21:38:28,2026-02-19 21:39:15
TXN-00003725,ACC-000382,MER-00037,IDEMP-00003725,USD,9324,COMPLETED,2026-01-02 05:32:24,2026-01-02 05:32:26
TXN-00003726,ACC-000246,MER-00029,IDEMP-00003726,THB,723,COMPLETED,2026-02-15 22:06:15,2026-02-15 22:13:53
TXN-00003727,ACC-000446,MER-00017,IDEMP-00003727,THB,3253,COMPLETED,2026-01-08 23:12:25,2026-01-08 23:19:57
TXN-00003728,ACC-000199,MER-00011,IDEMP-00003728,USD,2122,COMPLETED,2026-01-19 22:55:17,2026-01-19 22:59:51
TXN-00003729,ACC-000396,MER-00032,IDEMP-00003729,THB,2732,COMPLETED,2026-02-23 11:52:46,2026-02-23 11:56:51
TXN-00003730,ACC-000128,MER-00059,IDEMP-00003730,USD,28736,COMPLETED,2026-01-20 14:15:17,2026-01-20 14:16:41
TXN-00003731,ACC-000395,MER-00057,IDEMP-00003731,USD,3560,CANCELLED,2026-01-28 03:29:16,2026-01-28 03:32:52
TXN-00003732,ACC-000159,MER-00037,IDEMP-00003732,USD,5059,COMPLETED,2026-01-12 23:49:22,2026-01-12 23:52:03
TXN-00003733,ACC-000157,MER-00042,IDEMP-00003733,THB,6051,COMPLETED,2026-02-12 15:29:12,2026-02-12 15:36:17
TXN-00003734,ACC-000358,MER-00027,IDEMP-00003734,THB,1914,COMPLETED,2026-02-21 12:29:37,2026-02-21 12:35:04
TXN-00003735,ACC-000152,MER-00028,IDEMP-00003735,THB,52772,COMPLETED,2026-01-23 08:16:23,2026-01-23 08:19:22
TXN-00003736,ACC-000125,MER-00054,IDEMP-00003736,USD,27161,COMPLETED,2026-01-14 12:10:14,2026-01-14 12:15:24
TXN-00003737,ACC-000265,MER-00060,IDEMP-00003737,SGD,4689,COMPLETED,2026-01-29 15:51:39,2026-01-29 16:00:29
TXN-00003738,ACC-000136,MER-00016,IDEMP-00003738,SGD,23937,PENDING,2026-02-08 17:45:24,
TXN-00003739,ACC-000267,MER-00028,IDEMP-00003739,USD,13245,COMPLETED,2026-01-13 11:52:36,2026-01-13 12:01:45
TXN-00003740,ACC-000388,MER-00028,IDEMP-00003740,USD,1933,COMPLETED,2026-01-21 13:24:22,2026-01-21 13:31:32
TXN-00003741,ACC-000441,MER-00054,IDEMP-00003741,SGD,1451,COMPLETED,2026-02-12 04:13:50,2026-02-12 04:18:37
TXN-00003742,ACC-000032,MER-00072,IDEMP-00003742,SGD,739,COMPLETED,2026-02-15 09:28:04,2026-02-15 09:34:04
TXN-00003743,ACC-000032,MER-00051,IDEMP-00003743,SGD,26596,COMPLETED,2026-01-08 11:43:16,2026-01-08 11:48:33
TXN-00003744,ACC-000035,MER-00005,IDEMP-00003744,THB,21346,DECLINED,2026-02-06 16:23:09,2026-02-06 16:23:34
TXN-00003745,ACC-000045,MER-00006,IDEMP-00003745,THB,5755,COMPLETED,2026-02-14 15:31:17,2026-02-14 15:35:09
TXN-00003746,ACC-000208,MER-00010,IDEMP-00003746,USD,24875,COMPLETED,2026-02-21 01:57:43,2026-02-21 01:57:53
TXN-00003747,ACC-000243,MER-00043,IDEMP-00003747,SGD,11431,COMPLETED,2026-02-14 17:29:34,2026-02-14 17:35:17
TXN-00003748,ACC-000278,MER-00077,IDEMP-00003748,USD,24291,COMPLETED,2026-01-20 09:14:47,2026-01-20 09:17:30
TXN-00003749,ACC-000187,MER-00012,IDEMP-00003749,SGD,5437,COMPLETED,2026-01-30 21:08:53,2026-01-30 21:13:04
TXN-00003750,ACC-000090,MER-00078,IDEMP-00003750,THB,18284,COMPLETED,2026-02-16 22:31:26,2026-02-16 22:40:57
TXN-00003751,ACC-000378,MER-00058,IDEMP-00003751,USD,15044,CANCELLED,2026-01-22 17:58:18,2026-01-22 18:00:12
TXN-00003752,ACC-000200,MER-00022,IDEMP-00003752,USD,3799,COMPLETED,2026-01-03 05:53:31,2026-01-03 06:03:02
TXN-00003753,ACC-000081,MER-00014,IDEMP-00003753,USD,6043,COMPLETED,2026-01-26 02:08:55,2026-01-26 02:14:22
TXN-00003754,ACC-000144,MER-00060,IDEMP-00003754,SGD,3699,CANCELLED,2026-01-18 13:43:13,2026-01-18 13:49:23
TXN-00003755,ACC-000212,MER-00073,IDEMP-00003755,THB,2796,COMPLETED,2026-01-11 19:05:56,2026-01-11 19:08:52
TXN-00003756,ACC-000236,MER-00068,IDEMP-00003756,THB,11017,COMPLETED,2026-01-27 22:37:44,2026-01-27 22:46:49
TXN-00003757,ACC-000249,MER-00003,IDEMP-00003757,THB,4293,COMPLETED,2026-01-11 07:03:11,2026-01-11 07:10:27
TXN-00003758,ACC-000188,MER-00059,IDEMP-00003758,SGD,11426,COMPLETED,2026-02-18 15:20:02,2026-02-18 15:22:50
TXN-00003759,ACC-000369,MER-00007,IDEMP-00003759,USD,6989,COMPLETED,2026-02-05 05:37:30,2026-02-05 05:46:58
TXN-00003760,ACC-000251,MER-00015,IDEMP-00003760,USD,919,CANCELLED,2026-01-11 01:58:34,2026-01-11 01:59:39
TXN-00003761,ACC-000167,MER-00074,IDEMP-00003761,THB,8300,COMPLETED,2026-01-15 20:31:58,2026-01-15 20:36:48
TXN-00003762,ACC-000101,MER-00044,IDEMP-00003762,THB,5433,COMPLETED,2026-01-13 06:15:35,2026-01-13 06:20:06
TXN-00003763,ACC-000108,MER-00049,IDEMP-00003763,USD,2931,COMPLETED,2026-01-15 11:08:37,2026-01-15 11:10:38
TXN-00003764,ACC-000162,MER-00077,IDEMP-00003764,THB,1692,COMPLETED,2026-02-15 18:03:41,2026-02-15 18:12:28
TXN-00003765,ACC-000112,MER-00060,IDEMP-00003765,SGD,2495,COMPLETED,2026-01-07 16:57:41,2026-01-07 17:00:48
TXN-00003766,ACC-000389,MER-00010,IDEMP-00003766,THB,12355,COMPLETED,2026-02-23 13:45:21,2026-02-23 13:51:18
TXN-00003767,ACC-000449,MER-00040,IDEMP-00003767,SGD,152,DECLINED,2026-02-05 22:31:04,2026-02-05 22:32:25
TXN-00003768,ACC-000052,MER-00044,IDEMP-00003768,SGD,2548,COMPLETED,2026-01-24 03:30:57,2026-01-24 03:33:37
TXN-00003769,ACC-000416,MER-00028,IDEMP-00003769,THB,23259,DECLINED,2026-02-04 09:19:30,2026-02-04 09:25:08
TXN-00003770,ACC-000133,MER-00028,IDEMP-00003770,USD,6369,COMPLETED,2026-01-20 02:10:49,2026-01-20 02:17:49
TXN-00003771,ACC-000244,MER-00037,IDEMP-00003771,USD,1146,COMPLETED,2026-02-26 08:48:41,2026-02-26 08:49:26
TXN-00003772,ACC-000018,MER-00064,IDEMP-00003772,THB,3647,COMPLETED,2026-02-07 17:13:38,2026-02-07 17:20:56
TXN-00003773,ACC-000346,MER-00002,IDEMP-00003773,THB,7325,COMPLETED,2026-02-03 05:46:49,2026-02-03 05:48:57
TXN-00003774,ACC-000150,MER-00015,IDEMP-00003774,SGD,7815,COMPLETED,2026-01-26 09:34:26,2026-01-26 09:42:50
TXN-00003775,ACC-000237,MER-00040,IDEMP-00003775,USD,1827,COMPLETED,2026-01-06 08:30:07,2026-01-06 08:34:19
TXN-00003776,ACC-000064,MER-00080,IDEMP-00003776,SGD,5970,COMPLETED,2026-01-15 07:15:02,2026-01-15 07:17:57
TXN-00003777,ACC-000283,MER-00033,IDEMP-00003777,USD,4927,COMPLETED,2026-02-09 16:30:42,2026-02-09 16:31:25
TXN-00003778,ACC-000047,MER-00038,IDEMP-00003778,THB,5774,DECLINED,2026-02-24 04:00:00,2026-02-24 04:05:41
TXN-00003779,ACC-000421,MER-00064,IDEMP-00003779,SGD,17586,COMPLETED,2026-02-20 22:21:54,2026-02-20 22:23:43
TXN-00003780,ACC-000261,MER-00033,IDEMP-00003780,THB,6373,COMPLETED,2026-01-31 22:30:27,2026-01-31 22:37:56
TXN-00003781,ACC-000080,MER-00059,IDEMP-00003781,USD,7694,COMPLETED,2026-02-15 11:24:43,2026-02-15 11:31:11
TXN-00003782,ACC-000298,MER-00020,IDEMP-00003782,SGD,12767,COMPLETED,2026-01-11 18:10:12,2026-01-11 18:14:26
TXN-00003783,ACC-000353,MER-00065,IDEMP-00003783,THB,5672,COMPLETED,2026-02-08 10:54:00,2026-02-08 10:59:56
TXN-00003784,ACC-000010,MER-00035,IDEMP-00003784,USD,10441,COMPLETED,2026-01-02 19:08:48,2026-01-02 19:12:01
TXN-00003785,ACC-000423,MER-00055,IDEMP-00003785,USD,10828,COMPLETED,2026-02-09 06:06:08,2026-02-09 06:08:23
TXN-00003786,ACC-000410,MER-00016,IDEMP-00003786,USD,4182,COMPLETED,2026-01-21 08:38:22,2026-01-21 08:42:57
TXN-00003787,ACC-000256,MER-00066,IDEMP-00003787,THB,12041,CANCELLED,2026-01-20 23:56:57,2026-01-20 23:57:41
TXN-00003788,ACC-000268,MER-00050,IDEMP-00003788,SGD,6405,DECLINED,2026-02-21 21:08:51,2026-02-21 21:12:27
TXN-00003789,ACC-000350,MER-00035,IDEMP-00003789,THB,2076,COMPLETED,2026-01-24 00:13:31,2026-01-24 00:22:16
TXN-00003790,ACC-000276,MER-00057,IDEMP-00003790,USD,9384,CANCELLED,2026-02-28 15:42:46,2026-02-28 15:43:03
TXN-00003791,ACC-000426,MER-00067,IDEMP-00003791,USD,9270,CANCELLED,2026-02-03 09:44:40,2026-02-03 09:49:43
TXN-00003792,ACC-000404,MER-00079,IDEMP-00003792,SGD,3268,COMPLETED,2026-01-29 00:12:30,2026-01-29 00:19:42
TXN-00003793,ACC-000019,MER-00018,IDEMP-00003793,SGD,4930,COMPLETED,2026-01-08 10:15:01,2026-01-08 10:24:33
TXN-00003794,ACC-000120,MER-00002,IDEMP-00003794,THB,3011,COMPLETED,2026-02-08 17:37:08,2026-02-08 17:39:57
TXN-00003795,ACC-000101,MER-00047,IDEMP-00003795,THB,10391,COMPLETED,2026-01-24 17:43:58,2026-01-24 17:47:49
TXN-00003796,ACC-000128,MER-00041,IDEMP-00003796,USD,2368,COMPLETED,2026-02-21 02:39:20,2026-02-21 02:48:02
TXN-00003797,ACC-000331,MER-00061,IDEMP-00003797,USD,3111,COMPLETED,2026-01-23 18:26:38,2026-01-23 18:28:39
TXN-00003798,ACC-000417,MER-00013,IDEMP-00003798,USD,789,COMPLETED,2026-02-19 21:48:52,2026-02-19 21:50:23
TXN-00003799,ACC-000193,MER-00079,IDEMP-00003799,USD,5704,COMPLETED,2026-01-19 21:11:34,2026-01-19 21:13:11
TXN-00003800,ACC-000123,MER-00055,IDEMP-00003800,USD,5397,COMPLETED,2026-01-11 14:26:00,2026-01-11 14:30:07
TXN-00003801,ACC-000389,MER-00062,IDEMP-00003801,THB,2093,COMPLETED,2026-01-14 11:26:28,2026-01-14 11:29:44
TXN-00003802,ACC-000212,MER-00035,IDEMP-00003802,THB,3825,PENDING,2026-01-23 18:27:23,
TXN-00003803,ACC-000188,MER-00053,IDEMP-00003803,SGD,25013,DECLINED,2026-01-04 15:41:08,2026-01-04 15:49:08
TXN-00003804,ACC-000122,MER-00006,IDEMP-00003804,THB,1405,COMPLETED,2026-02-25 18:15:27,2026-02-25 18:23:30
TXN-00003805,ACC-000050,MER-00023,IDEMP-00003805,SGD,2036,CANCELLED,2026-02-16 10:27:56,2026-02-16 10:30:52
TXN-00003806,ACC-000245,MER-00005,IDEMP-00003806,USD,976,COMPLETED,2026-01-09 07:02:40,2026-01-09 07:06:57
TXN-00003807,ACC-000008,MER-00034,IDEMP-00003807,THB,3360,PENDING,2026-01-31 14:25:17,
TXN-00003808,ACC-000248,MER-00072,IDEMP-00003808,USD,2454,COMPLETED,2026-02-16 10:44:49,2026-02-16 10:47:01
TXN-00003809,ACC-000115,MER-00031,IDEMP-00003809,USD,5337,COMPLETED,2026-02-26 18:02:09,2026-02-26 18:02:58
TXN-00003810,ACC-000086,MER-00046,IDEMP-00003810,SGD,2807,COMPLETED,2026-01-16 08:27:46,2026-01-16 08:34:08
TXN-00003811,ACC-000358,MER-00060,IDEMP-00003811,THB,8700,CANCELLED,2026-01-11 22:36:06,2026-01-11 22:41:16
TXN-00003812,ACC-000226,MER-00040,IDEMP-00003812,THB,1673,COMPLETED,2026-02-01 02:54:19,2026-02-01 03:00:33
TXN-00003813,ACC-000399,MER-00006,IDEMP-00003813,USD,38662,COMPLETED,2026-01-15 06:48:33,2026-01-15 06:50:07
TXN-00003814,ACC-000099,MER-00064,IDEMP-00003814,SGD,4917,COMPLETED,2026-02-14 20:37:18,2026-02-14 20:38:08
TXN-00003815,ACC-000328,MER-00009,IDEMP-00003815,THB,11029,COMPLETED,2026-02-18 07:41:05,2026-02-18 07:46:26
TXN-00003816,ACC-000276,MER-00012,IDEMP-00003816,USD,2470,COMPLETED,2026-01-27 06:46:14,2026-01-27 06:47:05
TXN-00003817,ACC-000364,MER-00004,IDEMP-00003817,THB,1538,COMPLETED,2026-02-16 13:52:27,2026-02-16 13:53:23
TXN-00003818,ACC-000024,MER-00054,IDEMP-00003818,SGD,1824,COMPLETED,2026-02-28 07:35:45,2026-02-28 07:45:30
TXN-00003819,ACC-000023,MER-00012,IDEMP-00003819,SGD,9697,COMPLETED,2026-02-12 20:27:58,2026-02-12 20:36:46
TXN-00003820,ACC-000095,MER-00022,IDEMP-00003820,USD,3530,COMPLETED,2026-02-26 19:56:03,2026-02-26 19:59:20
TXN-00003821,ACC-000157,MER-00068,IDEMP-00003821,THB,1055,COMPLETED,2026-01-09 23:08:53,2026-01-09 23:16:45
TXN-00003822,ACC-000324,MER-00049,IDEMP-00003822,THB,1376,PENDING,2026-01-03 19:56:50,
TXN-00003823,ACC-000320,MER-00077,IDEMP-00003823,USD,7366,COMPLETED,2026-02-02 22:48:20,2026-02-02 22:52:27
TXN-00003824,ACC-000088,MER-00027,IDEMP-00003824,SGD,1652,COMPLETED,2026-02-06 23:45:36,2026-02-06 23:49:13
TXN-00003825,ACC-000263,MER-00070,IDEMP-00003825,SGD,7604,COMPLETED,2026-01-18 05:38:38,2026-01-18 05:45:31
TXN-00003826,ACC-000106,MER-00009,IDEMP-00003826,SGD,4089,COMPLETED,2026-01-29 06:31:54,2026-01-29 06:41:43
TXN-00003827,ACC-000064,MER-00046,IDEMP-00003827,SGD,13037,CANCELLED,2026-01-24 03:44:03,2026-01-24 03:53:44
TXN-00003828,ACC-000437,MER-00048,IDEMP-00003828,THB,8187,COMPLETED,2026-02-17 12:07:32,2026-02-17 12:14:12
TXN-00003829,ACC-000245,MER-00008,IDEMP-00003829,USD,2090,COMPLETED,2026-02-01 05:33:55,2026-02-01 05:43:30
TXN-00003830,ACC-000315,MER-00052,IDEMP-00003830,THB,15100,COMPLETED,2026-01-04 15:51:20,2026-01-04 15:59:47
TXN-00003831,ACC-000255,MER-00006,IDEMP-00003831,SGD,8778,PENDING,2026-01-06 10:05:02,
TXN-00003832,ACC-000336,MER-00025,IDEMP-00003832,THB,12714,PENDING,2026-01-23 20:41:11,
TXN-00003833,ACC-000400,MER-00005,IDEMP-00003833,SGD,6587,COMPLETED,2026-02-03 08:08:58,2026-02-03 08:13:18
TXN-00003834,ACC-000174,MER-00030,IDEMP-00003834,SGD,1199,COMPLETED,2026-01-22 23:36:40,2026-01-22 23:37:49
TXN-00003835,ACC-000370,MER-00043,IDEMP-00003835,THB,4424,COMPLETED,2026-02-27 17:16:43,2026-02-27 17:19:02
TXN-00003836,ACC-000157,MER-00018,IDEMP-00003836,THB,20636,COMPLETED,2026-01-16 07:46:44,2026-01-16 07:52:03
TXN-00003837,ACC-000388,MER-00028,IDEMP-00003837,USD,2447,COMPLETED,2026-01-24 16:29:19,2026-01-24 16:33:11
TXN-00003838,ACC-000441,MER-00040,IDEMP-00003838,SGD,2820,COMPLETED,2026-01-23 06:50:51,2026-01-23 06:52:10
TXN-00003839,ACC-000392,MER-00070,IDEMP-00003839,SGD,11744,COMPLETED,2026-02-04 22:10:38,2026-02-04 22:16:22
TXN-00003840,ACC-000424,MER-00058,IDEMP-00003840,USD,1807,COMPLETED,2026-01-04 00:57:07,2026-01-04 01:00:22
TXN-00003841,ACC-000323,MER-00007,IDEMP-00003841,USD,1591,COMPLETED,2026-01-25 02:27:39,2026-01-25 02:33:21
TXN-00003842,ACC-000186,MER-00020,IDEMP-00003842,THB,2165,COMPLETED,2026-02-28 10:42:11,2026-02-28 10:48:52
TXN-00003843,ACC-000218,MER-00076,IDEMP-00003843,USD,4309,COMPLETED,2026-02-09 21:45:58,2026-02-09 21:54:11
TXN-00003844,ACC-000377,MER-00006,IDEMP-00003844,THB,1448,COMPLETED,2026-01-07 15:17:04,2026-01-07 15:23:55
TXN-00003845,ACC-000099,MER-00048,IDEMP-00003845,SGD,736,COMPLETED,2026-02-23 21:21:43,2026-02-23 21:28:52
TXN-00003846,ACC-000193,MER-00005,IDEMP-00003846,USD,2316,COMPLETED,2026-01-13 09:53:02,2026-01-13 09:57:56
TXN-00003847,ACC-000043,MER-00021,IDEMP-00003847,SGD,6307,COMPLETED,2026-02-14 18:55:22,2026-02-14 18:55:42
TXN-00003848,ACC-000144,MER-00041,IDEMP-00003848,SGD,19766,COMPLETED,2026-01-26 21:59:16,2026-01-26 22:04:18
TXN-00003849,ACC-000328,MER-00073,IDEMP-00003849,THB,26623,COMPLETED,2026-01-11 16:44:32,2026-01-11 16:45:30
TXN-00003850,ACC-000338,MER-00032,IDEMP-00003850,THB,7267,PENDING,2026-01-15 04:31:48,
TXN-00003851,ACC-000219,MER-00069,IDEMP-00003851,SGD,624,COMPLETED,2026-01-27 14:30:16,2026-01-27 14:38:48
TXN-00003852,ACC-000114,MER-00076,IDEMP-00003852,THB,36092,CANCELLED,2026-01-06 21:39:17,2026-01-06 21:49:12
TXN-00003853,ACC-000091,MER-00074,IDEMP-00003853,THB,3510,COMPLETED,2026-02-08 21:14:59,2026-02-08 21:20:10
TXN-00003854,ACC-000032,MER-00055,IDEMP-00003854,SGD,6482,COMPLETED,2026-01-05 18:06:11,2026-01-05 18:15:59
TXN-00003855,ACC-000316,MER-00075,IDEMP-00003855,SGD,920,COMPLETED,2026-02-24 09:58:13,2026-02-24 10:07:48
TXN-00003856,ACC-000062,MER-00080,IDEMP-00003856,USD,3383,COMPLETED,2026-01-21 18:59:17,2026-01-21 19:08:45
TXN-00003857,ACC-000418,MER-00044,IDEMP-00003857,USD,8980,COMPLETED,2026-01-09 16:30:55,2026-01-09 16:40:21
TXN-00003858,ACC-000376,MER-00009,IDEMP-00003858,THB,1853,CANCELLED,2026-01-11 03:31:56,2026-01-11 03:40:45
TXN-00003859,ACC-000251,MER-00080,IDEMP-00003859,USD,8931,COMPLETED,2026-02-20 23:49:00,2026-02-20 23:50:02
TXN-00003860,ACC-000406,MER-00054,IDEMP-00003860,THB,2402,COMPLETED,2026-01-01 14:30:57,2026-01-01 14:36:04
TXN-00003861,ACC-000404,MER-00078,IDEMP-00003861,SGD,14733,COMPLETED,2026-02-16 20:34:35,2026-02-16 20:39:15
TXN-00003862,ACC-000217,MER-00037,IDEMP-00003862,SGD,12645,COMPLETED,2026-01-09 00:18:10,2026-01-09 00:24:42
TXN-00003863,ACC-000098,MER-00014,IDEMP-00003863,THB,1306,COMPLETED,2026-01-16 21:00:20,2026-01-16 21:02:58
TXN-00003864,ACC-000438,MER-00024,IDEMP-00003864,USD,1718,CANCELLED,2026-02-01 19:36:17,2026-02-01 19:43:11
TXN-00003865,ACC-000095,MER-00046,IDEMP-00003865,USD,5365,COMPLETED,2026-01-25 12:21:39,2026-01-25 12:28:35
TXN-00003866,ACC-000288,MER-00072,IDEMP-00003866,USD,1407,COMPLETED,2026-02-27 21:04:55,2026-02-27 21:12:58
TXN-00003867,ACC-000207,MER-00066,IDEMP-00003867,THB,3808,COMPLETED,2026-01-24 08:30:47,2026-01-24 08:39:13
TXN-00003868,ACC-000376,MER-00010,IDEMP-00003868,THB,2866,COMPLETED,2026-02-13 14:24:58,2026-02-13 14:32:09
TXN-00003869,ACC-000236,MER-00023,IDEMP-00003869,THB,4802,COMPLETED,2026-01-12 07:15:25,2026-01-12 07:22:28
TXN-00003870,ACC-000307,MER-00020,IDEMP-00003870,THB,3362,DECLINED,2026-01-17 08:16:14,2026-01-17 08:25:02
TXN-00003871,ACC-000400,MER-00023,IDEMP-00003871,SGD,5588,COMPLETED,2026-02-07 02:06:09,2026-02-07 02:13:33
TXN-00003872,ACC-000419,MER-00052,IDEMP-00003872,SGD,7849,COMPLETED,2026-01-15 03:26:24,2026-01-15 03:28:14
TXN-00003873,ACC-000077,MER-00019,IDEMP-00003873,SGD,32067,COMPLETED,2026-03-01 20:15:45,2026-03-01 20:18:40
TXN-00003874,ACC-000339,MER-00011,IDEMP-00003874,SGD,10035,COMPLETED,2026-02-22 07:58:11,2026-02-22 08:00:03
TXN-00003875,ACC-000398,MER-00041,IDEMP-00003875,THB,9277,COMPLETED,2026-01-28 16:27:05,2026-01-28 16:34:22
TXN-00003876,ACC-000202,MER-00021,IDEMP-00003876,USD,2867,COMPLETED,2026-02-02 17:17:51,2026-02-02 17:18:02
TXN-00003877,ACC-000026,MER-00026,IDEMP-00003877,USD,676,COMPLETED,2026-01-28 22:39:01,2026-01-28 22:42:02
TXN-00003878,ACC-000166,MER-00032,IDEMP-00003878,SGD,3702,COMPLETED,2026-01-28 05:00:08,2026-01-28 05:00:43
TXN-00003879,ACC-000007,MER-00045,IDEMP-00003879,THB,1864,COMPLETED,2026-02-23 01:04:03,2026-02-23 01:05:26
TXN-00003880,ACC-000365,MER-00004,IDEMP-00003880,USD,7455,COMPLETED,2026-01-17 08:49:58,2026-01-17 08:58:38
TXN-00003881,ACC-000232,MER-00035,IDEMP-00003881,SGD,6616,CANCELLED,2026-01-06 02:07:46,2026-01-06 02:08:13
TXN-00003882,ACC-000046,MER-00001,IDEMP-00003882,SGD,3745,COMPLETED,2026-02-26 04:34:10,2026-02-26 04:37:26
TXN-00003883,ACC-000427,MER-00009,IDEMP-00003883,THB,4805,DECLINED,2026-02-26 20:56:41,2026-02-26 21:04:16
TXN-00003884,ACC-000136,MER-00032,IDEMP-00003884,SGD,2606,COMPLETED,2026-01-31 18:07:30,2026-01-31 18:09:41
TXN-00003885,ACC-000260,MER-00017,IDEMP-00003885,USD,3413,COMPLETED,2026-02-02 18:47:19,2026-02-02 18:53:07
TXN-00003886,ACC-000126,MER-00080,IDEMP-00003886,SGD,4035,COMPLETED,2026-01-08 14:25:49,2026-01-08 14:31:44
TXN-00003887,ACC-000399,MER-00031,IDEMP-00003887,USD,1892,COMPLETED,2026-01-11 09:58:52,2026-01-11 10:05:14
TXN-00003888,ACC-000008,MER-00057,IDEMP-00003888,THB,7114,COMPLETED,2026-01-02 03:13:45,2026-01-02 03:21:28
TXN-00003889,ACC-000377,MER-00077,IDEMP-00003889,THB,6864,COMPLETED,2026-02-08 23:38:11,2026-02-08 23:39:21
TXN-00003890,ACC-000338,MER-00047,IDEMP-00003890,THB,3069,COMPLETED,2026-03-01 23:33:35,2026-03-01 23:36:49
TXN-00003891,ACC-000264,MER-00078,IDEMP-00003891,THB,27678,COMPLETED,2026-01-07 16:28:59,2026-01-07 16:34:04
TXN-00003892,ACC-000417,MER-00042,IDEMP-00003892,USD,4582,COMPLETED,2026-01-13 15:26:32,2026-01-13 15:26:50
TXN-00003893,ACC-000350,MER-00024,IDEMP-00003893,THB,13744,PENDING,2026-01-16 02:00:14,
TXN-00003894,ACC-000090,MER-00067,IDEMP-00003894,THB,4158,COMPLETED,2026-02-08 06:05:16,2026-02-08 06:12:02
TXN-00003895,ACC-000339,MER-00015,IDEMP-00003895,SGD,7174,DECLINED,2026-02-12 23:17:23,2026-02-12 23:21:52
TXN-00003896,ACC-000404,MER-00024,IDEMP-00003896,SGD,15094,COMPLETED,2026-02-23 23:39:38,2026-02-23 23:49:14
TXN-00003897,ACC-000144,MER-00010,IDEMP-00003897,SGD,2572,COMPLETED,2026-02-28 18:55:08,2026-02-28 19:03:17
TXN-00003898,ACC-000444,MER-00029,IDEMP-00003898,THB,3188,COMPLETED,2026-01-08 21:21:59,2026-01-08 21:23:34
TXN-00003899,ACC-000399,MER-00075,IDEMP-00003899,USD,11877,COMPLETED,2026-02-10 03:04:00,2026-02-10 03:06:39
TXN-00003900,ACC-000111,MER-00078,IDEMP-00003900,SGD,14495,COMPLETED,2026-02-06 15:32:27,2026-02-06 15:36:47
TXN-00003901,ACC-000062,MER-00029,IDEMP-00003901,USD,6426,COMPLETED,2026-02-24 03:50:33,2026-02-24 03:58:58
TXN-00003902,ACC-000003,MER-00070,IDEMP-00003902,THB,5273,COMPLETED,2026-01-25 13:05:55,2026-01-25 13:12:28
TXN-00003903,ACC-000305,MER-00071,IDEMP-00003903,THB,4053,COMPLETED,2026-01-21 03:47:53,2026-01-21 03:54:47
TXN-00003904,ACC-000020,MER-00011,IDEMP-00003904,THB,1664,COMPLETED,2026-02-07 11:04:45,2026-02-07 11:12:13
TXN-00003905,ACC-000011,MER-00079,IDEMP-00003905,SGD,1680,PENDING,2026-01-01 04:15:42,
TXN-00003906,ACC-000287,MER-00059,IDEMP-00003906,USD,4139,COMPLETED,2026-02-10 09:19:56,2026-02-10 09:29:51
TXN-00003907,ACC-000116,MER-00051,IDEMP-00003907,USD,11470,COMPLETED,2026-02-25 12:36:53,2026-02-25 12:46:39
TXN-00003908,ACC-000317,MER-00034,IDEMP-00003908,USD,870,COMPLETED,2026-03-01 08:28:04,2026-03-01 08:30:28
TXN-00003909,ACC-000142,MER-00051,IDEMP-00003909,THB,2867,COMPLETED,2026-02-08 18:14:41,2026-02-08 18:20:02
TXN-00003910,ACC-000192,MER-00007,IDEMP-00003910,SGD,29256,COMPLETED,2026-01-04 11:09:44,2026-01-04 11:14:30
TXN-00003911,ACC-000181,MER-00055,IDEMP-00003911,USD,17918,DECLINED,2026-02-27 00:56:48,2026-02-27 01:04:41
TXN-00003912,ACC-000387,MER-00066,IDEMP-00003912,USD,2871,COMPLETED,2026-02-27 10:24:12,2026-02-27 10:33:21
TXN-00003913,ACC-000217,MER-00013,IDEMP-00003913,SGD,8223,DECLINED,2026-01-10 03:34:48,2026-01-10 03:43:26
TXN-00003914,ACC-000054,MER-00040,IDEMP-00003914,USD,22640,COMPLETED,2026-01-08 08:52:15,2026-01-08 08:58:09
TXN-00003915,ACC-000193,MER-00057,IDEMP-00003915,USD,2947,COMPLETED,2026-01-13 06:16:37,2026-01-13 06:20:31
TXN-00003916,ACC-000348,MER-00045,IDEMP-00003916,SGD,4194,COMPLETED,2026-01-28 12:45:03,2026-01-28 12:54:32
TXN-00003917,ACC-000229,MER-00026,IDEMP-00003917,SGD,8678,COMPLETED,2026-02-14 16:45:30,2026-02-14 16:49:22
TXN-00003918,ACC-000198,MER-00074,IDEMP-00003918,THB,4105,COMPLETED,2026-01-28 01:56:55,2026-01-28 02:05:44
TXN-00003919,ACC-000127,MER-00027,IDEMP-00003919,SGD,616,COMPLETED,2026-01-07 06:10:58,2026-01-07 06:12:48
TXN-00003920,ACC-000144,MER-00055,IDEMP-00003920,SGD,8334,COMPLETED,2026-01-06 13:43:41,2026-01-06 13:48:16
TXN-00003921,ACC-000179,MER-00061,IDEMP-00003921,THB,2474,COMPLETED,2026-02-06 04:21:46,2026-02-06 04:26:32
TXN-00003922,ACC-000220,MER-00010,IDEMP-00003922,SGD,6175,COMPLETED,2026-02-28 09:45:53,2026-02-28 09:48:21
TXN-00003923,ACC-000336,MER-00057,IDEMP-00003923,THB,9508,COMPLETED,2026-01-15 03:14:35,2026-01-15 03:14:53
TXN-00003924,ACC-000406,MER-00003,IDEMP-00003924,THB,2489,COMPLETED,2026-02-08 10:58:31,2026-02-08 11:04:55
TXN-00003925,ACC-000313,MER-00077,IDEMP-00003925,THB,567,COMPLETED,2026-01-19 22:56:27,2026-01-19 22:57:00
TXN-00003926,ACC-000050,MER-00013,IDEMP-00003926,SGD,31465,COMPLETED,2026-02-18 02:28:06,2026-02-18 02:35:04
TXN-00003927,ACC-000355,MER-00037,IDEMP-00003927,USD,1216,COMPLETED,2026-01-30 01:40:20,2026-01-30 01:41:25
TXN-00003928,ACC-000398,MER-00066,IDEMP-00003928,THB,19900,COMPLETED,2026-02-09 17:24:21,2026-02-09 17:25:04
TXN-00003929,ACC-000058,MER-00007,IDEMP-00003929,SGD,874,COMPLETED,2026-02-04 10:59:48,2026-02-04 11:01:38
TXN-00003930,ACC-000372,MER-00028,IDEMP-00003930,SGD,41468,COMPLETED,2026-01-03 00:14:48,2026-01-03 00:21:43
TXN-00003931,ACC-000143,MER-00075,IDEMP-00003931,SGD,2028,COMPLETED,2026-01-20 16:07:52,2026-01-20 16:14:12
TXN-00003932,ACC-000367,MER-00035,IDEMP-00003932,USD,1647,COMPLETED,2026-01-04 06:15:32,2026-01-04 06:18:43
TXN-00003933,ACC-000345,MER-00036,IDEMP-00003933,THB,3239,COMPLETED,2026-02-26 09:11:05,2026-02-26 09:16:15
TXN-00003934,ACC-000350,MER-00017,IDEMP-00003934,THB,7505,COMPLETED,2026-01-06 14:03:07,2026-01-06 14:10:16
TXN-00003935,ACC-000292,MER-00065,IDEMP-00003935,THB,2218,COMPLETED,2026-01-30 18:29:05,2026-01-30 18:36:07
TXN-00003936,ACC-000259,MER-00053,IDEMP-00003936,THB,11275,DECLINED,2026-01-04 03:33:26,2026-01-04 03:41:49
TXN-00003937,ACC-000374,MER-00078,IDEMP-00003937,USD,10984,COMPLETED,2026-01-18 01:55:40,2026-01-18 01:58:17
TXN-00003938,ACC-000323,MER-00039,IDEMP-00003938,USD,16660,COMPLETED,2026-02-03 18:26:34,2026-02-03 18:32:18
TXN-00003939,ACC-000242,MER-00070,IDEMP-00003939,SGD,932,COMPLETED,2026-01-01 04:00:51,2026-01-01 04:01:34
TXN-00003940,ACC-000317,MER-00045,IDEMP-00003940,USD,1786,PENDING,2026-02-26 07:55:10,
TXN-00003941,ACC-000259,MER-00038,IDEMP-00003941,THB,2411,COMPLETED,2026-01-12 08:34:44,2026-01-12 08:39:00
TXN-00003942,ACC-000380,MER-00077,IDEMP-00003942,SGD,7239,COMPLETED,2026-01-22 15:21:01,2026-01-22 15:22:48
TXN-00003943,ACC-000423,MER-00055,IDEMP-00003943,USD,4301,COMPLETED,2026-02-01 06:13:00,2026-02-01 06:22:49
TXN-00003944,ACC-000244,MER-00031,IDEMP-00003944,USD,1778,COMPLETED,2026-01-14 15:10:08,2026-01-14 15:13:53
TXN-00003945,ACC-000327,MER-00042,IDEMP-00003945,USD,8594,PENDING,2026-02-11 09:54:52,
TXN-00003946,ACC-000160,MER-00037,IDEMP-00003946,USD,2811,COMPLETED,2026-03-01 16:53:30,2026-03-01 16:59:36
TXN-00003947,ACC-000436,MER-00075,IDEMP-00003947,SGD,1152,COMPLETED,2026-01-04 04:55:36,2026-01-04 05:04:57
TXN-00003948,ACC-000368,MER-00013,IDEMP-00003948,THB,8752,COMPLETED,2026-02-26 00:48:25,2026-02-26 00:52:56
TXN-00003949,ACC-000141,MER-00008,IDEMP-00003949,USD,7725,COMPLETED,2026-02-19 04:44:03,2026-02-19 04:45:49
TXN-00003950,ACC-000199,MER-00018,IDEMP-00003950,USD,31686,COMPLETED,2026-02-12 12:15:22,2026-02-12 12:24:09
TXN-00003951,ACC-000249,MER-00064,IDEMP-00003951,THB,8566,DECLINED,2026-01-01 17:30:54,2026-01-01 17:36:36
TXN-00003952,ACC-000371,MER-00075,IDEMP-00003952,USD,8600,COMPLETED,2026-02-16 08:51:40,2026-02-16 08:56:33
TXN-00003953,ACC-000284,MER-00040,IDEMP-00003953,SGD,14532,COMPLETED,2026-01-14 08:30:57,2026-01-14 08:33:19
TXN-00003954,ACC-000432,MER-00036,IDEMP-00003954,SGD,12104,PENDING,2026-01-08 12:50:25,
TXN-00003955,ACC-000251,MER-00036,IDEMP-00003955,USD,1910,COMPLETED,2026-02-08 08:49:44,2026-02-08 08:51:33
TXN-00003956,ACC-000272,MER-00046,IDEMP-00003956,THB,6059,COMPLETED,2026-01-16 03:27:05,2026-01-16 03:32:01
TXN-00003957,ACC-000401,MER-00050,IDEMP-00003957,THB,18185,DECLINED,2026-01-13 00:08:49,2026-01-13 00:11:22
TXN-00003958,ACC-000180,MER-00046,IDEMP-00003958,SGD,3203,CANCELLED,2026-02-10 03:36:22,2026-02-10 03:45:52
TXN-00003959,ACC-000437,MER-00060,IDEMP-00003959,THB,2029,COMPLETED,2026-01-12 11:01:36,2026-01-12 11:05:45
TXN-00003960,ACC-000139,MER-00020,IDEMP-00003960,SGD,1780,COMPLETED,2026-01-13 23:59:05,2026-01-14 00:04:23
TXN-00003961,ACC-000006,MER-00048,IDEMP-00003961,USD,2017,COMPLETED,2026-01-04 22:04:33,2026-01-04 22:13:06
TXN-00003962,ACC-000122,MER-00019,IDEMP-00003962,THB,951,COMPLETED,2026-01-19 17:54:06,2026-01-19 17:54:48
TXN-00003963,ACC-000123,MER-00018,IDEMP-00003963,USD,4812,COMPLETED,2026-02-15 03:34:36,2026-02-15 03:40:25
TXN-00003964,ACC-000386,MER-00046,IDEMP-00003964,USD,950,COMPLETED,2026-01-24 08:18:52,2026-01-24 08:24:18
TXN-00003965,ACC-000389,MER-00041,IDEMP-00003965,THB,2639,COMPLETED,2026-02-19 00:40:23,2026-02-19 00:42:59
TXN-00003966,ACC-000067,MER-00048,IDEMP-00003966,THB,3518,COMPLETED,2026-02-18 21:42:37,2026-02-18 21:48:59
TXN-00003967,ACC-000129,MER-00001,IDEMP-00003967,SGD,1467,PENDING,2026-02-23 16:48:03,
TXN-00003968,ACC-000420,MER-00003,IDEMP-00003968,THB,932,COMPLETED,2026-02-02 01:17:22,2026-02-02 01:26:49
TXN-00003969,ACC-000411,MER-00017,IDEMP-00003969,THB,6374,COMPLETED,2026-01-10 14:57:19,2026-01-10 15:07:12
TXN-00003970,ACC-000115,MER-00009,IDEMP-00003970,USD,10971,COMPLETED,2026-01-28 12:40:23,2026-01-28 12:44:36
TXN-00003971,ACC-000017,MER-00037,IDEMP-00003971,USD,929,COMPLETED,2026-02-18 04:18:49,2026-02-18 04:19:44
TXN-00003972,ACC-000426,MER-00015,IDEMP-00003972,USD,691,PENDING,2026-02-24 08:05:50,
TXN-00003973,ACC-000039,MER-00055,IDEMP-00003973,USD,4961,DECLINED,2026-01-10 02:58:17,2026-01-10 03:06:05
TXN-00003974,ACC-000220,MER-00054,IDEMP-00003974,SGD,2775,CANCELLED,2026-02-11 04:50:38,2026-02-11 05:00:08
TXN-00003975,ACC-000073,MER-00045,IDEMP-00003975,THB,4524,COMPLETED,2026-01-12 21:41:42,2026-01-12 21:48:43
TXN-00003976,ACC-000303,MER-00032,IDEMP-00003976,SGD,1933,COMPLETED,2026-01-27 01:04:36,2026-01-27 01:10:29
TXN-00003977,ACC-000241,MER-00070,IDEMP-00003977,THB,628,PENDING,2026-01-07 23:52:19,
TXN-00003978,ACC-000261,MER-00017,IDEMP-00003978,THB,7010,COMPLETED,2026-02-01 20:18:23,2026-02-01 20:25:57
TXN-00003979,ACC-000288,MER-00011,IDEMP-00003979,USD,2558,COMPLETED,2026-02-23 11:32:44,2026-02-23 11:37:01
TXN-00003980,ACC-000018,MER-00024,IDEMP-00003980,THB,2233,COMPLETED,2026-02-12 07:12:31,2026-02-12 07:14:32
TXN-00003981,ACC-000421,MER-00016,IDEMP-00003981,SGD,4840,COMPLETED,2026-01-07 14:46:59,2026-01-07 14:54:59
TXN-00003982,ACC-000344,MER-00010,IDEMP-00003982,THB,1597,COMPLETED,2026-02-03 11:35:36,2026-02-03 11:44:43
TXN-00003983,ACC-000241,MER-00079,IDEMP-00003983,THB,4351,COMPLETED,2026-02-16 09:23:58,2026-02-16 09:24:26
TXN-00003984,ACC-000342,MER-00078,IDEMP-00003984,USD,2576,COMPLETED,2026-02-13 11:57:37,2026-02-13 12:07:23
TXN-00003985,ACC-000237,MER-00021,IDEMP-00003985,USD,3567,COMPLETED,2026-01-10 22:54:28,2026-01-10 22:56:44
TXN-00003986,ACC-000323,MER-00036,IDEMP-00003986,USD,3807,COMPLETED,2026-01-24 21:23:54,2026-01-24 21:26:09
TXN-00003987,ACC-000296,MER-00002,IDEMP-00003987,USD,9146,COMPLETED,2026-02-17 20:39:16,2026-02-17 20:44:48
TXN-00003988,ACC-000360,MER-00047,IDEMP-00003988,THB,45040,COMPLETED,2026-02-12 09:55:42,2026-02-12 10:04:55
TXN-00003989,ACC-000395,MER-00060,IDEMP-00003989,USD,6937,PENDING,2026-02-20 11:22:30,
TXN-00003990,ACC-000312,MER-00016,IDEMP-00003990,SGD,7026,COMPLETED,2026-02-07 20:37:35,2026-02-07 20:38:30
TXN-00003991,ACC-000093,MER-00004,IDEMP-00003991,SGD,6551,COMPLETED,2026-01-14 05:27:08,2026-01-14 05:35:18
TXN-00003992,ACC-000415,MER-00066,IDEMP-00003992,SGD,947,COMPLETED,2026-02-21 14:08:05,2026-02-21 14:13:02
TXN-00003993,ACC-000058,MER-00065,IDEMP-00003993,SGD,25110,COMPLETED,2026-02-19 12:02:35,2026-02-19 12:07:21
TXN-00003994,ACC-000010,MER-00030,IDEMP-00003994,USD,4833,COMPLETED,2026-01-30 21:02:24,2026-01-30 21:03:32
TXN-00003995,ACC-000352,MER-00049,IDEMP-00003995,SGD,6093,COMPLETED,2026-02-15 19:05:11,2026-02-15 19:13:05
TXN-00003996,ACC-000197,MER-00016,IDEMP-00003996,USD,2674,PENDING,2026-02-03 20:22:10,
TXN-00003997,ACC-000362,MER-00025,IDEMP-00003997,SGD,7732,DECLINED,2026-02-01 09:19:25,2026-02-01 09:22:40
TXN-00003998,ACC-000357,MER-00063,IDEMP-00003998,SGD,4241,COMPLETED,2026-02-15 21:31:02,2026-02-15 21:38:46
TXN-00003999,ACC-000405,MER-00045,IDEMP-00003999,USD,9084,COMPLETED,2026-01-23 17:58:11,2026-01-23 18:04:36
TXN-00004000,ACC-000408,MER-00056,IDEMP-00004000,THB,1284,COMPLETED,2026-01-05 00:33:19,2026-01-05 00:39:16
TXN-00004001,ACC-000071,MER-00003,IDEMP-00004001,USD,3942,COMPLETED,2026-02-12 22:27:56,2026-02-12 22:36:26
TXN-00004002,ACC-000356,MER-00048,IDEMP-00004002,SGD,13310,COMPLETED,2026-01-16 21:07:01,2026-01-16 21:13:51
TXN-00004003,ACC-000022,MER-00027,IDEMP-00004003,SGD,12445,COMPLETED,2026-01-18 16:15:20,2026-01-18 16:16:40
TXN-00004004,ACC-000061,MER-00063,IDEMP-00004004,SGD,18757,COMPLETED,2026-02-09 21:15:05,2026-02-09 21:15:30
TXN-00004005,ACC-000438,MER-00044,IDEMP-00004005,USD,3627,COMPLETED,2026-02-05 22:41:41,2026-02-05 22:50:58
TXN-00004006,ACC-000238,MER-00039,IDEMP-00004006,THB,14831,COMPLETED,2026-01-05 13:19:58,2026-01-05 13:20:21
TXN-00004007,ACC-000263,MER-00037,IDEMP-00004007,SGD,1445,COMPLETED,2026-01-15 22:29:19,2026-01-15 22:35:07
TXN-00004008,ACC-000122,MER-00072,IDEMP-00004008,THB,1050,CANCELLED,2026-01-03 00:26:04,2026-01-03 00:29:29
TXN-00004009,ACC-000301,MER-00032,IDEMP-00004009,THB,1912,COMPLETED,2026-02-13 08:49:06,2026-02-13 08:55:50
TXN-00004010,ACC-000273,MER-00049,IDEMP-00004010,THB,5654,DECLINED,2026-02-27 01:39:36,2026-02-27 01:43:29
TXN-00004011,ACC-000166,MER-00021,IDEMP-00004011,SGD,1160,CANCELLED,2026-02-17 07:23:56,2026-02-17 07:24:01
TXN-00004012,ACC-000116,MER-00039,IDEMP-00004012,USD,9863,COMPLETED,2026-02-25 17:37:40,2026-02-25 17:42:56
TXN-00004013,ACC-000311,MER-00054,IDEMP-00004013,USD,30366,COMPLETED,2026-02-03 06:41:54,2026-02-03 06:44:38
TXN-00004014,ACC-000112,MER-00052,IDEMP-00004014,SGD,9908,COMPLETED,2026-01-07 00:29:45,2026-01-07 00:33:21
TXN-00004015,ACC-000255,MER-00029,IDEMP-00004015,SGD,2955,COMPLETED,2026-02-25 22:54:04,2026-02-25 22:54:56
TXN-00004016,ACC-000132,MER-00068,IDEMP-00004016,SGD,17213,COMPLETED,2026-02-28 23:01:20,2026-02-28 23:09:47
TXN-00004017,ACC-000030,MER-00012,IDEMP-00004017,SGD,1908,COMPLETED,2026-02-19 14:08:28,2026-02-19 14:16:51
TXN-00004018,ACC-000197,MER-00014,IDEMP-00004018,USD,3019,COMPLETED,2026-02-05 15:30:58,2026-02-05 15:37:40
TXN-00004019,ACC-000367,MER-00053,IDEMP-00004019,USD,7244,CANCELLED,2026-01-20 13:21:42,2026-01-20 13:21:51
TXN-00004020,ACC-000020,MER-00022,IDEMP-00004020,THB,1281,COMPLETED,2026-02-04 04:10:32,2026-02-04 04:13:36
TXN-00004021,ACC-000063,MER-00013,IDEMP-00004021,THB,1532,COMPLETED,2026-02-28 22:50:49,2026-02-28 22:56:56
TXN-00004022,ACC-000038,MER-00044,IDEMP-00004022,THB,3084,COMPLETED,2026-01-13 19:44:22,2026-01-13 19:46:47
TXN-00004023,ACC-000185,MER-00050,IDEMP-00004023,USD,894,DECLINED,2026-01-14 10:13:42,2026-01-14 10:18:27
TXN-00004024,ACC-000340,MER-00019,IDEMP-00004024,SGD,6711,COMPLETED,2026-02-28 18:39:04,2026-02-28 18:40:28
TXN-00004025,ACC-000234,MER-00017,IDEMP-00004025,SGD,5745,COMPLETED,2026-02-18 03:47:00,2026-02-18 03:53:27
TXN-00004026,ACC-000018,MER-00059,IDEMP-00004026,THB,12848,COMPLETED,2026-02-05 00:20:17,2026-02-05 00:20:21
TXN-00004027,ACC-000196,MER-00037,IDEMP-00004027,THB,5197,CANCELLED,2026-02-14 05:57:01,2026-02-14 06:05:16
TXN-00004028,ACC-000224,MER-00080,IDEMP-00004028,THB,4115,COMPLETED,2026-02-12 04:53:22,2026-02-12 04:56:06
TXN-00004029,ACC-000321,MER-00013,IDEMP-00004029,THB,4914,DECLINED,2026-02-07 01:29:14,2026-02-07 01:37:48
TXN-00004030,ACC-000376,MER-00078,IDEMP-00004030,THB,520,PENDING,2026-02-09 15:13:29,
TXN-00004031,ACC-000234,MER-00028,IDEMP-00004031,SGD,4011,CANCELLED,2026-02-04 08:52:49,2026-02-04 08:58:12
TXN-00004032,ACC-000282,MER-00051,IDEMP-00004032,THB,4750,CANCELLED,2026-01-08 11:58:01,2026-01-08 11:58:49
TXN-00004033,ACC-000281,MER-00007,IDEMP-00004033,SGD,26429,DECLINED,2026-02-07 05:11:56,2026-02-07 05:18:34
TXN-00004034,ACC-000064,MER-00059,IDEMP-00004034,SGD,27208,COMPLETED,2026-01-03 15:10:04,2026-01-03 15:18:31
TXN-00004035,ACC-000420,MER-00022,IDEMP-00004035,THB,10929,COMPLETED,2026-01-13 11:20:37,2026-01-13 11:23:02
TXN-00004036,ACC-000063,MER-00061,IDEMP-00004036,THB,3077,COMPLETED,2026-02-14 20:51:20,2026-02-14 20:59:10
TXN-00004037,ACC-000229,MER-00064,IDEMP-00004037,SGD,10992,COMPLETED,2026-01-25 22:57:32,2026-01-25 22:58:51
TXN-00004038,ACC-000417,MER-00054,IDEMP-00004038,USD,4166,COMPLETED,2026-01-01 19:25:49,2026-01-01 19:33:40
TXN-00004039,ACC-000283,MER-00064,IDEMP-00004039,USD,5341,CANCELLED,2026-03-01 03:23:41,2026-03-01 03:30:14
TXN-00004040,ACC-000131,MER-00035,IDEMP-00004040,SGD,38874,COMPLETED,2026-01-27 04:17:55,2026-01-27 04:25:04
TXN-00004041,ACC-000349,MER-00060,IDEMP-00004041,USD,4729,COMPLETED,2026-02-28 13:39:45,2026-02-28 13:48:08
TXN-00004042,ACC-000172,MER-00068,IDEMP-00004042,THB,2584,COMPLETED,2026-01-11 23:03:45,2026-01-11 23:06:34
TXN-00004043,ACC-000269,MER-00064,IDEMP-00004043,SGD,2130,COMPLETED,2026-02-03 07:57:43,2026-02-03 07:59:57
TXN-00004044,ACC-000306,MER-00011,IDEMP-00004044,SGD,13797,PENDING,2026-02-11 03:35:43,
TXN-00004045,ACC-000419,MER-00032,IDEMP-00004045,SGD,15147,COMPLETED,2026-01-26 20:38:37,2026-01-26 20:48:03
TXN-00004046,ACC-000168,MER-00076,IDEMP-00004046,THB,12435,COMPLETED,2026-02-02 07:44:06,2026-02-02 07:46:18
TXN-00004047,ACC-000387,MER-00060,IDEMP-00004047,USD,9631,PENDING,2026-02-02 18:59:07,
TXN-00004048,ACC-000437,MER-00059,IDEMP-00004048,THB,9162,COMPLETED,2026-02-26 07:09:11,2026-02-26 07:15:52
TXN-00004049,ACC-000354,MER-00041,IDEMP-00004049,USD,1572,COMPLETED,2026-01-28 09:07:59,2026-01-28 09:09:29
TXN-00004050,ACC-000029,MER-00062,IDEMP-00004050,THB,15470,PENDING,2026-02-05 07:57:36,
TXN-00004051,ACC-000014,MER-00039,IDEMP-00004051,THB,27999,COMPLETED,2026-02-03 11:59:46,2026-02-03 11:59:51
TXN-00004052,ACC-000346,MER-00061,IDEMP-00004052,THB,868,COMPLETED,2026-01-28 02:36:07,2026-01-28 02:38:39
TXN-00004053,ACC-000035,MER-00025,IDEMP-00004053,THB,10847,COMPLETED,2026-02-01 06:04:15,2026-02-01 06:07:50
TXN-00004054,ACC-000248,MER-00056,IDEMP-00004054,USD,2171,COMPLETED,2026-01-08 14:38:30,2026-01-08 14:38:38
TXN-00004055,ACC-000031,MER-00020,IDEMP-00004055,THB,50621,PENDING,2026-02-20 04:00:23,
TXN-00004056,ACC-000440,MER-00074,IDEMP-00004056,SGD,7020,COMPLETED,2026-02-19 18:03:35,2026-02-19 18:07:40
TXN-00004057,ACC-000336,MER-00042,IDEMP-00004057,THB,3668,COMPLETED,2026-01-04 14:16:11,2026-01-04 14:20:30
TXN-00004058,ACC-000166,MER-00009,IDEMP-00004058,SGD,3299,COMPLETED,2026-01-30 09:55:38,2026-01-30 10:01:59
TXN-00004059,ACC-000369,MER-00027,IDEMP-00004059,USD,8486,PENDING,2026-02-27 07:08:08,
TXN-00004060,ACC-000261,MER-00044,IDEMP-00004060,THB,5047,COMPLETED,2026-02-21 19:20:44,2026-02-21 19:23:37
TXN-00004061,ACC-000292,MER-00002,IDEMP-00004061,THB,1418,COMPLETED,2026-01-24 03:23:49,2026-01-24 03:25:45
TXN-00004062,ACC-000281,MER-00022,IDEMP-00004062,SGD,7029,COMPLETED,2026-01-09 14:43:59,2026-01-09 14:47:26
TXN-00004063,ACC-000245,MER-00037,IDEMP-00004063,USD,1387,COMPLETED,2026-02-22 04:44:50,2026-02-22 04:47:55
TXN-00004064,ACC-000351,MER-00064,IDEMP-00004064,USD,10327,COMPLETED,2026-01-19 09:48:58,2026-01-19 09:53:33
TXN-00004065,ACC-000210,MER-00030,IDEMP-00004065,USD,1860,COMPLETED,2026-01-10 19:44:13,2026-01-10 19:47:35
TXN-00004066,ACC-000252,MER-00023,IDEMP-00004066,SGD,4790,COMPLETED,2026-02-05 17:26:13,2026-02-05 17:27:08
TXN-00004067,ACC-000007,MER-00064,IDEMP-00004067,THB,3915,COMPLETED,2026-01-17 18:07:49,2026-01-17 18:08:31
TXN-00004068,ACC-000397,MER-00001,IDEMP-00004068,THB,6688,COMPLETED,2026-02-28 18:06:18,2026-02-28 18:06:25
TXN-00004069,ACC-000246,MER-00062,IDEMP-00004069,THB,10774,COMPLETED,2026-02-25 18:14:38,2026-02-25 18:20:43
TXN-00004070,ACC-000416,MER-00043,IDEMP-00004070,THB,72982,CANCELLED,2026-01-31 22:52:43,2026-01-31 23:00:25
TXN-00004071,ACC-000129,MER-00008,IDEMP-00004071,SGD,24747,PENDING,2026-01-20 12:46:44,
TXN-00004072,ACC-000099,MER-00021,IDEMP-00004072,SGD,6636,COMPLETED,2026-01-17 03:13:43,2026-01-17 03:23:34
TXN-00004073,ACC-000141,MER-00075,IDEMP-00004073,USD,4295,DECLINED,2026-01-19 18:28:38,2026-01-19 18:36:51
TXN-00004074,ACC-000068,MER-00038,IDEMP-00004074,USD,1934,COMPLETED,2026-02-15 18:30:18,2026-02-15 18:34:33
TXN-00004075,ACC-000449,MER-00073,IDEMP-00004075,SGD,1527,COMPLETED,2026-01-07 19:52:06,2026-01-07 19:56:24
TXN-00004076,ACC-000092,MER-00048,IDEMP-00004076,SGD,7162,COMPLETED,2026-01-23 17:54:27,2026-01-23 18:04:19
TXN-00004077,ACC-000275,MER-00076,IDEMP-00004077,SGD,5277,COMPLETED,2026-03-01 02:36:23,2026-03-01 02:40:26
TXN-00004078,ACC-000360,MER-00005,IDEMP-00004078,THB,31311,COMPLETED,2026-01-01 00:13:25,2026-01-01 00:21:38
TXN-00004079,ACC-000308,MER-00016,IDEMP-00004079,SGD,3223,COMPLETED,2026-02-05 06:44:01,2026-02-05 06:51:40
TXN-00004080,ACC-000264,MER-00014,IDEMP-00004080,THB,1146,COMPLETED,2026-01-07 11:46:10,2026-01-07 11:49:28
TXN-00004081,ACC-000174,MER-00078,IDEMP-00004081,SGD,9561,COMPLETED,2026-02-13 15:34:52,2026-02-13 15:39:05
TXN-00004082,ACC-000326,MER-00008,IDEMP-00004082,USD,3932,COMPLETED,2026-02-25 07:52:11,2026-02-25 07:52:39
TXN-00004083,ACC-000169,MER-00063,IDEMP-00004083,USD,765,COMPLETED,2026-02-09 22:53:42,2026-02-09 22:57:24
TXN-00004084,ACC-000265,MER-00077,IDEMP-00004084,SGD,512,COMPLETED,2026-02-07 08:45:08,2026-02-07 08:53:06
TXN-00004085,ACC-000197,MER-00021,IDEMP-00004085,USD,18054,COMPLETED,2026-01-16 16:54:23,2026-01-16 17:02:52
TXN-00004086,ACC-000202,MER-00020,IDEMP-00004086,USD,6362,COMPLETED,2026-01-03 07:55:18,2026-01-03 08:02:30
TXN-00004087,ACC-000017,MER-00004,IDEMP-00004087,USD,2177,COMPLETED,2026-03-01 22:55:06,2026-03-01 22:59:41
TXN-00004088,ACC-000203,MER-00054,IDEMP-00004088,THB,301,PENDING,2026-02-05 01:06:53,
TXN-00004089,ACC-000247,MER-00022,IDEMP-00004089,USD,2477,COMPLETED,2026-01-17 13:00:04,2026-01-17 13:07:56
TXN-00004090,ACC-000110,MER-00078,IDEMP-00004090,USD,10566,CANCELLED,2026-02-16 19:50:19,2026-02-16 20:00:12
TXN-00004091,ACC-000342,MER-00064,IDEMP-00004091,USD,7660,COMPLETED,2026-01-12 18:59:16,2026-01-12 19:07:21
TXN-00004092,ACC-000196,MER-00066,IDEMP-00004092,THB,20681,DECLINED,2026-02-17 11:26:44,2026-02-17 11:30:24
TXN-00004093,ACC-000279,MER-00061,IDEMP-00004093,SGD,8871,COMPLETED,2026-02-18 01:05:05,2026-02-18 01:10:05
TXN-00004094,ACC-000260,MER-00012,IDEMP-00004094,USD,8150,COMPLETED,2026-02-24 23:21:57,2026-02-24 23:27:59
TXN-00004095,ACC-000315,MER-00009,IDEMP-00004095,THB,5639,COMPLETED,2026-01-29 09:39:59,2026-01-29 09:48:16
TXN-00004096,ACC-000173,MER-00022,IDEMP-00004096,SGD,1102,COMPLETED,2026-02-23 21:05:47,2026-02-23 21:14:55
TXN-00004097,ACC-000144,MER-00068,IDEMP-00004097,SGD,7896,COMPLETED,2026-01-22 03:53:28,2026-01-22 04:01:10
TXN-00004098,ACC-000355,MER-00063,IDEMP-00004098,USD,11276,COMPLETED,2026-02-24 17:06:14,2026-02-24 17:09:35
TXN-00004099,ACC-000125,MER-00067,IDEMP-00004099,USD,91239,COMPLETED,2026-01-07 14:19:51,2026-01-07 14:24:53
TXN-00004100,ACC-000088,MER-00004,IDEMP-00004100,SGD,24408,PENDING,2026-02-27 14:28:50,
TXN-00004101,ACC-000069,MER-00008,IDEMP-00004101,SGD,12335,CANCELLED,2026-02-05 02:05:55,2026-02-05 02:12:24
TXN-00004102,ACC-000435,MER-00002,IDEMP-00004102,SGD,7487,COMPLETED,2026-03-01 16:52:09,2026-03-01 16:57:06
TXN-00004103,ACC-000033,MER-00014,IDEMP-00004103,USD,4275,PENDING,2026-02-14 11:00:47,
TXN-00004104,ACC-000137,MER-00029,IDEMP-00004104,SGD,1655,COMPLETED,2026-02-27 08:20:57,2026-02-27 08:28:26
TXN-00004105,ACC-000234,MER-00003,IDEMP-00004105,SGD,10801,COMPLETED,2026-01-05 01:10:29,2026-01-05 01:13:29
TXN-00004106,ACC-000109,MER-00079,IDEMP-00004106,THB,5345,COMPLETED,2026-01-24 02:12:02,2026-01-24 02:20:51
TXN-00004107,ACC-000143,MER-00039,IDEMP-00004107,SGD,432,COMPLETED,2026-02-19 15:13:29,2026-02-19 15:20:02
TXN-00004108,ACC-000333,MER-00019,IDEMP-00004108,USD,817,COMPLETED,2026-02-24 21:23:40,2026-02-24 21:32:59
TXN-00004109,ACC-000336,MER-00028,IDEMP-00004109,THB,4643,COMPLETED,2026-01-09 14:15:14,2026-01-09 14:18:45
TXN-00004110,ACC-000086,MER-00069,IDEMP-00004110,SGD,7281,COMPLETED,2026-02-05 03:11:26,2026-02-05 03:15:43
TXN-00004111,ACC-000075,MER-00063,IDEMP-00004111,SGD,984,PENDING,2026-01-14 19:38:43,
TXN-00004112,ACC-000070,MER-00053,IDEMP-00004112,THB,10125,COMPLETED,2026-02-08 20:42:36,2026-02-08 20:50:38
TXN-00004113,ACC-000302,MER-00079,IDEMP-00004113,THB,2931,COMPLETED,2026-01-07 13:54:49,2026-01-07 13:57:18
TXN-00004114,ACC-000085,MER-00032,IDEMP-00004114,USD,4826,COMPLETED,2026-02-15 03:16:24,2026-02-15 03:19:27
TXN-00004115,ACC-000028,MER-00039,IDEMP-00004115,SGD,3383,COMPLETED,2026-01-30 04:42:53,2026-01-30 04:51:52
TXN-00004116,ACC-000432,MER-00054,IDEMP-00004116,SGD,16792,COMPLETED,2026-01-11 08:59:52,2026-01-11 09:06:13
TXN-00004117,ACC-000233,MER-00016,IDEMP-00004117,USD,11155,COMPLETED,2026-02-24 08:45:30,2026-02-24 08:49:58
TXN-00004118,ACC-000064,MER-00033,IDEMP-00004118,SGD,2042,COMPLETED,2026-01-09 17:27:08,2026-01-09 17:34:01
TXN-00004119,ACC-000149,MER-00006,IDEMP-00004119,THB,2035,COMPLETED,2026-01-13 15:15:25,2026-01-13 15:20:41
TXN-00004120,ACC-000261,MER-00031,IDEMP-00004120,THB,1797,COMPLETED,2026-02-14 05:12:44,2026-02-14 05:14:58
TXN-00004121,ACC-000256,MER-00013,IDEMP-00004121,THB,7309,COMPLETED,2026-01-02 21:25:02,2026-01-02 21:27:58
TXN-00004122,ACC-000232,MER-00052,IDEMP-00004122,SGD,2071,COMPLETED,2026-02-22 06:26:52,2026-02-22 06:36:26
TXN-00004123,ACC-000378,MER-00015,IDEMP-00004123,USD,11118,COMPLETED,2026-01-18 17:11:27,2026-01-18 17:18:19
TXN-00004124,ACC-000253,MER-00060,IDEMP-00004124,SGD,5344,COMPLETED,2026-02-04 01:59:40,2026-02-04 02:01:49
TXN-00004125,ACC-000401,MER-00046,IDEMP-00004125,THB,5967,COMPLETED,2026-02-04 11:49:29,2026-02-04 11:56:41
TXN-00004126,ACC-000418,MER-00067,IDEMP-00004126,USD,4775,COMPLETED,2026-01-17 06:45:28,2026-01-17 06:49:01
TXN-00004127,ACC-000109,MER-00005,IDEMP-00004127,THB,19326,COMPLETED,2026-01-08 04:34:07,2026-01-08 04:34:20
TXN-00004128,ACC-000337,MER-00015,IDEMP-00004128,THB,10256,COMPLETED,2026-01-01 05:01:48,2026-01-01 05:07:46
TXN-00004129,ACC-000187,MER-00065,IDEMP-00004129,SGD,1526,COMPLETED,2026-02-14 16:46:57,2026-02-14 16:54:27
TXN-00004130,ACC-000400,MER-00038,IDEMP-00004130,SGD,3443,COMPLETED,2026-02-04 02:59:46,2026-02-04 03:07:58
TXN-00004131,ACC-000072,MER-00036,IDEMP-00004131,THB,3346,COMPLETED,2026-02-28 20:27:43,2026-02-28 20:30:31
TXN-00004132,ACC-000299,MER-00024,IDEMP-00004132,THB,67432,COMPLETED,2026-01-06 08:43:27,2026-01-06 08:47:22
TXN-00004133,ACC-000252,MER-00001,IDEMP-00004133,SGD,4208,COMPLETED,2026-01-18 18:19:01,2026-01-18 18:22:02
TXN-00004134,ACC-000204,MER-00050,IDEMP-00004134,THB,5804,DECLINED,2026-01-30 19:47:13,2026-01-30 19:54:46
TXN-00004135,ACC-000336,MER-00071,IDEMP-00004135,THB,15743,COMPLETED,2026-02-26 15:47:58,2026-02-26 15:49:34
TXN-00004136,ACC-000216,MER-00068,IDEMP-00004136,USD,2514,COMPLETED,2026-02-21 09:26:15,2026-02-21 09:30:25
TXN-00004137,ACC-000190,MER-00027,IDEMP-00004137,USD,8104,COMPLETED,2026-01-18 15:52:46,2026-01-18 15:57:28
TXN-00004138,ACC-000196,MER-00073,IDEMP-00004138,THB,37766,COMPLETED,2026-02-04 00:44:28,2026-02-04 00:48:52
TXN-00004139,ACC-000011,MER-00039,IDEMP-00004139,SGD,7734,DECLINED,2026-01-03 10:25:39,2026-01-03 10:26:12
TXN-00004140,ACC-000129,MER-00071,IDEMP-00004140,SGD,22075,COMPLETED,2026-02-24 07:12:05,2026-02-24 07:14:53
TXN-00004141,ACC-000074,MER-00034,IDEMP-00004141,THB,48273,COMPLETED,2026-02-13 09:14:39,2026-02-13 09:21:51
TXN-00004142,ACC-000129,MER-00004,IDEMP-00004142,SGD,1172,COMPLETED,2026-01-08 12:06:41,2026-01-08 12:08:56
TXN-00004143,ACC-000221,MER-00073,IDEMP-00004143,USD,4354,COMPLETED,2026-02-25 17:49:16,2026-02-25 17:49:43
TXN-00004144,ACC-000279,MER-00079,IDEMP-00004144,SGD,2808,COMPLETED,2026-02-15 02:18:44,2026-02-15 02:22:57
TXN-00004145,ACC-000334,MER-00076,IDEMP-00004145,USD,16996,COMPLETED,2026-02-14 11:30:13,2026-02-14 11:37:19
TXN-00004146,ACC-000078,MER-00062,IDEMP-00004146,SGD,7546,PENDING,2026-02-16 03:47:28,
TXN-00004147,ACC-000204,MER-00076,IDEMP-00004147,THB,1025,COMPLETED,2026-01-12 07:13:06,2026-01-12 07:16:13
TXN-00004148,ACC-000197,MER-00034,IDEMP-00004148,USD,1158,COMPLETED,2026-02-21 19:07:35,2026-02-21 19:10:15
TXN-00004149,ACC-000399,MER-00033,IDEMP-00004149,USD,6261,COMPLETED,2026-01-01 14:05:04,2026-01-01 14:13:47
TXN-00004150,ACC-000122,MER-00005,IDEMP-00004150,THB,9043,COMPLETED,2026-01-24 17:28:06,2026-01-24 17:33:03
TXN-00004151,ACC-000349,MER-00050,IDEMP-00004151,USD,1365,COMPLETED,2026-01-08 19:36:41,2026-01-08 19:39:46
TXN-00004152,ACC-000174,MER-00028,IDEMP-00004152,SGD,3492,COMPLETED,2026-01-06 18:37:59,2026-01-06 18:47:44
TXN-00004153,ACC-000085,MER-00006,IDEMP-00004153,USD,11169,CANCELLED,2026-02-07 11:12:18,2026-02-07 11:18:31
TXN-00004154,ACC-000403,MER-00072,IDEMP-00004154,USD,3491,PENDING,2026-01-09 12:37:13,
TXN-00004155,ACC-000429,MER-00074,IDEMP-00004155,USD,10569,COMPLETED,2026-01-06 01:30:52,2026-01-06 01:33:53
TXN-00004156,ACC-000217,MER-00056,IDEMP-00004156,SGD,1552,COMPLETED,2026-01-06 05:35:54,2026-01-06 05:38:09
TXN-00004157,ACC-000391,MER-00005,IDEMP-00004157,THB,11724,COMPLETED,2026-01-04 12:11:45,2026-01-04 12:17:10
TXN-00004158,ACC-000267,MER-00003,IDEMP-00004158,USD,17442,COMPLETED,2026-02-05 19:31:48,2026-02-05 19:32:41
TXN-00004159,ACC-000050,MER-00017,IDEMP-00004159,SGD,17182,COMPLETED,2026-02-22 20:35:40,2026-02-22 20:39:19
TXN-00004160,ACC-000389,MER-00019,IDEMP-00004160,THB,2111,COMPLETED,2026-02-07 06:14:26,2026-02-07 06:15:12
TXN-00004161,ACC-000293,MER-00067,IDEMP-00004161,THB,2330,COMPLETED,2026-02-24 04:08:30,2026-02-24 04:15:48
TXN-00004162,ACC-000395,MER-00069,IDEMP-00004162,USD,4502,DECLINED,2026-02-11 09:59:02,2026-02-11 09:59:11
TXN-00004163,ACC-000240,MER-00076,IDEMP-00004163,USD,10119,CANCELLED,2026-02-27 05:05:22,2026-02-27 05:15:20
TXN-00004164,ACC-000327,MER-00054,IDEMP-00004164,USD,2517,COMPLETED,2026-01-30 02:20:00,2026-01-30 02:29:06
TXN-00004165,ACC-000149,MER-00014,IDEMP-00004165,THB,3741,COMPLETED,2026-01-06 01:35:00,2026-01-06 01:38:35
TXN-00004166,ACC-000268,MER-00061,IDEMP-00004166,SGD,1051,COMPLETED,2026-01-31 14:01:42,2026-01-31 14:07:56
TXN-00004167,ACC-000214,MER-00055,IDEMP-00004167,THB,2562,COMPLETED,2026-02-22 08:17:27,2026-02-22 08:21:55
TXN-00004168,ACC-000225,MER-00020,IDEMP-00004168,USD,5743,COMPLETED,2026-01-30 15:05:26,2026-01-30 15:11:12
TXN-00004169,ACC-000304,MER-00003,IDEMP-00004169,SGD,5510,COMPLETED,2026-02-01 01:16:49,2026-02-01 01:18:26
TXN-00004170,ACC-000277,MER-00003,IDEMP-00004170,SGD,7524,COMPLETED,2026-02-15 20:02:03,2026-02-15 20:05:25
TXN-00004171,ACC-000248,MER-00005,IDEMP-00004171,USD,16131,COMPLETED,2026-01-10 07:03:34,2026-01-10 07:10:02
TXN-00004172,ACC-000285,MER-00053,IDEMP-00004172,SGD,58254,COMPLETED,2026-01-21 09:06:31,2026-01-21 09:16:11
TXN-00004173,ACC-000415,MER-00067,IDEMP-00004173,SGD,6381,COMPLETED,2026-02-03 00:34:20,2026-02-03 00:35:10
TXN-00004174,ACC-000422,MER-00022,IDEMP-00004174,THB,8784,COMPLETED,2026-01-29 19:42:58,2026-01-29 19:44:09
TXN-00004175,ACC-000407,MER-00054,IDEMP-00004175,SGD,4449,COMPLETED,2026-01-16 14:43:53,2026-01-16 14:48:38
TXN-00004176,ACC-000208,MER-00074,IDEMP-00004176,USD,5931,COMPLETED,2026-01-03 07:03:06,2026-01-03 07:04:56
TXN-00004177,ACC-000297,MER-00001,IDEMP-00004177,SGD,3514,PENDING,2026-01-22 23:10:50,
TXN-00004178,ACC-000045,MER-00035,IDEMP-00004178,THB,8196,COMPLETED,2026-01-21 10:13:50,2026-01-21 10:16:57
TXN-00004179,ACC-000089,MER-00023,IDEMP-00004179,USD,1845,COMPLETED,2026-02-13 09:57:14,2026-02-13 10:02:08
TXN-00004180,ACC-000036,MER-00029,IDEMP-00004180,SGD,2019,COMPLETED,2026-01-14 19:48:54,2026-01-14 19:54:57
TXN-00004181,ACC-000345,MER-00040,IDEMP-00004181,THB,2422,COMPLETED,2026-02-19 22:46:54,2026-02-19 22:50:42
TXN-00004182,ACC-000338,MER-00029,IDEMP-00004182,THB,3701,COMPLETED,2026-01-15 05:54:30,2026-01-15 05:57:57
TXN-00004183,ACC-000186,MER-00054,IDEMP-00004183,THB,6971,COMPLETED,2026-01-07 22:28:03,2026-01-07 22:29:51
TXN-00004184,ACC-000446,MER-00064,IDEMP-00004184,THB,4832,PENDING,2026-02-25 16:05:45,
TXN-00004185,ACC-000263,MER-00064,IDEMP-00004185,SGD,33531,COMPLETED,2026-01-20 18:07:05,2026-01-20 18:07:06
TXN-00004186,ACC-000324,MER-00040,IDEMP-00004186,THB,8851,COMPLETED,2026-02-15 03:44:30,2026-02-15 03:51:21
TXN-00004187,ACC-000181,MER-00012,IDEMP-00004187,USD,4821,COMPLETED,2026-02-25 13:54:12,2026-02-25 13:59:04
TXN-00004188,ACC-000210,MER-00051,IDEMP-00004188,USD,1695,COMPLETED,2026-01-29 03:48:19,2026-01-29 03:48:30
TXN-00004189,ACC-000017,MER-00020,IDEMP-00004189,USD,1034,COMPLETED,2026-01-23 17:03:49,2026-01-23 17:05:13
TXN-00004190,ACC-000103,MER-00077,IDEMP-00004190,USD,4597,COMPLETED,2026-01-31 04:33:52,2026-01-31 04:37:34
TXN-00004191,ACC-000301,MER-00064,IDEMP-00004191,THB,6763,COMPLETED,2026-02-26 10:54:46,2026-02-26 10:55:08
TXN-00004192,ACC-000436,MER-00049,IDEMP-00004192,SGD,6898,COMPLETED,2026-02-02 14:43:53,2026-02-02 14:46:23
TXN-00004193,ACC-000081,MER-00039,IDEMP-00004193,USD,7261,COMPLETED,2026-01-12 06:02:43,2026-01-12 06:10:03
TXN-00004194,ACC-000282,MER-00058,IDEMP-00004194,THB,5049,COMPLETED,2026-02-03 05:24:05,2026-02-03 05:27:24
TXN-00004195,ACC-000164,MER-00074,IDEMP-00004195,USD,3559,COMPLETED,2026-02-24 04:43:07,2026-02-24 04:49:37
TXN-00004196,ACC-000093,MER-00063,IDEMP-00004196,SGD,1025,COMPLETED,2026-02-20 19:11:57,2026-02-20 19:12:23
TXN-00004197,ACC-000134,MER-00072,IDEMP-00004197,THB,9041,COMPLETED,2026-01-20 10:12:44,2026-01-20 10:13:27
TXN-00004198,ACC-000112,MER-00063,IDEMP-00004198,SGD,11711,COMPLETED,2026-02-16 21:17:58,2026-02-16 21:27:17
TXN-00004199,ACC-000006,MER-00032,IDEMP-00004199,USD,16265,PENDING,2026-03-01 03:36:24,
TXN-00004200,ACC-000290,MER-00053,IDEMP-00004200,USD,450,PENDING,2026-01-28 00:29:29,
TXN-00004201,ACC-000161,MER-00012,IDEMP-00004201,USD,2724,COMPLETED,2026-01-02 15:41:04,2026-01-02 15:48:21
TXN-00004202,ACC-000425,MER-00012,IDEMP-00004202,THB,3204,CANCELLED,2026-01-10 04:09:02,2026-01-10 04:15:21
TXN-00004203,ACC-000141,MER-00052,IDEMP-00004203,USD,3893,CANCELLED,2026-01-26 04:28:41,2026-01-26 04:35:44
TXN-00004204,ACC-000444,MER-00074,IDEMP-00004204,THB,679,PENDING,2026-02-06 03:44:29,
TXN-00004205,ACC-000132,MER-00064,IDEMP-00004205,SGD,2693,COMPLETED,2026-02-21 13:05:27,2026-02-21 13:11:30
TXN-00004206,ACC-000398,MER-00005,IDEMP-00004206,THB,11250,COMPLETED,2026-01-30 03:46:58,2026-01-30 03:55:13
TXN-00004207,ACC-000089,MER-00071,IDEMP-00004207,USD,17613,COMPLETED,2026-01-14 16:30:42,2026-01-14 16:31:03
TXN-00004208,ACC-000209,MER-00038,IDEMP-00004208,USD,5751,COMPLETED,2026-02-15 21:18:15,2026-02-15 21:23:42
TXN-00004209,ACC-000382,MER-00002,IDEMP-00004209,USD,2145,COMPLETED,2026-01-16 18:38:19,2026-01-16 18:46:15
TXN-00004210,ACC-000102,MER-00037,IDEMP-00004210,THB,3623,COMPLETED,2026-01-10 03:11:21,2026-01-10 03:14:33
TXN-00004211,ACC-000075,MER-00040,IDEMP-00004211,SGD,8666,COMPLETED,2026-02-13 01:00:10,2026-02-13 01:02:17
TXN-00004212,ACC-000134,MER-00051,IDEMP-00004212,THB,2637,CANCELLED,2026-02-21 15:20:09,2026-02-21 15:20:56
TXN-00004213,ACC-000080,MER-00063,IDEMP-00004213,USD,6028,COMPLETED,2026-02-04 06:23:18,2026-02-04 06:32:17
TXN-00004214,ACC-000071,MER-00051,IDEMP-00004214,USD,4883,COMPLETED,2026-01-29 15:05:53,2026-01-29 15:10:31
TXN-00004215,ACC-000143,MER-00065,IDEMP-00004215,SGD,2956,COMPLETED,2026-01-04 04:37:06,2026-01-04 04:44:07
TXN-00004216,ACC-000047,MER-00013,IDEMP-00004216,THB,8931,COMPLETED,2026-02-24 05:35:59,2026-02-24 05:36:01
TXN-00004217,ACC-000138,MER-00011,IDEMP-00004217,SGD,6319,COMPLETED,2026-01-01 23:39:37,2026-01-01 23:39:44
TXN-00004218,ACC-000144,MER-00051,IDEMP-00004218,SGD,19394,COMPLETED,2026-02-20 07:48:55,2026-02-20 07:54:43
TXN-00004219,ACC-000051,MER-00077,IDEMP-00004219,USD,5489,COMPLETED,2026-02-22 22:55:15,2026-02-22 22:58:17
TXN-00004220,ACC-000317,MER-00050,IDEMP-00004220,USD,4081,DECLINED,2026-02-05 20:39:59,2026-02-05 20:45:27
TXN-00004221,ACC-000446,MER-00065,IDEMP-00004221,THB,14224,COMPLETED,2026-02-09 23:19:58,2026-02-09 23:23:28
TXN-00004222,ACC-000165,MER-00019,IDEMP-00004222,THB,19058,COMPLETED,2026-01-27 15:59:05,2026-01-27 16:02:31
TXN-00004223,ACC-000113,MER-00016,IDEMP-00004223,THB,3503,COMPLETED,2026-01-08 23:01:41,2026-01-08 23:03:04
TXN-00004224,ACC-000151,MER-00045,IDEMP-00004224,USD,1179,COMPLETED,2026-02-28 20:39:20,2026-02-28 20:48:51
TXN-00004225,ACC-000308,MER-00028,IDEMP-00004225,SGD,16076,COMPLETED,2026-02-08 14:46:32,2026-02-08 14:50:30
TXN-00004226,ACC-000298,MER-00062,IDEMP-00004226,SGD,1704,COMPLETED,2026-02-10 19:52:04,2026-02-10 19:56:45
TXN-00004227,ACC-000028,MER-00033,IDEMP-00004227,SGD,13516,COMPLETED,2026-02-19 20:42:28,2026-02-19 20:44:21
TXN-00004228,ACC-000096,MER-00006,IDEMP-00004228,SGD,13040,CANCELLED,2026-01-01 04:13:12,2026-01-01 04:15:29
TXN-00004229,ACC-000125,MER-00033,IDEMP-00004229,USD,364,COMPLETED,2026-02-04 09:49:01,2026-02-04 09:51:02
TXN-00004230,ACC-000116,MER-00015,IDEMP-00004230,USD,12568,COMPLETED,2026-01-12 21:12:36,2026-01-12 21:14:13
TXN-00004231,ACC-000023,MER-00060,IDEMP-00004231,SGD,17713,COMPLETED,2026-02-04 02:08:09,2026-02-04 02:12:57
TXN-00004232,ACC-000193,MER-00005,IDEMP-00004232,USD,990,COMPLETED,2026-02-15 10:31:54,2026-02-15 10:34:45
TXN-00004233,ACC-000219,MER-00022,IDEMP-00004233,SGD,9974,COMPLETED,2026-01-07 18:09:49,2026-01-07 18:17:04
TXN-00004234,ACC-000267,MER-00080,IDEMP-00004234,USD,4882,COMPLETED,2026-01-25 10:17:15,2026-01-25 10:24:55
TXN-00004235,ACC-000074,MER-00071,IDEMP-00004235,THB,40760,PENDING,2026-02-20 20:50:54,
TXN-00004236,ACC-000080,MER-00026,IDEMP-00004236,USD,20866,COMPLETED,2026-01-06 13:43:05,2026-01-06 13:48:43
TXN-00004237,ACC-000148,MER-00048,IDEMP-00004237,USD,19641,COMPLETED,2026-01-04 16:19:03,2026-01-04 16:26:53
TXN-00004238,ACC-000360,MER-00006,IDEMP-00004238,THB,1904,PENDING,2026-02-22 06:15:42,
TXN-00004239,ACC-000178,MER-00032,IDEMP-00004239,SGD,2715,PENDING,2026-01-28 00:11:19,
TXN-00004240,ACC-000276,MER-00012,IDEMP-00004240,USD,829,COMPLETED,2026-01-08 01:13:16,2026-01-08 01:14:46
TXN-00004241,ACC-000159,MER-00001,IDEMP-00004241,USD,5323,COMPLETED,2026-01-27 10:40:22,2026-01-27 10:49:40
TXN-00004242,ACC-000346,MER-00024,IDEMP-00004242,THB,1007,COMPLETED,2026-02-16 23:42:03,2026-02-16 23:49:01
TXN-00004243,ACC-000352,MER-00037,IDEMP-00004243,SGD,6647,COMPLETED,2026-02-24 06:11:11,2026-02-24 06:15:23
TXN-00004244,ACC-000125,MER-00068,IDEMP-00004244,USD,3843,COMPLETED,2026-01-02 20:09:28,2026-01-02 20:14:26
TXN-00004245,ACC-000361,MER-00040,IDEMP-00004245,USD,1781,CANCELLED,2026-01-20 10:20:03,2026-01-20 10:21:54
TXN-00004246,ACC-000234,MER-00036,IDEMP-00004246,SGD,24587,DECLINED,2026-01-04 06:31:01,2026-01-04 06:40:03
TXN-00004247,ACC-000077,MER-00014,IDEMP-00004247,SGD,6160,COMPLETED,2026-03-01 22:01:55,2026-03-01 22:03:41
TXN-00004248,ACC-000384,MER-00044,IDEMP-00004248,USD,4007,COMPLETED,2026-01-22 17:32:22,2026-01-22 17:39:15
TXN-00004249,ACC-000399,MER-00064,IDEMP-00004249,USD,10275,COMPLETED,2026-01-28 16:27:24,2026-01-28 16:36:58
TXN-00004250,ACC-000104,MER-00039,IDEMP-00004250,THB,5117,COMPLETED,2026-02-01 03:48:21,2026-02-01 03:50:12
TXN-00004251,ACC-000289,MER-00068,IDEMP-00004251,SGD,1714,COMPLETED,2026-02-25 15:20:47,2026-02-25 15:25:53
TXN-00004252,ACC-000441,MER-00039,IDEMP-00004252,SGD,2700,COMPLETED,2026-01-04 00:21:16,2026-01-04 00:27:49
TXN-00004253,ACC-000013,MER-00014,IDEMP-00004253,THB,5780,COMPLETED,2026-02-28 13:22:01,2026-02-28 13:26:28
TXN-00004254,ACC-000245,MER-00007,IDEMP-00004254,USD,1065,COMPLETED,2026-01-30 03:49:53,2026-01-30 03:55:17
TXN-00004255,ACC-000085,MER-00060,IDEMP-00004255,USD,11745,COMPLETED,2026-02-09 08:59:54,2026-02-09 09:05:28
TXN-00004256,ACC-000449,MER-00052,IDEMP-00004256,SGD,1085,COMPLETED,2026-02-19 14:56:07,2026-02-19 15:04:38
TXN-00004257,ACC-000314,MER-00001,IDEMP-00004257,THB,30106,COMPLETED,2026-02-16 18:28:12,2026-02-16 18:37:00
TXN-00004258,ACC-000238,MER-00078,IDEMP-00004258,THB,3425,COMPLETED,2026-02-24 09:32:30,2026-02-24 09:35:28
TXN-00004259,ACC-000098,MER-00066,IDEMP-00004259,THB,2075,COMPLETED,2026-02-10 21:04:11,2026-02-10 21:13:45
TXN-00004260,ACC-000433,MER-00071,IDEMP-00004260,SGD,604,COMPLETED,2026-01-01 23:59:34,2026-01-02 00:04:28
TXN-00004261,ACC-000384,MER-00067,IDEMP-00004261,USD,7042,COMPLETED,2026-02-06 14:15:14,2026-02-06 14:20:54
TXN-00004262,ACC-000111,MER-00073,IDEMP-00004262,SGD,6244,CANCELLED,2026-02-08 18:09:56,2026-02-08 18:12:21
TXN-00004263,ACC-000264,MER-00009,IDEMP-00004263,THB,3250,COMPLETED,2026-02-14 01:10:13,2026-02-14 01:11:05
TXN-00004264,ACC-000246,MER-00051,IDEMP-00004264,THB,2976,PENDING,2026-02-18 05:21:08,
TXN-00004265,ACC-000354,MER-00054,IDEMP-00004265,USD,3524,PENDING,2026-02-06 12:36:32,
TXN-00004266,ACC-000233,MER-00073,IDEMP-00004266,USD,4140,COMPLETED,2026-02-15 13:17:56,2026-02-15 13:26:54
TXN-00004267,ACC-000108,MER-00019,IDEMP-00004267,USD,3355,PENDING,2026-02-14 16:02:54,
TXN-00004268,ACC-000383,MER-00061,IDEMP-00004268,USD,7015,COMPLETED,2026-02-12 05:32:25,2026-02-12 05:39:03
TXN-00004269,ACC-000416,MER-00027,IDEMP-00004269,THB,3304,COMPLETED,2026-01-25 02:06:05,2026-01-25 02:06:31
TXN-00004270,ACC-000402,MER-00020,IDEMP-00004270,USD,9886,COMPLETED,2026-02-23 23:01:15,2026-02-23 23:05:55
TXN-00004271,ACC-000419,MER-00068,IDEMP-00004271,SGD,3286,COMPLETED,2026-02-18 05:36:37,2026-02-18 05:46:33
TXN-00004272,ACC-000049,MER-00020,IDEMP-00004272,USD,23131,COMPLETED,2026-02-04 03:44:44,2026-02-04 03:53:16
TXN-00004273,ACC-000087,MER-00017,IDEMP-00004273,THB,2402,COMPLETED,2026-01-05 06:53:31,2026-01-05 07:00:27
TXN-00004274,ACC-000087,MER-00043,IDEMP-00004274,THB,1530,DECLINED,2026-02-22 03:39:47,2026-02-22 03:49:38
TXN-00004275,ACC-000144,MER-00041,IDEMP-00004275,SGD,2290,COMPLETED,2026-01-25 20:05:20,2026-01-25 20:09:46
TXN-00004276,ACC-000353,MER-00075,IDEMP-00004276,THB,2811,CANCELLED,2026-01-03 21:52:07,2026-01-03 22:00:36
TXN-00004277,ACC-000077,MER-00017,IDEMP-00004277,SGD,5254,DECLINED,2026-02-09 04:58:04,2026-02-09 05:05:25
TXN-00004278,ACC-000284,MER-00066,IDEMP-00004278,SGD,425,COMPLETED,2026-01-14 16:53:05,2026-01-14 17:02:59
TXN-00004279,ACC-000230,MER-00045,IDEMP-00004279,THB,12555,COMPLETED,2026-02-22 03:13:55,2026-02-22 03:14:16
TXN-00004280,ACC-000335,MER-00032,IDEMP-00004280,USD,4980,COMPLETED,2026-03-01 03:29:15,2026-03-01 03:36:17
TXN-00004281,ACC-000404,MER-00061,IDEMP-00004281,SGD,3398,COMPLETED,2026-02-23 22:55:14,2026-02-23 23:04:06
TXN-00004282,ACC-000300,MER-00060,IDEMP-00004282,THB,8366,COMPLETED,2026-02-23 16:15:24,2026-02-23 16:18:53
TXN-00004283,ACC-000037,MER-00058,IDEMP-00004283,USD,3218,COMPLETED,2026-01-17 06:45:37,2026-01-17 06:48:01
TXN-00004284,ACC-000216,MER-00050,IDEMP-00004284,USD,7019,COMPLETED,2026-01-15 10:08:11,2026-01-15 10:13:40
TXN-00004285,ACC-000002,MER-00004,IDEMP-00004285,USD,1123,COMPLETED,2026-01-17 20:59:47,2026-01-17 21:07:14
TXN-00004286,ACC-000331,MER-00055,IDEMP-00004286,USD,13600,COMPLETED,2026-02-18 18:15:08,2026-02-18 18:15:18
TXN-00004287,ACC-000009,MER-00050,IDEMP-00004287,SGD,7414,COMPLETED,2026-02-06 17:52:09,2026-02-06 17:53:00
TXN-00004288,ACC-000100,MER-00067,IDEMP-00004288,THB,1843,PENDING,2026-01-24 12:51:10,
TXN-00004289,ACC-000353,MER-00033,IDEMP-00004289,THB,12432,COMPLETED,2026-01-17 05:09:07,2026-01-17 05:10:27
TXN-00004290,ACC-000336,MER-00004,IDEMP-00004290,THB,9511,CANCELLED,2026-02-15 14:14:13,2026-02-15 14:14:33
TXN-00004291,ACC-000375,MER-00017,IDEMP-00004291,SGD,3965,COMPLETED,2026-01-24 13:59:31,2026-01-24 14:08:23
TXN-00004292,ACC-000136,MER-00026,IDEMP-00004292,SGD,13383,DECLINED,2026-01-16 04:16:10,2026-01-16 04:23:37
TXN-00004293,ACC-000340,MER-00072,IDEMP-00004293,SGD,1017,COMPLETED,2026-01-18 01:48:30,2026-01-18 01:55:45
TXN-00004294,ACC-000359,MER-00007,IDEMP-00004294,THB,618,COMPLETED,2026-01-18 07:07:28,2026-01-18 07:08:00
TXN-00004295,ACC-000224,MER-00053,IDEMP-00004295,THB,1585,COMPLETED,2026-01-24 16:36:12,2026-01-24 16:41:03
TXN-00004296,ACC-000120,MER-00019,IDEMP-00004296,THB,7746,COMPLETED,2026-02-10 02:08:32,2026-02-10 02:15:12
TXN-00004297,ACC-000156,MER-00003,IDEMP-00004297,USD,10276,COMPLETED,2026-02-01 06:27:36,2026-02-01 06:35:25
TXN-00004298,ACC-000369,MER-00071,IDEMP-00004298,USD,1558,COMPLETED,2026-01-29 13:26:04,2026-01-29 13:33:50
TXN-00004299,ACC-000146,MER-00054,IDEMP-00004299,USD,2330,COMPLETED,2026-02-12 12:17:32,2026-02-12 12:27:27
TXN-00004300,ACC-000105,MER-00059,IDEMP-00004300,SGD,22261,COMPLETED,2026-01-12 16:04:53,2026-01-12 16:08:56
TXN-00004301,ACC-000100,MER-00057,IDEMP-00004301,THB,4588,DECLINED,2026-02-24 03:49:01,2026-02-24 03:54:38
TXN-00004302,ACC-000278,MER-00041,IDEMP-00004302,USD,9165,COMPLETED,2026-01-22 14:38:25,2026-01-22 14:38:44
TXN-00004303,ACC-000204,MER-00063,IDEMP-00004303,THB,10264,DECLINED,2026-02-17 06:15:23,2026-02-17 06:17:37
TXN-00004304,ACC-000394,MER-00074,IDEMP-00004304,SGD,4524,COMPLETED,2026-01-29 21:13:18,2026-01-29 21:21:20
TXN-00004305,ACC-000178,MER-00055,IDEMP-00004305,SGD,2811,COMPLETED,2026-01-14 23:22:45,2026-01-14 23:27:14
TXN-00004306,ACC-000421,MER-00002,IDEMP-00004306,SGD,17477,COMPLETED,2026-01-04 13:42:48,2026-01-04 13:47:34
TXN-00004307,ACC-000210,MER-00080,IDEMP-00004307,USD,14465,DECLINED,2026-02-15 03:47:18,2026-02-15 03:54:27
TXN-00004308,ACC-000102,MER-00047,IDEMP-00004308,THB,3066,COMPLETED,2026-01-24 04:28:21,2026-01-24 04:32:21
TXN-00004309,ACC-000117,MER-00039,IDEMP-00004309,SGD,6562,COMPLETED,2026-01-18 08:17:52,2026-01-18 08:25:17
TXN-00004310,ACC-000201,MER-00063,IDEMP-00004310,SGD,4753,COMPLETED,2026-01-22 07:11:37,2026-01-22 07:20:16
TXN-00004311,ACC-000049,MER-00023,IDEMP-00004311,USD,8353,COMPLETED,2026-01-05 18:08:14,2026-01-05 18:15:22
TXN-00004312,ACC-000111,MER-00073,IDEMP-00004312,SGD,3815,COMPLETED,2026-02-13 08:51:04,2026-02-13 08:57:54
TXN-00004313,ACC-000227,MER-00006,IDEMP-00004313,SGD,5821,CANCELLED,2026-01-09 19:01:48,2026-01-09 19:06:00
TXN-00004314,ACC-000294,MER-00003,IDEMP-00004314,SGD,2429,COMPLETED,2026-01-03 04:15:17,2026-01-03 04:23:44
TXN-00004315,ACC-000281,MER-00025,IDEMP-00004315,SGD,2067,COMPLETED,2026-01-16 07:20:59,2026-01-16 07:25:26
TXN-00004316,ACC-000245,MER-00025,IDEMP-00004316,USD,10773,COMPLETED,2026-01-31 17:08:48,2026-01-31 17:15:52
TXN-00004317,ACC-000334,MER-00027,IDEMP-00004317,USD,6479,COMPLETED,2026-02-09 22:24:29,2026-02-09 22:31:33
TXN-00004318,ACC-000288,MER-00029,IDEMP-00004318,USD,5669,COMPLETED,2026-02-05 05:29:36,2026-02-05 05:29:47
TXN-00004319,ACC-000166,MER-00005,IDEMP-00004319,SGD,4320,CANCELLED,2026-01-17 08:01:05,2026-01-17 08:01:46
TXN-00004320,ACC-000329,MER-00016,IDEMP-00004320,THB,1570,COMPLETED,2026-01-16 23:18:45,2026-01-16 23:25:34
TXN-00004321,ACC-000316,MER-00068,IDEMP-00004321,SGD,5009,COMPLETED,2026-01-27 14:29:12,2026-01-27 14:31:29
TXN-00004322,ACC-000153,MER-00055,IDEMP-00004322,SGD,1893,COMPLETED,2026-02-19 13:18:33,2026-02-19 13:25:26
TXN-00004323,ACC-000390,MER-00069,IDEMP-00004323,SGD,10993,COMPLETED,2026-01-18 08:01:23,2026-01-18 08:04:00
TXN-00004324,ACC-000215,MER-00053,IDEMP-00004324,THB,9225,PENDING,2026-02-20 06:51:16,
TXN-00004325,ACC-000116,MER-00070,IDEMP-00004325,USD,873,COMPLETED,2026-01-21 12:18:20,2026-01-21 12:20:25
TXN-00004326,ACC-000071,MER-00037,IDEMP-00004326,USD,3458,COMPLETED,2026-02-02 13:11:47,2026-02-02 13:14:46
TXN-00004327,ACC-000380,MER-00056,IDEMP-00004327,SGD,2358,COMPLETED,2026-01-05 16:45:37,2026-01-05 16:46:34
TXN-00004328,ACC-000290,MER-00070,IDEMP-00004328,USD,17938,COMPLETED,2026-02-07 21:50:54,2026-02-07 21:54:22
TXN-00004329,ACC-000321,MER-00039,IDEMP-00004329,THB,4250,PENDING,2026-01-28 00:56:49,
TXN-00004330,ACC-000095,MER-00021,IDEMP-00004330,USD,848,COMPLETED,2026-01-26 06:50:55,2026-01-26 06:54:39
TXN-00004331,ACC-000343,MER-00042,IDEMP-00004331,THB,8440,COMPLETED,2026-01-29 12:41:39,2026-01-29 12:42:06
TXN-00004332,ACC-000047,MER-00007,IDEMP-00004332,THB,2011,COMPLETED,2026-02-01 07:37:44,2026-02-01 07:47:15
TXN-00004333,ACC-000394,MER-00005,IDEMP-00004333,SGD,2712,COMPLETED,2026-01-26 09:34:23,2026-01-26 09:36:14
TXN-00004334,ACC-000248,MER-00034,IDEMP-00004334,USD,2688,COMPLETED,2026-02-22 00:38:14,2026-02-22 00:44:25
TXN-00004335,ACC-000422,MER-00047,IDEMP-00004335,THB,4483,COMPLETED,2026-02-15 08:31:10,2026-02-15 08:31:55
TXN-00004336,ACC-000407,MER-00059,IDEMP-00004336,SGD,35698,COMPLETED,2026-01-29 22:59:21,2026-01-29 23:02:49
TXN-00004337,ACC-000387,MER-00035,IDEMP-00004337,USD,12788,COMPLETED,2026-01-12 07:52:36,2026-01-12 07:58:02
TXN-00004338,ACC-000138,MER-00061,IDEMP-00004338,SGD,5503,CANCELLED,2026-01-21 14:59:21,2026-01-21 15:07:34
TXN-00004339,ACC-000089,MER-00002,IDEMP-00004339,USD,1320,COMPLETED,2026-01-23 05:22:45,2026-01-23 05:30:34
TXN-00004340,ACC-000090,MER-00058,IDEMP-00004340,THB,4798,COMPLETED,2026-01-21 19:39:49,2026-01-21 19:44:24
TXN-00004341,ACC-000248,MER-00001,IDEMP-00004341,USD,4831,COMPLETED,2026-01-27 03:37:49,2026-01-27 03:47:29
TXN-00004342,ACC-000186,MER-00003,IDEMP-00004342,THB,1844,COMPLETED,2026-01-09 08:17:00,2026-01-09 08:23:15
TXN-00004343,ACC-000107,MER-00031,IDEMP-00004343,SGD,6580,COMPLETED,2026-02-21 12:13:52,2026-02-21 12:19:56
TXN-00004344,ACC-000297,MER-00025,IDEMP-00004344,SGD,912,COMPLETED,2026-02-25 13:59:44,2026-02-25 14:08:39
TXN-00004345,ACC-000359,MER-00065,IDEMP-00004345,THB,2525,COMPLETED,2026-02-12 06:37:22,2026-02-12 06:39:14
TXN-00004346,ACC-000240,MER-00052,IDEMP-00004346,USD,1638,COMPLETED,2026-01-09 17:36:39,2026-01-09 17:41:22
TXN-00004347,ACC-000154,MER-00008,IDEMP-00004347,THB,6081,PENDING,2026-01-25 20:59:41,
TXN-00004348,ACC-000005,MER-00051,IDEMP-00004348,THB,18245,COMPLETED,2026-01-29 09:53:40,2026-01-29 10:01:54
TXN-00004349,ACC-000328,MER-00009,IDEMP-00004349,THB,8213,COMPLETED,2026-01-14 21:02:46,2026-01-14 21:05:44
TXN-00004350,ACC-000237,MER-00015,IDEMP-00004350,USD,31382,COMPLETED,2026-01-04 15:41:30,2026-01-04 15:49:34
TXN-00004351,ACC-000390,MER-00010,IDEMP-00004351,SGD,19346,COMPLETED,2026-02-18 14:27:03,2026-02-18 14:33:31
TXN-00004352,ACC-000232,MER-00030,IDEMP-00004352,SGD,3838,COMPLETED,2026-02-07 19:11:27,2026-02-07 19:18:58
TXN-00004353,ACC-000360,MER-00017,IDEMP-00004353,THB,1306,COMPLETED,2026-02-27 16:40:30,2026-02-27 16:48:54
TXN-00004354,ACC-000270,MER-00078,IDEMP-00004354,SGD,9520,COMPLETED,2026-02-25 02:21:47,2026-02-25 02:28:04
TXN-00004355,ACC-000350,MER-00029,IDEMP-00004355,THB,34075,PENDING,2026-02-27 14:51:23,
TXN-00004356,ACC-000363,MER-00027,IDEMP-00004356,THB,15385,COMPLETED,2026-02-15 02:37:21,2026-02-15 02:38:34
TXN-00004357,ACC-000361,MER-00007,IDEMP-00004357,USD,6751,DECLINED,2026-01-09 06:36:27,2026-01-09 06:41:23
TXN-00004358,ACC-000345,MER-00010,IDEMP-00004358,THB,7432,COMPLETED,2026-01-24 23:27:16,2026-01-24 23:29:38
TXN-00004359,ACC-000026,MER-00058,IDEMP-00004359,USD,4123,COMPLETED,2026-02-27 18:38:00,2026-02-27 18:47:36
TXN-00004360,ACC-000215,MER-00037,IDEMP-00004360,THB,3103,COMPLETED,2026-02-20 01:17:59,2026-02-20 01:26:14
TXN-00004361,ACC-000298,MER-00006,IDEMP-00004361,SGD,3839,COMPLETED,2026-02-02 20:11:10,2026-02-02 20:18:42
TXN-00004362,ACC-000443,MER-00032,IDEMP-00004362,SGD,723,COMPLETED,2026-02-22 23:24:31,2026-02-22 23:33:10
TXN-00004363,ACC-000315,MER-00027,IDEMP-00004363,THB,2889,COMPLETED,2026-02-06 16:01:29,2026-02-06 16:05:18
TXN-00004364,ACC-000244,MER-00016,IDEMP-00004364,USD,1653,COMPLETED,2026-01-31 20:03:01,2026-01-31 20:10:41
TXN-00004365,ACC-000317,MER-00022,IDEMP-00004365,USD,1816,COMPLETED,2026-01-24 01:22:34,2026-01-24 01:26:20
TXN-00004366,ACC-000022,MER-00066,IDEMP-00004366,SGD,5156,CANCELLED,2026-01-15 07:13:39,2026-01-15 07:20:03
TXN-00004367,ACC-000417,MER-00039,IDEMP-00004367,USD,336,PENDING,2026-01-08 05:48:34,
TXN-00004368,ACC-000395,MER-00060,IDEMP-00004368,USD,2309,COMPLETED,2026-02-19 11:11:43,2026-02-19 11:14:56
TXN-00004369,ACC-000260,MER-00018,IDEMP-00004369,USD,10911,COMPLETED,2026-01-26 03:41:28,2026-01-26 03:49:42
TXN-00004370,ACC-000291,MER-00006,IDEMP-00004370,USD,8105,COMPLETED,2026-01-06 04:38:27,2026-01-06 04:41:28
TXN-00004371,ACC-000191,MER-00052,IDEMP-00004371,THB,612,PENDING,2026-01-12 16:03:59,
TXN-00004372,ACC-000384,MER-00050,IDEMP-00004372,USD,42303,COMPLETED,2026-01-25 04:23:37,2026-01-25 04:30:40
TXN-00004373,ACC-000241,MER-00001,IDEMP-00004373,THB,17706,COMPLETED,2026-01-22 15:16:08,2026-01-22 15:23:11
TXN-00004374,ACC-000369,MER-00052,IDEMP-00004374,USD,2907,COMPLETED,2026-02-19 13:42:29,2026-02-19 13:49:43
TXN-00004375,ACC-000304,MER-00022,IDEMP-00004375,SGD,3559,CANCELLED,2026-01-18 11:30:31,2026-01-18 11:36:42
TXN-00004376,ACC-000433,MER-00079,IDEMP-00004376,SGD,9071,COMPLETED,2026-01-30 09:25:04,2026-01-30 09:28:02
TXN-00004377,ACC-000245,MER-00014,IDEMP-00004377,USD,4229,COMPLETED,2026-02-06 16:33:56,2026-02-06 16:35:05
TXN-00004378,ACC-000139,MER-00060,IDEMP-00004378,SGD,8126,COMPLETED,2026-01-08 23:58:50,2026-01-09 00:04:25
TXN-00004379,ACC-000269,MER-00017,IDEMP-00004379,SGD,19036,COMPLETED,2026-02-09 23:48:00,2026-02-09 23:54:17
TXN-00004380,ACC-000417,MER-00003,IDEMP-00004380,USD,37616,DECLINED,2026-02-23 14:38:55,2026-02-23 14:39:17
TXN-00004381,ACC-000242,MER-00029,IDEMP-00004381,SGD,3302,COMPLETED,2026-01-04 12:04:46,2026-01-04 12:13:26
TXN-00004382,ACC-000440,MER-00036,IDEMP-00004382,SGD,7510,COMPLETED,2026-01-04 08:35:09,2026-01-04 08:41:47
TXN-00004383,ACC-000011,MER-00005,IDEMP-00004383,SGD,3615,COMPLETED,2026-02-21 03:26:27,2026-02-21 03:28:26
TXN-00004384,ACC-000251,MER-00022,IDEMP-00004384,USD,1444,COMPLETED,2026-01-27 00:43:27,2026-01-27 00:48:56
TXN-00004385,ACC-000016,MER-00016,IDEMP-00004385,SGD,3136,CANCELLED,2026-01-08 01:29:46,2026-01-08 01:37:29
TXN-00004386,ACC-000132,MER-00049,IDEMP-00004386,SGD,5820,PENDING,2026-02-14 20:39:46,
TXN-00004387,ACC-000276,MER-00017,IDEMP-00004387,USD,3740,COMPLETED,2026-02-07 15:43:28,2026-02-07 15:51:16
TXN-00004388,ACC-000269,MER-00049,IDEMP-00004388,SGD,2285,COMPLETED,2026-01-06 09:14:00,2026-01-06 09:17:26
TXN-00004389,ACC-000064,MER-00049,IDEMP-00004389,SGD,2990,COMPLETED,2026-01-23 09:56:20,2026-01-23 09:56:21
TXN-00004390,ACC-000073,MER-00036,IDEMP-00004390,THB,5707,COMPLETED,2026-02-04 11:54:51,2026-02-04 11:59:03
TXN-00004391,ACC-000271,MER-00069,IDEMP-00004391,SGD,7553,DECLINED,2026-01-15 04:00:51,2026-01-15 04:09:47
TXN-00004392,ACC-000111,MER-00035,IDEMP-00004392,SGD,3852,COMPLETED,2026-01-20 00:25:14,2026-01-20 00:26:54
TXN-00004393,ACC-000433,MER-00011,IDEMP-00004393,SGD,2113,CANCELLED,2026-02-04 08:56:13,2026-02-04 09:01:35
TXN-00004394,ACC-000061,MER-00034,IDEMP-00004394,SGD,1321,COMPLETED,2026-01-23 21:07:19,2026-01-23 21:14:33
TXN-00004395,ACC-000295,MER-00062,IDEMP-00004395,THB,1254,COMPLETED,2026-01-05 13:34:41,2026-01-05 13:43:53
TXN-00004396,ACC-000013,MER-00011,IDEMP-00004396,THB,17694,PENDING,2026-02-27 11:34:28,
TXN-00004397,ACC-000037,MER-00002,IDEMP-00004397,USD,685,COMPLETED,2026-01-16 17:05:14,2026-01-16 17:12:52
TXN-00004398,ACC-000200,MER-00058,IDEMP-00004398,USD,4392,COMPLETED,2026-01-24 03:53:13,2026-01-24 04:02:45
TXN-00004399,ACC-000368,MER-00019,IDEMP-00004399,THB,2047,COMPLETED,2026-01-19 14:17:02,2026-01-19 14:18:43
TXN-00004400,ACC-000163,MER-00026,IDEMP-00004400,SGD,2330,COMPLETED,2026-01-02 11:55:36,2026-01-02 12:00:52
TXN-00004401,ACC-000035,MER-00029,IDEMP-00004401,THB,18655,COMPLETED,2026-02-25 17:25:28,2026-02-25 17:27:32
TXN-00004402,ACC-000063,MER-00025,IDEMP-00004402,THB,10510,PENDING,2026-03-01 07:02:47,
TXN-00004403,ACC-000327,MER-00053,IDEMP-00004403,USD,1005,COMPLETED,2026-02-27 05:43:39,2026-02-27 05:51:05
TXN-00004404,ACC-000214,MER-00022,IDEMP-00004404,THB,22023,COMPLETED,2026-02-02 09:26:59,2026-02-02 09:34:52
TXN-00004405,ACC-000398,MER-00051,IDEMP-00004405,THB,3209,CANCELLED,2026-01-16 07:49:17,2026-01-16 07:54:11
TXN-00004406,ACC-000348,MER-00019,IDEMP-00004406,SGD,9635,COMPLETED,2026-01-11 11:25:25,2026-01-11 11:33:05
TXN-00004407,ACC-000046,MER-00066,IDEMP-00004407,SGD,4567,DECLINED,2026-02-13 13:58:53,2026-02-13 14:08:35
TXN-00004408,ACC-000008,MER-00049,IDEMP-00004408,THB,6730,COMPLETED,2026-01-25 15:46:34,2026-01-25 15:47:33
TXN-00004409,ACC-000193,MER-00076,IDEMP-00004409,USD,8171,COMPLETED,2026-02-12 10:27:23,2026-02-12 10:29:45
TXN-00004410,ACC-000102,MER-00005,IDEMP-00004410,THB,1217,COMPLETED,2026-02-05 13:57:43,2026-02-05 14:01:13
TXN-00004411,ACC-000013,MER-00079,IDEMP-00004411,THB,9035,COMPLETED,2026-01-13 12:17:36,2026-01-13 12:21:57
TXN-00004412,ACC-000090,MER-00072,IDEMP-00004412,THB,7655,COMPLETED,2026-02-27 14:08:41,2026-02-27 14:11:40
TXN-00004413,ACC-000417,MER-00080,IDEMP-00004413,USD,15781,CANCELLED,2026-01-01 09:27:27,2026-01-01 09:36:40
TXN-00004414,ACC-000166,MER-00070,IDEMP-00004414,SGD,1393,COMPLETED,2026-02-18 05:26:49,2026-02-18 05:33:59
TXN-00004415,ACC-000409,MER-00039,IDEMP-00004415,USD,4623,COMPLETED,2026-02-14 23:16:41,2026-02-14 23:24:17
TXN-00004416,ACC-000361,MER-00031,IDEMP-00004416,USD,7475,COMPLETED,2026-01-01 08:26:52,2026-01-01 08:34:30
TXN-00004417,ACC-000115,MER-00026,IDEMP-00004417,USD,5928,COMPLETED,2026-01-27 03:47:10,2026-01-27 03:49:19
TXN-00004418,ACC-000291,MER-00058,IDEMP-00004418,USD,1107,COMPLETED,2026-01-18 23:56:30,2026-01-18 23:57:20
TXN-00004419,ACC-000099,MER-00065,IDEMP-00004419,SGD,15910,COMPLETED,2026-01-22 21:53:08,2026-01-22 21:56:19
TXN-00004420,ACC-000357,MER-00060,IDEMP-00004420,SGD,5728,COMPLETED,2026-01-01 03:44:00,2026-01-01 03:47:32
TXN-00004421,ACC-000385,MER-00061,IDEMP-00004421,THB,7978,COMPLETED,2026-02-24 05:46:10,2026-02-24 05:49:41
TXN-00004422,ACC-000137,MER-00025,IDEMP-00004422,SGD,7679,CANCELLED,2026-02-12 20:11:02,2026-02-12 20:13:06
TXN-00004423,ACC-000225,MER-00060,IDEMP-00004423,USD,3375,COMPLETED,2026-01-24 02:02:59,2026-01-24 02:05:41
TXN-00004424,ACC-000349,MER-00037,IDEMP-00004424,USD,17315,COMPLETED,2026-01-09 03:21:35,2026-01-09 03:29:31
TXN-00004425,ACC-000075,MER-00070,IDEMP-00004425,SGD,7153,COMPLETED,2026-01-28 02:57:33,2026-01-28 02:58:27
TXN-00004426,ACC-000207,MER-00053,IDEMP-00004426,THB,2627,COMPLETED,2026-01-31 12:56:10,2026-01-31 12:58:36
TXN-00004427,ACC-000109,MER-00016,IDEMP-00004427,THB,7045,COMPLETED,2026-01-24 23:07:57,2026-01-24 23:11:10
TXN-00004428,ACC-000352,MER-00064,IDEMP-00004428,SGD,4757,COMPLETED,2026-02-06 11:41:24,2026-02-06 11:47:49
TXN-00004429,ACC-000082,MER-00030,IDEMP-00004429,USD,9536,DECLINED,2026-02-25 20:14:05,2026-02-25 20:20:11
TXN-00004430,ACC-000097,MER-00058,IDEMP-00004430,SGD,2110,DECLINED,2026-01-27 19:19:34,2026-01-27 19:22:33
TXN-00004431,ACC-000239,MER-00010,IDEMP-00004431,USD,969,COMPLETED,2026-02-17 06:04:51,2026-02-17 06:08:01
TXN-00004432,ACC-000426,MER-00066,IDEMP-00004432,USD,627,COMPLETED,2026-02-05 20:22:28,2026-02-05 20:30:48
TXN-00004433,ACC-000227,MER-00040,IDEMP-00004433,SGD,13184,COMPLETED,2026-01-24 04:47:29,2026-01-24 04:49:12
TXN-00004434,ACC-000252,MER-00059,IDEMP-00004434,SGD,2480,COMPLETED,2026-01-12 05:14:21,2026-01-12 05:14:50
TXN-00004435,ACC-000075,MER-00025,IDEMP-00004435,SGD,6919,COMPLETED,2026-02-06 21:06:56,2026-02-06 21:11:35
TXN-00004436,ACC-000390,MER-00079,IDEMP-00004436,SGD,1547,COMPLETED,2026-01-10 09:42:17,2026-01-10 09:43:28
TXN-00004437,ACC-000069,MER-00046,IDEMP-00004437,SGD,9488,COMPLETED,2026-02-01 20:56:58,2026-02-01 21:02:08
TXN-00004438,ACC-000378,MER-00039,IDEMP-00004438,USD,11068,COMPLETED,2026-02-19 20:52:32,2026-02-19 21:00:57
TXN-00004439,ACC-000273,MER-00001,IDEMP-00004439,THB,4822,COMPLETED,2026-02-02 05:00:18,2026-02-02 05:00:44
TXN-00004440,ACC-000307,MER-00021,IDEMP-00004440,THB,4168,DECLINED,2026-01-26 07:15:05,2026-01-26 07:20:51
TXN-00004441,ACC-000297,MER-00042,IDEMP-00004441,SGD,8988,COMPLETED,2026-01-22 06:39:10,2026-01-22 06:46:58
TXN-00004442,ACC-000303,MER-00029,IDEMP-00004442,SGD,5306,COMPLETED,2026-01-16 19:55:09,2026-01-16 19:56:44
TXN-00004443,ACC-000292,MER-00079,IDEMP-00004443,THB,23158,COMPLETED,2026-01-16 22:19:39,2026-01-16 22:26:54
TXN-00004444,ACC-000225,MER-00053,IDEMP-00004444,USD,11096,COMPLETED,2026-01-07 23:28:45,2026-01-07 23:33:10
TXN-00004445,ACC-000187,MER-00030,IDEMP-00004445,SGD,2179,COMPLETED,2026-01-05 22:42:41,2026-01-05 22:48:33
TXN-00004446,ACC-000034,MER-00056,IDEMP-00004446,SGD,8206,COMPLETED,2026-02-10 09:58:57,2026-02-10 10:02:24
TXN-00004447,ACC-000353,MER-00026,IDEMP-00004447,THB,1944,COMPLETED,2026-02-12 20:52:37,2026-02-12 20:59:49
TXN-00004448,ACC-000361,MER-00031,IDEMP-00004448,USD,11611,DECLINED,2026-02-21 12:23:50,2026-02-21 12:28:29
TXN-00004449,ACC-000290,MER-00011,IDEMP-00004449,USD,6477,COMPLETED,2026-01-11 16:28:20,2026-01-11 16:32:35
TXN-00004450,ACC-000313,MER-00055,IDEMP-00004450,THB,10802,CANCELLED,2026-02-03 05:48:46,2026-02-03 05:51:03
TXN-00004451,ACC-000029,MER-00004,IDEMP-00004451,THB,4070,COMPLETED,2026-01-04 08:07:10,2026-01-04 08:11:53
TXN-00004452,ACC-000357,MER-00004,IDEMP-00004452,SGD,4187,COMPLETED,2026-03-01 14:01:47,2026-03-01 14:03:27
TXN-00004453,ACC-000024,MER-00071,IDEMP-00004453,SGD,2186,PENDING,2026-02-23 19:10:18,
TXN-00004454,ACC-000202,MER-00032,IDEMP-00004454,USD,7142,COMPLETED,2026-02-04 23:26:37,2026-02-04 23:31:17
TXN-00004455,ACC-000304,MER-00043,IDEMP-00004455,SGD,2446,COMPLETED,2026-01-13 01:17:27,2026-01-13 01:27:23
TXN-00004456,ACC-000237,MER-00039,IDEMP-00004456,USD,4292,PENDING,2026-01-01 19:34:55,
TXN-00004457,ACC-000272,MER-00018,IDEMP-00004457,THB,3345,COMPLETED,2026-01-31 04:12:58,2026-01-31 04:14:21
TXN-00004458,ACC-000192,MER-00004,IDEMP-00004458,SGD,18966,COMPLETED,2026-02-24 04:59:27,2026-02-24 05:02:28
TXN-00004459,ACC-000027,MER-00069,IDEMP-00004459,SGD,4378,COMPLETED,2026-01-18 18:38:01,2026-01-18 18:39:08
TXN-00004460,ACC-000348,MER-00058,IDEMP-00004460,SGD,5623,COMPLETED,2026-02-14 16:00:40,2026-02-14 16:01:33
TXN-00004461,ACC-000323,MER-00038,IDEMP-00004461,USD,6850,PENDING,2026-01-23 01:48:12,
TXN-00004462,ACC-000207,MER-00061,IDEMP-00004462,THB,1821,PENDING,2026-02-16 21:52:23,
TXN-00004463,ACC-000290,MER-00058,IDEMP-00004463,USD,1261,COMPLETED,2026-01-07 17:18:08,2026-01-07 17:23:00
TXN-00004464,ACC-000272,MER-00057,IDEMP-00004464,THB,3218,COMPLETED,2026-02-04 03:06:05,2026-02-04 03:07:08
TXN-00004465,ACC-000230,MER-00013,IDEMP-00004465,THB,18187,COMPLETED,2026-02-18 03:49:01,2026-02-18 03:53:14
TXN-00004466,ACC-000259,MER-00027,IDEMP-00004466,THB,5035,DECLINED,2026-02-20 05:12:38,2026-02-20 05:13:44
TXN-00004467,ACC-000139,MER-00011,IDEMP-00004467,SGD,2745,COMPLETED,2026-01-02 16:43:40,2026-01-02 16:51:30
TXN-00004468,ACC-000286,MER-00065,IDEMP-00004468,THB,7644,COMPLETED,2026-01-29 05:35:02,2026-01-29 05:42:21
TXN-00004469,ACC-000294,MER-00011,IDEMP-00004469,SGD,848,CANCELLED,2026-02-03 22:05:06,2026-02-03 22:10:19
TXN-00004470,ACC-000331,MER-00024,IDEMP-00004470,USD,14320,COMPLETED,2026-02-18 00:52:04,2026-02-18 00:55:02
TXN-00004471,ACC-000341,MER-00021,IDEMP-00004471,THB,9180,COMPLETED,2026-01-14 17:30:55,2026-01-14 17:36:33
TXN-00004472,ACC-000177,MER-00015,IDEMP-00004472,USD,7778,PENDING,2026-01-22 17:00:37,
TXN-00004473,ACC-000209,MER-00080,IDEMP-00004473,USD,2087,COMPLETED,2026-01-20 01:39:27,2026-01-20 01:46:52
TXN-00004474,ACC-000154,MER-00030,IDEMP-00004474,THB,1646,COMPLETED,2026-01-30 00:07:08,2026-01-30 00:09:56
TXN-00004475,ACC-000062,MER-00077,IDEMP-00004475,USD,4603,COMPLETED,2026-02-07 06:12:48,2026-02-07 06:21:05
TXN-00004476,ACC-000097,MER-00012,IDEMP-00004476,SGD,2824,COMPLETED,2026-01-20 03:03:02,2026-01-20 03:08:16
TXN-00004477,ACC-000133,MER-00011,IDEMP-00004477,USD,5006,COMPLETED,2026-02-15 22:23:24,2026-02-15 22:32:17
TXN-00004478,ACC-000221,MER-00049,IDEMP-00004478,USD,7077,COMPLETED,2026-02-20 00:31:57,2026-02-20 00:41:34
TXN-00004479,ACC-000418,MER-00042,IDEMP-00004479,USD,4562,COMPLETED,2026-02-09 12:06:11,2026-02-09 12:12:32
TXN-00004480,ACC-000017,MER-00029,IDEMP-00004480,USD,4946,COMPLETED,2026-02-24 19:51:58,2026-02-24 20:00:06
TXN-00004481,ACC-000093,MER-00013,IDEMP-00004481,SGD,4236,DECLINED,2026-02-14 02:45:51,2026-02-14 02:50:34
TXN-00004482,ACC-000380,MER-00022,IDEMP-00004482,SGD,12585,COMPLETED,2026-03-01 18:18:42,2026-03-01 18:24:41
TXN-00004483,ACC-000412,MER-00058,IDEMP-00004483,THB,29384,PENDING,2026-02-04 11:20:05,
TXN-00004484,ACC-000366,MER-00037,IDEMP-00004484,USD,11152,COMPLETED,2026-02-23 01:43:51,2026-02-23 01:44:10
TXN-00004485,ACC-000274,MER-00055,IDEMP-00004485,USD,11003,COMPLETED,2026-02-01 05:22:23,2026-02-01 05:29:36
TXN-00004486,ACC-000183,MER-00005,IDEMP-00004486,SGD,13358,DECLINED,2026-01-22 08:44:50,2026-01-22 08:49:33
TXN-00004487,ACC-000106,MER-00059,IDEMP-00004487,SGD,949,COMPLETED,2026-01-14 23:00:32,2026-01-14 23:08:39
TXN-00004488,ACC-000442,MER-00012,IDEMP-00004488,SGD,8194,COMPLETED,2026-02-17 18:48:55,2026-02-17 18:56:00
TXN-00004489,ACC-000128,MER-00030,IDEMP-00004489,USD,14287,COMPLETED,2026-02-03 02:00:14,2026-02-03 02:03:24
TXN-00004490,ACC-000343,MER-00038,IDEMP-00004490,THB,4200,COMPLETED,2026-01-31 02:56:44,2026-01-31 02:57:07
TXN-00004491,ACC-000180,MER-00016,IDEMP-00004491,SGD,1378,COMPLETED,2026-01-17 23:58:16,2026-01-18 00:06:50
TXN-00004492,ACC-000117,MER-00048,IDEMP-00004492,SGD,888,COMPLETED,2026-02-17 11:17:19,2026-02-17 11:19:22
TXN-00004493,ACC-000129,MER-00062,IDEMP-00004493,SGD,15766,COMPLETED,2026-02-21 09:38:18,2026-02-21 09:43:18
TXN-00004494,ACC-000424,MER-00006,IDEMP-00004494,USD,3888,COMPLETED,2026-01-09 01:35:20,2026-01-09 01:39:40
TXN-00004495,ACC-000033,MER-00006,IDEMP-00004495,USD,21897,PENDING,2026-02-18 01:35:08,
TXN-00004496,ACC-000410,MER-00074,IDEMP-00004496,USD,18765,COMPLETED,2026-01-18 14:40:10,2026-01-18 14:45:36
TXN-00004497,ACC-000301,MER-00011,IDEMP-00004497,THB,2580,COMPLETED,2026-02-12 07:33:01,2026-02-12 07:34:35
TXN-00004498,ACC-000158,MER-00078,IDEMP-00004498,USD,3308,COMPLETED,2026-01-28 02:25:44,2026-01-28 02:30:15
TXN-00004499,ACC-000302,MER-00057,IDEMP-00004499,THB,16018,COMPLETED,2026-02-14 20:46:52,2026-02-14 20:48:58
TXN-00004500,ACC-000335,MER-00044,IDEMP-00004500,USD,16311,COMPLETED,2026-01-30 13:23:59,2026-01-30 13:27:47
TXN-00004501,ACC-000118,MER-00040,IDEMP-00004501,THB,2949,COMPLETED,2026-01-06 01:26:45,2026-01-06 01:35:59
TXN-00004502,ACC-000058,MER-00014,IDEMP-00004502,SGD,3572,COMPLETED,2026-01-22 04:10:22,2026-01-22 04:14:29
TXN-00004503,ACC-000130,MER-00015,IDEMP-00004503,SGD,3449,COMPLETED,2026-02-26 14:43:52,2026-02-26 14:53:15
TXN-00004504,ACC-000195,MER-00036,IDEMP-00004504,THB,2489,DECLINED,2026-01-02 20:17:21,2026-01-02 20:21:04
TXN-00004505,ACC-000189,MER-00042,IDEMP-00004505,SGD,13688,PENDING,2026-01-06 18:58:53,
TXN-00004506,ACC-000001,MER-00007,IDEMP-00004506,THB,2949,COMPLETED,2026-02-20 23:29:57,2026-02-20 23:32:29
TXN-00004507,ACC-000333,MER-00048,IDEMP-00004507,USD,12574,COMPLETED,2026-01-11 21:53:42,2026-01-11 21:54:31
TXN-00004508,ACC-000072,MER-00046,IDEMP-00004508,THB,3751,COMPLETED,2026-01-17 08:06:28,2026-01-17 08:08:02
TXN-00004509,ACC-000349,MER-00044,IDEMP-00004509,USD,2476,PENDING,2026-02-13 10:11:47,
TXN-00004510,ACC-000149,MER-00014,IDEMP-00004510,THB,21295,COMPLETED,2026-02-22 04:56:04,2026-02-22 05:03:09
TXN-00004511,ACC-000189,MER-00070,IDEMP-00004511,SGD,1841,COMPLETED,2026-02-18 08:34:26,2026-02-18 08:35:51
TXN-00004512,ACC-000008,MER-00017,IDEMP-00004512,THB,12368,COMPLETED,2026-01-08 15:18:35,2026-01-08 15:22:42
TXN-00004513,ACC-000207,MER-00018,IDEMP-00004513,THB,3755,PENDING,2026-01-25 10:19:03,
TXN-00004514,ACC-000366,MER-00006,IDEMP-00004514,USD,10656,COMPLETED,2026-01-16 06:56:46,2026-01-16 06:58:20
TXN-00004515,ACC-000081,MER-00078,IDEMP-00004515,USD,6821,COMPLETED,2026-02-19 11:40:42,2026-02-19 11:46:52
TXN-00004516,ACC-000160,MER-00072,IDEMP-00004516,USD,4285,CANCELLED,2026-02-19 08:27:29,2026-02-19 08:35:39
TXN-00004517,ACC-000386,MER-00018,IDEMP-00004517,USD,3525,CANCELLED,2026-02-20 16:54:14,2026-02-20 16:57:12
TXN-00004518,ACC-000366,MER-00026,IDEMP-00004518,USD,715,PENDING,2026-01-15 09:44:07,
TXN-00004519,ACC-000380,MER-00059,IDEMP-00004519,SGD,1308,COMPLETED,2026-02-27 22:13:37,2026-02-27 22:17:16
TXN-00004520,ACC-000022,MER-00038,IDEMP-00004520,SGD,11601,PENDING,2026-01-14 07:46:08,
TXN-00004521,ACC-000140,MER-00018,IDEMP-00004521,SGD,6797,COMPLETED,2026-02-23 20:05:22,2026-02-23 20:13:30
TXN-00004522,ACC-000170,MER-00079,IDEMP-00004522,USD,27069,COMPLETED,2026-02-21 07:29:47,2026-02-21 07:34:11
TXN-00004523,ACC-000360,MER-00057,IDEMP-00004523,THB,10755,COMPLETED,2026-01-09 13:47:38,2026-01-09 13:49:10
TXN-00004524,ACC-000123,MER-00036,IDEMP-00004524,USD,2698,COMPLETED,2026-02-17 03:53:51,2026-02-17 03:59:05
TXN-00004525,ACC-000133,MER-00071,IDEMP-00004525,USD,2723,COMPLETED,2026-02-22 18:56:17,2026-02-22 18:57:48
TXN-00004526,ACC-000247,MER-00001,IDEMP-00004526,USD,5204,COMPLETED,2026-01-14 22:22:06,2026-01-14 22:23:07
TXN-00004527,ACC-000182,MER-00007,IDEMP-00004527,THB,1883,COMPLETED,2026-03-01 03:09:36,2026-03-01 03:11:27
TXN-00004528,ACC-000373,MER-00056,IDEMP-00004528,SGD,6771,COMPLETED,2026-02-20 13:51:03,2026-02-20 13:59:08
TXN-00004529,ACC-000098,MER-00011,IDEMP-00004529,THB,2596,COMPLETED,2026-01-30 08:55:59,2026-01-30 08:57:07
TXN-00004530,ACC-000126,MER-00074,IDEMP-00004530,SGD,9738,PENDING,2026-01-07 05:10:40,
TXN-00004531,ACC-000279,MER-00024,IDEMP-00004531,SGD,18820,COMPLETED,2026-01-10 21:08:53,2026-01-10 21:16:53
TXN-00004532,ACC-000432,MER-00050,IDEMP-00004532,SGD,16084,COMPLETED,2026-01-13 03:37:52,2026-01-13 03:39:31
TXN-00004533,ACC-000062,MER-00032,IDEMP-00004533,USD,10841,COMPLETED,2026-02-19 10:30:03,2026-02-19 10:36:48
TXN-00004534,ACC-000150,MER-00058,IDEMP-00004534,SGD,2508,COMPLETED,2026-02-25 18:49:47,2026-02-25 18:54:06
TXN-00004535,ACC-000250,MER-00080,IDEMP-00004535,SGD,64093,CANCELLED,2026-01-07 04:41:10,2026-01-07 04:44:14
TXN-00004536,ACC-000366,MER-00044,IDEMP-00004536,USD,4047,DECLINED,2026-02-04 20:46:10,2026-02-04 20:47:04
TXN-00004537,ACC-000088,MER-00029,IDEMP-00004537,SGD,2070,COMPLETED,2026-02-28 13:38:00,2026-02-28 13:44:56
TXN-00004538,ACC-000327,MER-00038,IDEMP-00004538,USD,2301,COMPLETED,2026-01-15 00:50:28,2026-01-15 00:51:57
TXN-00004539,ACC-000237,MER-00010,IDEMP-00004539,USD,588,COMPLETED,2026-01-29 09:43:47,2026-01-29 09:47:09
TXN-00004540,ACC-000184,MER-00051,IDEMP-00004540,SGD,9267,PENDING,2026-02-20 03:30:39,
TXN-00004541,ACC-000246,MER-00061,IDEMP-00004541,THB,9430,COMPLETED,2026-02-16 11:15:52,2026-02-16 11:24:43
TXN-00004542,ACC-000172,MER-00013,IDEMP-00004542,THB,12433,COMPLETED,2026-02-14 01:55:32,2026-02-14 02:00:20
TXN-00004543,ACC-000177,MER-00077,IDEMP-00004543,USD,3904,COMPLETED,2026-02-17 12:00:51,2026-02-17 12:09:58
TXN-00004544,ACC-000201,MER-00030,IDEMP-00004544,SGD,9456,COMPLETED,2026-02-23 02:22:54,2026-02-23 02:26:30
TXN-00004545,ACC-000404,MER-00051,IDEMP-00004545,SGD,9656,COMPLETED,2026-01-12 07:57:35,2026-01-12 08:05:44
TXN-00004546,ACC-000428,MER-00077,IDEMP-00004546,USD,1821,PENDING,2026-02-16 21:43:15,
TXN-00004547,ACC-000215,MER-00002,IDEMP-00004547,THB,3757,COMPLETED,2026-01-16 12:50:15,2026-01-16 12:51:47
TXN-00004548,ACC-000054,MER-00003,IDEMP-00004548,USD,720,COMPLETED,2026-02-25 22:52:20,2026-02-25 22:56:58
TXN-00004549,ACC-000344,MER-00072,IDEMP-00004549,THB,34001,PENDING,2026-02-07 22:50:38,
TXN-00004550,ACC-000269,MER-00078,IDEMP-00004550,SGD,1553,COMPLETED,2026-01-06 19:32:09,2026-01-06 19:36:17
TXN-00004551,ACC-000184,MER-00063,IDEMP-00004551,SGD,3270,COMPLETED,2026-01-16 09:11:30,2026-01-16 09:12:04
TXN-00004552,ACC-000051,MER-00041,IDEMP-00004552,USD,902,COMPLETED,2026-01-22 23:30:32,2026-01-22 23:40:06
TXN-00004553,ACC-000218,MER-00048,IDEMP-00004553,USD,1750,COMPLETED,2026-01-06 15:22:13,2026-01-06 15:25:47
TXN-00004554,ACC-000364,MER-00049,IDEMP-00004554,THB,6978,COMPLETED,2026-02-21 06:50:59,2026-02-21 06:52:45
TXN-00004555,ACC-000013,MER-00018,IDEMP-00004555,THB,3592,COMPLETED,2026-01-07 00:35:13,2026-01-07 00:38:13
TXN-00004556,ACC-000124,MER-00029,IDEMP-00004556,USD,3513,COMPLETED,2026-01-25 13:12:15,2026-01-25 13:14:36
TXN-00004557,ACC-000326,MER-00044,IDEMP-00004557,USD,1147,COMPLETED,2026-01-02 10:59:46,2026-01-02 11:01:18
TXN-00004558,ACC-000427,MER-00007,IDEMP-00004558,THB,1989,COMPLETED,2026-02-16 13:01:58,2026-02-16 13:02:30
TXN-00004559,ACC-000110,MER-00064,IDEMP-00004559,USD,1111,PENDING,2026-02-05 04:26:09,
TXN-00004560,ACC-000286,MER-00038,IDEMP-00004560,THB,12559,COMPLETED,2026-01-26 06:55:10,2026-01-26 06:58:09
TXN-00004561,ACC-000253,MER-00020,IDEMP-00004561,SGD,18906,COMPLETED,2026-02-28 17:41:09,2026-02-28 17:45:25
TXN-00004562,ACC-000003,MER-00061,IDEMP-00004562,THB,1704,CANCELLED,2026-01-24 13:09:39,2026-01-24 13:10:29
TXN-00004563,ACC-000019,MER-00026,IDEMP-00004563,SGD,19536,DECLINED,2026-02-07 17:04:57,2026-02-07 17:13:19
TXN-00004564,ACC-000179,MER-00074,IDEMP-00004564,THB,7443,COMPLETED,2026-01-24 15:53:21,2026-01-24 15:56:51
TXN-00004565,ACC-000414,MER-00016,IDEMP-00004565,USD,579,COMPLETED,2026-01-02 07:28:16,2026-01-02 07:33:08
TXN-00004566,ACC-000299,MER-00004,IDEMP-00004566,THB,1188,COMPLETED,2026-02-01 17:31:09,2026-02-01 17:32:19
TXN-00004567,ACC-000136,MER-00020,IDEMP-00004567,SGD,6109,COMPLETED,2026-01-07 01:36:39,2026-01-07 01:46:38
TXN-00004568,ACC-000059,MER-00012,IDEMP-00004568,SGD,18873,COMPLETED,2026-02-08 18:11:24,2026-02-08 18:18:21
TXN-00004569,ACC-000427,MER-00055,IDEMP-00004569,THB,1367,COMPLETED,2026-02-13 21:41:23,2026-02-13 21:47:15
TXN-00004570,ACC-000387,MER-00049,IDEMP-00004570,USD,3378,COMPLETED,2026-02-21 19:07:50,2026-02-21 19:10:06
TXN-00004571,ACC-000143,MER-00060,IDEMP-00004571,SGD,19887,COMPLETED,2026-02-28 23:45:14,2026-02-28 23:53:32
TXN-00004572,ACC-000212,MER-00008,IDEMP-00004572,THB,20936,DECLINED,2026-01-19 18:53:19,2026-01-19 19:02:46
TXN-00004573,ACC-000031,MER-00030,IDEMP-00004573,THB,4801,COMPLETED,2026-01-07 05:16:06,2026-01-07 05:21:08
TXN-00004574,ACC-000300,MER-00017,IDEMP-00004574,THB,1108,CANCELLED,2026-01-20 23:58:20,2026-01-20 23:59:20
TXN-00004575,ACC-000181,MER-00050,IDEMP-00004575,USD,3141,COMPLETED,2026-01-23 16:43:41,2026-01-23 16:43:42
TXN-00004576,ACC-000036,MER-00010,IDEMP-00004576,SGD,10528,COMPLETED,2026-01-09 04:50:49,2026-01-09 04:57:24
TXN-00004577,ACC-000388,MER-00054,IDEMP-00004577,USD,11041,COMPLETED,2026-01-10 21:08:25,2026-01-10 21:13:25
TXN-00004578,ACC-000343,MER-00050,IDEMP-00004578,THB,4171,COMPLETED,2026-01-08 08:24:20,2026-01-08 08:24:30
TXN-00004579,ACC-000084,MER-00021,IDEMP-00004579,USD,5059,COMPLETED,2026-01-07 15:56:00,2026-01-07 15:57:12
TXN-00004580,ACC-000101,MER-00006,IDEMP-00004580,THB,7669,COMPLETED,2026-02-28 11:36:17,2026-02-28 11:45:25
TXN-00004581,ACC-000112,MER-00008,IDEMP-00004581,SGD,9871,COMPLETED,2026-01-05 20:41:42,2026-01-05 20:48:37
TXN-00004582,ACC-000287,MER-00075,IDEMP-00004582,USD,2377,COMPLETED,2026-02-04 21:44:26,2026-02-04 21:52:11
TXN-00004583,ACC-000010,MER-00061,IDEMP-00004583,USD,4249,DECLINED,2026-01-09 00:36:16,2026-01-09 00:37:51
TXN-00004584,ACC-000073,MER-00034,IDEMP-00004584,THB,1824,COMPLETED,2026-01-27 14:12:33,2026-01-27 14:14:27
TXN-00004585,ACC-000436,MER-00065,IDEMP-00004585,SGD,861,COMPLETED,2026-01-08 05:46:48,2026-01-08 05:48:13
TXN-00004586,ACC-000428,MER-00076,IDEMP-00004586,USD,9291,COMPLETED,2026-02-20 18:54:27,2026-02-20 18:55:32
TXN-00004587,ACC-000294,MER-00059,IDEMP-00004587,SGD,5089,COMPLETED,2026-01-14 20:32:00,2026-01-14 20:39:06
TXN-00004588,ACC-000237,MER-00003,IDEMP-00004588,USD,6146,DECLINED,2026-01-08 11:18:58,2026-01-08 11:24:04
TXN-00004589,ACC-000178,MER-00078,IDEMP-00004589,SGD,2835,COMPLETED,2026-02-03 12:46:26,2026-02-03 12:49:10
TXN-00004590,ACC-000065,MER-00058,IDEMP-00004590,THB,2232,COMPLETED,2026-01-20 07:30:33,2026-01-20 07:40:23
TXN-00004591,ACC-000125,MER-00033,IDEMP-00004591,USD,1332,COMPLETED,2026-01-24 10:42:16,2026-01-24 10:50:22
TXN-00004592,ACC-000015,MER-00046,IDEMP-00004592,USD,10934,COMPLETED,2026-02-10 03:23:17,2026-02-10 03:32:02
TXN-00004593,ACC-000444,MER-00029,IDEMP-00004593,THB,7151,COMPLETED,2026-02-05 21:27:38,2026-02-05 21:32:39
TXN-00004594,ACC-000109,MER-00005,IDEMP-00004594,THB,8935,COMPLETED,2026-02-09 10:25:56,2026-02-09 10:26:04
TXN-00004595,ACC-000019,MER-00015,IDEMP-00004595,SGD,15075,COMPLETED,2026-02-10 13:22:15,2026-02-10 13:29:04
TXN-00004596,ACC-000120,MER-00048,IDEMP-00004596,THB,3696,COMPLETED,2026-01-01 07:22:15,2026-01-01 07:29:13
TXN-00004597,ACC-000240,MER-00050,IDEMP-00004597,USD,3580,COMPLETED,2026-01-31 14:47:46,2026-01-31 14:56:53
TXN-00004598,ACC-000113,MER-00063,IDEMP-00004598,THB,16316,COMPLETED,2026-01-25 00:08:03,2026-01-25 00:08:37
TXN-00004599,ACC-000439,MER-00002,IDEMP-00004599,SGD,4052,DECLINED,2026-02-14 11:38:26,2026-02-14 11:42:10
TXN-00004600,ACC-000067,MER-00049,IDEMP-00004600,THB,10505,COMPLETED,2026-02-27 17:58:48,2026-02-27 18:08:18
TXN-00004601,ACC-000350,MER-00003,IDEMP-00004601,THB,12347,COMPLETED,2026-01-06 10:49:53,2026-01-06 10:59:43
TXN-00004602,ACC-000396,MER-00062,IDEMP-00004602,THB,2006,COMPLETED,2026-02-17 04:48:27,2026-02-17 04:49:34
TXN-00004603,ACC-000074,MER-00039,IDEMP-00004603,THB,6454,DECLINED,2026-02-08 18:33:42,2026-02-08 18:40:36
TXN-00004604,ACC-000071,MER-00030,IDEMP-00004604,USD,1229,COMPLETED,2026-01-30 07:25:54,2026-01-30 07:34:03
TXN-00004605,ACC-000285,MER-00070,IDEMP-00004605,SGD,7362,COMPLETED,2026-02-16 11:49:21,2026-02-16 11:56:02
TXN-00004606,ACC-000366,MER-00025,IDEMP-00004606,USD,3007,COMPLETED,2026-02-03 08:03:26,2026-02-03 08:07:02
TXN-00004607,ACC-000387,MER-00030,IDEMP-00004607,USD,5455,DECLINED,2026-02-18 00:07:48,2026-02-18 00:11:49
TXN-00004608,ACC-000282,MER-00054,IDEMP-00004608,THB,1303,COMPLETED,2026-02-20 15:59:54,2026-02-20 16:06:06
TXN-00004609,ACC-000358,MER-00005,IDEMP-00004609,THB,12162,COMPLETED,2026-01-27 21:57:22,2026-01-27 22:02:17
TXN-00004610,ACC-000283,MER-00052,IDEMP-00004610,USD,1611,COMPLETED,2026-01-20 14:44:17,2026-01-20 14:48:09
TXN-00004611,ACC-000430,MER-00023,IDEMP-00004611,THB,580,COMPLETED,2026-02-01 06:38:58,2026-02-01 06:48:00
TXN-00004612,ACC-000150,MER-00060,IDEMP-00004612,SGD,1541,COMPLETED,2026-02-23 03:24:07,2026-02-23 03:25:10
TXN-00004613,ACC-000185,MER-00003,IDEMP-00004613,USD,1194,COMPLETED,2026-01-08 22:42:50,2026-01-08 22:45:44
TXN-00004614,ACC-000165,MER-00059,IDEMP-00004614,THB,13352,COMPLETED,2026-02-28 17:12:56,2026-02-28 17:16:44
TXN-00004615,ACC-000352,MER-00050,IDEMP-00004615,SGD,9244,COMPLETED,2026-01-29 11:40:33,2026-01-29 11:44:16
TXN-00004616,ACC-000194,MER-00078,IDEMP-00004616,SGD,10257,COMPLETED,2026-01-06 13:47:19,2026-01-06 13:54:07
TXN-00004617,ACC-000005,MER-00019,IDEMP-00004617,THB,2455,COMPLETED,2026-01-14 19:19:34,2026-01-14 19:23:49
TXN-00004618,ACC-000184,MER-00047,IDEMP-00004618,SGD,12524,COMPLETED,2026-02-06 21:22:39,2026-02-06 21:29:55
TXN-00004619,ACC-000448,MER-00071,IDEMP-00004619,USD,3601,COMPLETED,2026-01-06 20:47:04,2026-01-06 20:53:30
TXN-00004620,ACC-000059,MER-00002,IDEMP-00004620,SGD,16047,COMPLETED,2026-01-15 15:42:01,2026-01-15 15:48:31
TXN-00004621,ACC-000355,MER-00018,IDEMP-00004621,USD,21423,COMPLETED,2026-02-14 12:45:38,2026-02-14 12:50:20
TXN-00004622,ACC-000437,MER-00002,IDEMP-00004622,THB,5194,COMPLETED,2026-02-13 04:12:45,2026-02-13 04:22:04
TXN-00004623,ACC-000186,MER-00051,IDEMP-00004623,THB,7259,COMPLETED,2026-02-12 20:05:41,2026-02-12 20:09:13
TXN-00004624,ACC-000225,MER-00059,IDEMP-00004624,USD,3325,COMPLETED,2026-01-04 08:18:28,2026-01-04 08:23:40
TXN-00004625,ACC-000326,MER-00043,IDEMP-00004625,USD,752,DECLINED,2026-02-05 04:24:30,2026-02-05 04:33:06
TXN-00004626,ACC-000098,MER-00074,IDEMP-00004626,THB,54499,COMPLETED,2026-01-14 01:46:02,2026-01-14 01:48:43
TXN-00004627,ACC-000394,MER-00071,IDEMP-00004627,SGD,4957,COMPLETED,2026-02-06 17:23:26,2026-02-06 17:29:17
TXN-00004628,ACC-000406,MER-00002,IDEMP-00004628,THB,7100,COMPLETED,2026-02-14 21:12:31,2026-02-14 21:14:54
TXN-00004629,ACC-000213,MER-00017,IDEMP-00004629,THB,1326,COMPLETED,2026-01-02 14:28:31,2026-01-02 14:35:55
TXN-00004630,ACC-000275,MER-00076,IDEMP-00004630,SGD,2011,DECLINED,2026-02-17 18:54:23,2026-02-17 18:57:30
TXN-00004631,ACC-000347,MER-00050,IDEMP-00004631,USD,5217,PENDING,2026-02-28 05:19:40,
TXN-00004632,ACC-000113,MER-00080,IDEMP-00004632,THB,2003,COMPLETED,2026-03-01 21:21:28,2026-03-01 21:24:15
TXN-00004633,ACC-000338,MER-00071,IDEMP-00004633,THB,2487,PENDING,2026-01-03 00:12:50,
TXN-00004634,ACC-000404,MER-00019,IDEMP-00004634,SGD,8653,COMPLETED,2026-01-02 12:03:35,2026-01-02 12:08:22
TXN-00004635,ACC-000257,MER-00034,IDEMP-00004635,USD,881,COMPLETED,2026-02-21 03:01:38,2026-02-21 03:10:08
TXN-00004636,ACC-000071,MER-00052,IDEMP-00004636,USD,3281,COMPLETED,2026-02-04 11:34:19,2026-02-04 11:40:26
TXN-00004637,ACC-000403,MER-00011,IDEMP-00004637,USD,5514,COMPLETED,2026-01-23 20:30:34,2026-01-23 20:40:24
TXN-00004638,ACC-000258,MER-00041,IDEMP-00004638,THB,4120,COMPLETED,2026-02-10 12:05:40,2026-02-10 12:09:50
TXN-00004639,ACC-000055,MER-00028,IDEMP-00004639,THB,4368,DECLINED,2026-02-24 10:46:30,2026-02-24 10:50:22
TXN-00004640,ACC-000176,MER-00036,IDEMP-00004640,SGD,12422,COMPLETED,2026-01-25 22:04:33,2026-01-25 22:13:14
TXN-00004641,ACC-000371,MER-00017,IDEMP-00004641,USD,1602,COMPLETED,2026-01-02 12:20:48,2026-01-02 12:24:35
TXN-00004642,ACC-000170,MER-00042,IDEMP-00004642,USD,8992,COMPLETED,2026-01-18 13:12:47,2026-01-18 13:19:32
TXN-00004643,ACC-000144,MER-00075,IDEMP-00004643,SGD,21112,DECLINED,2026-02-09 02:49:37,2026-02-09 02:57:02
TXN-00004644,ACC-000332,MER-00067,IDEMP-00004644,THB,1956,COMPLETED,2026-02-07 13:33:44,2026-02-07 13:37:22
TXN-00004645,ACC-000172,MER-00052,IDEMP-00004645,THB,10079,PENDING,2026-02-09 10:30:54,
TXN-00004646,ACC-000372,MER-00050,IDEMP-00004646,SGD,2112,COMPLETED,2026-01-25 18:17:12,2026-01-25 18:22:22
TXN-00004647,ACC-000078,MER-00043,IDEMP-00004647,SGD,3995,CANCELLED,2026-02-22 23:34:14,2026-02-22 23:43:11
TXN-00004648,ACC-000412,MER-00053,IDEMP-00004648,THB,3307,PENDING,2026-02-04 00:29:56,
TXN-00004649,ACC-000427,MER-00015,IDEMP-00004649,THB,14722,COMPLETED,2026-01-27 00:30:43,2026-01-27 00:37:19
TXN-00004650,ACC-000018,MER-00058,IDEMP-00004650,THB,2119,COMPLETED,2026-02-19 01:22:50,2026-02-19 01:26:47
TXN-00004651,ACC-000333,MER-00051,IDEMP-00004651,USD,7706,COMPLETED,2026-02-19 13:04:41,2026-02-19 13:08:23
TXN-00004652,ACC-000210,MER-00062,IDEMP-00004652,USD,7613,COMPLETED,2026-01-15 10:38:39,2026-01-15 10:39:35
TXN-00004653,ACC-000406,MER-00020,IDEMP-00004653,THB,3150,COMPLETED,2026-01-12 11:20:28,2026-01-12 11:22:59
TXN-00004654,ACC-000092,MER-00041,IDEMP-00004654,SGD,4506,COMPLETED,2026-01-17 21:48:19,2026-01-17 21:52:07
TXN-00004655,ACC-000197,MER-00021,IDEMP-00004655,USD,1906,COMPLETED,2026-02-16 02:06:56,2026-02-16 02:07:20
TXN-00004656,ACC-000251,MER-00025,IDEMP-00004656,USD,5777,PENDING,2026-02-11 13:46:26,
TXN-00004657,ACC-000358,MER-00050,IDEMP-00004657,THB,4218,PENDING,2026-01-05 10:42:42,
TXN-00004658,ACC-000406,MER-00035,IDEMP-00004658,THB,964,COMPLETED,2026-02-21 03:41:47,2026-02-21 03:46:07
TXN-00004659,ACC-000069,MER-00044,IDEMP-00004659,SGD,14951,COMPLETED,2026-02-04 06:19:05,2026-02-04 06:25:50
TXN-00004660,ACC-000245,MER-00058,IDEMP-00004660,USD,1547,COMPLETED,2026-01-21 03:06:17,2026-01-21 03:12:24
TXN-00004661,ACC-000373,MER-00017,IDEMP-00004661,SGD,14448,COMPLETED,2026-01-15 09:06:38,2026-01-15 09:11:20
TXN-00004662,ACC-000159,MER-00038,IDEMP-00004662,USD,7152,COMPLETED,2026-02-22 23:17:46,2026-02-22 23:18:38
TXN-00004663,ACC-000033,MER-00078,IDEMP-00004663,USD,4359,COMPLETED,2026-02-20 23:21:56,2026-02-20 23:30:44
TXN-00004664,ACC-000437,MER-00051,IDEMP-00004664,THB,2837,COMPLETED,2026-01-25 05:25:25,2026-01-25 05:32:10
TXN-00004665,ACC-000388,MER-00047,IDEMP-00004665,USD,151981,COMPLETED,2026-01-22 14:27:58,2026-01-22 14:34:53
TXN-00004666,ACC-000120,MER-00046,IDEMP-00004666,THB,6244,DECLINED,2026-01-03 05:11:46,2026-01-03 05:14:08
TXN-00004667,ACC-000421,MER-00021,IDEMP-00004667,SGD,2795,COMPLETED,2026-02-26 20:52:12,2026-02-26 20:59:16
TXN-00004668,ACC-000075,MER-00062,IDEMP-00004668,SGD,10830,COMPLETED,2026-02-15 03:25:41,2026-02-15 03:34:05
TXN-00004669,ACC-000273,MER-00057,IDEMP-00004669,THB,17545,COMPLETED,2026-02-22 09:11:38,2026-02-22 09:11:40
TXN-00004670,ACC-000193,MER-00062,IDEMP-00004670,USD,25246,COMPLETED,2026-02-24 15:57:04,2026-02-24 16:03:15
TXN-00004671,ACC-000011,MER-00026,IDEMP-00004671,SGD,1621,COMPLETED,2026-02-12 07:58:23,2026-02-12 08:05:11
TXN-00004672,ACC-000027,MER-00020,IDEMP-00004672,SGD,2312,COMPLETED,2026-02-08 13:26:58,2026-02-08 13:30:05
TXN-00004673,ACC-000165,MER-00077,IDEMP-00004673,THB,11637,COMPLETED,2026-01-03 02:26:23,2026-01-03 02:29:02
TXN-00004674,ACC-000158,MER-00034,IDEMP-00004674,USD,8634,COMPLETED,2026-01-09 19:10:00,2026-01-09 19:11:12
TXN-00004675,ACC-000034,MER-00036,IDEMP-00004675,SGD,26025,PENDING,2026-01-04 23:55:44,
TXN-00004676,ACC-000312,MER-00072,IDEMP-00004676,SGD,27450,COMPLETED,2026-02-21 08:37:22,2026-02-21 08:46:36
TXN-00004677,ACC-000411,MER-00033,IDEMP-00004677,THB,4481,COMPLETED,2026-01-12 10:59:35,2026-01-12 11:01:00
TXN-00004678,ACC-000135,MER-00069,IDEMP-00004678,THB,14425,COMPLETED,2026-01-18 00:44:18,2026-01-18 00:44:36
TXN-00004679,ACC-000219,MER-00018,IDEMP-00004679,SGD,637,DECLINED,2026-01-01 05:30:14,2026-01-01 05:35:30
TXN-00004680,ACC-000177,MER-00016,IDEMP-00004680,USD,3213,COMPLETED,2026-02-03 07:25:41,2026-02-03 07:25:47
TXN-00004681,ACC-000096,MER-00020,IDEMP-00004681,SGD,49588,COMPLETED,2026-02-08 20:01:45,2026-02-08 20:11:24
TXN-00004682,ACC-000165,MER-00069,IDEMP-00004682,THB,4960,COMPLETED,2026-01-28 14:51:02,2026-01-28 14:52:54
TXN-00004683,ACC-000101,MER-00078,IDEMP-00004683,THB,2141,COMPLETED,2026-01-04 10:42:57,2026-01-04 10:52:40
TXN-00004684,ACC-000116,MER-00046,IDEMP-00004684,USD,1108,COMPLETED,2026-02-16 04:10:08,2026-02-16 04:11:35
TXN-00004685,ACC-000214,MER-00039,IDEMP-00004685,THB,27540,PENDING,2026-02-15 12:46:52,
TXN-00004686,ACC-000107,MER-00015,IDEMP-00004686,SGD,1128,COMPLETED,2026-01-18 00:54:17,2026-01-18 00:57:29
TXN-00004687,ACC-000035,MER-00038,IDEMP-00004687,THB,27864,COMPLETED,2026-01-03 15:31:47,2026-01-03 15:38:12
TXN-00004688,ACC-000214,MER-00048,IDEMP-00004688,THB,3619,COMPLETED,2026-02-18 00:24:49,2026-02-18 00:26:51
TXN-00004689,ACC-000027,MER-00055,IDEMP-00004689,SGD,7171,DECLINED,2026-01-01 19:25:03,2026-01-01 19:28:43
TXN-00004690,ACC-000239,MER-00047,IDEMP-00004690,USD,26489,COMPLETED,2026-01-30 03:14:41,2026-01-30 03:21:37
TXN-00004691,ACC-000381,MER-00065,IDEMP-00004691,USD,3020,COMPLETED,2026-02-27 18:47:05,2026-02-27 18:53:16
TXN-00004692,ACC-000286,MER-00075,IDEMP-00004692,THB,856,CANCELLED,2026-02-21 03:11:53,2026-02-21 03:19:58
TXN-00004693,ACC-000210,MER-00050,IDEMP-00004693,USD,5837,COMPLETED,2026-01-01 00:56:15,2026-01-01 01:00:51
TXN-00004694,ACC-000438,MER-00013,IDEMP-00004694,USD,2531,COMPLETED,2026-01-23 18:33:16,2026-01-23 18:41:16
TXN-00004695,ACC-000300,MER-00047,IDEMP-00004695,THB,2995,COMPLETED,2026-01-07 03:34:25,2026-01-07 03:39:35
TXN-00004696,ACC-000120,MER-00053,IDEMP-00004696,THB,3370,CANCELLED,2026-01-12 02:20:39,2026-01-12 02:29:43
TXN-00004697,ACC-000222,MER-00078,IDEMP-00004697,USD,8667,COMPLETED,2026-02-07 04:13:39,2026-02-07 04:14:13
TXN-00004698,ACC-000017,MER-00042,IDEMP-00004698,USD,41646,COMPLETED,2026-01-08 03:59:30,2026-01-08 04:06:34
TXN-00004699,ACC-000178,MER-00038,IDEMP-00004699,SGD,1764,DECLINED,2026-02-03 02:16:04,2026-02-03 02:21:37
TXN-00004700,ACC-000287,MER-00017,IDEMP-00004700,USD,7218,COMPLETED,2026-01-27 01:30:08,2026-01-27 01:38:24
TXN-00004701,ACC-000333,MER-00033,IDEMP-00004701,USD,5454,COMPLETED,2026-02-21 11:16:15,2026-02-21 11:19:24
TXN-00004702,ACC-000162,MER-00041,IDEMP-00004702,THB,9220,COMPLETED,2026-02-28 16:08:46,2026-02-28 16:12:42
TXN-00004703,ACC-000023,MER-00002,IDEMP-00004703,SGD,13307,COMPLETED,2026-02-05 15:16:03,2026-02-05 15:19:53
TXN-00004704,ACC-000028,MER-00023,IDEMP-00004704,SGD,10645,COMPLETED,2026-02-06 23:30:15,2026-02-06 23:32:57
TXN-00004705,ACC-000156,MER-00045,IDEMP-00004705,USD,3727,COMPLETED,2026-02-24 17:36:06,2026-02-24 17:43:08
TXN-00004706,ACC-000020,MER-00020,IDEMP-00004706,THB,2655,COMPLETED,2026-01-15 03:10:42,2026-01-15 03:18:24
TXN-00004707,ACC-000266,MER-00049,IDEMP-00004707,THB,43608,COMPLETED,2026-02-10 22:00:33,2026-02-10 22:09:08
TXN-00004708,ACC-000034,MER-00080,IDEMP-00004708,SGD,9377,CANCELLED,2026-01-17 16:33:46,2026-01-17 16:40:24
TXN-00004709,ACC-000353,MER-00032,IDEMP-00004709,THB,586,COMPLETED,2026-01-19 04:46:46,2026-01-19 04:54:39
TXN-00004710,ACC-000152,MER-00021,IDEMP-00004710,THB,7302,COMPLETED,2026-02-19 14:31:51,2026-02-19 14:40:44
TXN-00004711,ACC-000444,MER-00043,IDEMP-00004711,THB,12507,COMPLETED,2026-01-23 01:44:43,2026-01-23 01:48:47
TXN-00004712,ACC-000442,MER-00060,IDEMP-00004712,SGD,3670,COMPLETED,2026-01-10 06:09:04,2026-01-10 06:18:50
TXN-00004713,ACC-000377,MER-00027,IDEMP-00004713,THB,3675,PENDING,2026-01-08 09:04:35,
TXN-00004714,ACC-000037,MER-00065,IDEMP-00004714,USD,1636,COMPLETED,2026-02-10 06:08:47,2026-02-10 06:11:01
TXN-00004715,ACC-000314,MER-00059,IDEMP-00004715,THB,1826,DECLINED,2026-03-01 16:42:05,2026-03-01 16:43:44
TXN-00004716,ACC-000227,MER-00037,IDEMP-00004716,SGD,7727,COMPLETED,2026-02-21 14:12:09,2026-02-21 14:16:14
TXN-00004717,ACC-000033,MER-00006,IDEMP-00004717,USD,4524,COMPLETED,2026-02-08 15:17:56,2026-02-08 15:19:44
TXN-00004718,ACC-000315,MER-00072,IDEMP-00004718,THB,1861,COMPLETED,2026-02-03 09:38:10,2026-02-03 09:46:44
TXN-00004719,ACC-000199,MER-00001,IDEMP-00004719,USD,1620,DECLINED,2026-02-13 03:10:38,2026-02-13 03:10:54
TXN-00004720,ACC-000036,MER-00064,IDEMP-00004720,SGD,3773,COMPLETED,2026-01-10 10:33:21,2026-01-10 10:41:09
TXN-00004721,ACC-000323,MER-00002,IDEMP-00004721,USD,1415,COMPLETED,2026-02-19 15:55:32,2026-02-19 15:56:02
TXN-00004722,ACC-000169,MER-00011,IDEMP-00004722,USD,3711,DECLINED,2026-01-18 12:58:45,2026-01-18 13:02:50
TXN-00004723,ACC-000416,MER-00035,IDEMP-00004723,THB,19100,COMPLETED,2026-01-20 12:36:39,2026-01-20 12:44:46
TXN-00004724,ACC-000108,MER-00052,IDEMP-00004724,USD,5113,COMPLETED,2026-01-18 05:33:16,2026-01-18 05:37:11
TXN-00004725,ACC-000360,MER-00034,IDEMP-00004725,THB,6281,COMPLETED,2026-01-06 00:12:04,2026-01-06 00:18:05
TXN-00004726,ACC-000026,MER-00069,IDEMP-00004726,USD,2483,COMPLETED,2026-01-05 10:52:43,2026-01-05 10:55:34
TXN-00004727,ACC-000386,MER-00035,IDEMP-00004727,USD,6302,COMPLETED,2026-02-17 06:26:47,2026-02-17 06:30:08
TXN-00004728,ACC-000422,MER-00061,IDEMP-00004728,THB,1659,COMPLETED,2026-01-23 01:18:35,2026-01-23 01:23:46
TXN-00004729,ACC-000091,MER-00015,IDEMP-00004729,THB,5129,COMPLETED,2026-01-21 05:32:19,2026-01-21 05:35:01
TXN-00004730,ACC-000272,MER-00069,IDEMP-00004730,THB,1049,CANCELLED,2026-01-03 03:49:55,2026-01-03 03:53:14
TXN-00004731,ACC-000345,MER-00072,IDEMP-00004731,THB,3104,COMPLETED,2026-01-21 13:37:42,2026-01-21 13:39:22
TXN-00004732,ACC-000364,MER-00024,IDEMP-00004732,THB,913,COMPLETED,2026-01-17 20:30:42,2026-01-17 20:34:23
TXN-00004733,ACC-000190,MER-00033,IDEMP-00004733,USD,892,DECLINED,2026-02-22 12:02:29,2026-02-22 12:11:59
TXN-00004734,ACC-000094,MER-00053,IDEMP-00004734,SGD,2998,DECLINED,2026-02-07 01:46:14,2026-02-07 01:51:23
TXN-00004735,ACC-000296,MER-00010,IDEMP-00004735,USD,11605,COMPLETED,2026-02-05 10:04:03,2026-02-05 10:08:47
TXN-00004736,ACC-000049,MER-00055,IDEMP-00004736,USD,27518,COMPLETED,2026-01-11 14:34:59,2026-01-11 14:36:59
TXN-00004737,ACC-000170,MER-00041,IDEMP-00004737,USD,4452,COMPLETED,2026-01-06 02:59:29,2026-01-06 03:07:27
TXN-00004738,ACC-000212,MER-00037,IDEMP-00004738,THB,27203,COMPLETED,2026-01-11 08:24:37,2026-01-11 08:33:01
TXN-00004739,ACC-000303,MER-00013,IDEMP-00004739,SGD,769,COMPLETED,2026-03-01 09:04:42,2026-03-01 09:05:45
TXN-00004740,ACC-000004,MER-00073,IDEMP-00004740,THB,2639,DECLINED,2026-02-12 16:51:04,2026-02-12 16:55:13
TXN-00004741,ACC-000421,MER-00059,IDEMP-00004741,SGD,1774,COMPLETED,2026-02-17 09:27:21,2026-02-17 09:31:53
TXN-00004742,ACC-000309,MER-00001,IDEMP-00004742,SGD,1279,COMPLETED,2026-01-04 07:09:25,2026-01-04 07:13:48
TXN-00004743,ACC-000442,MER-00078,IDEMP-00004743,SGD,3370,COMPLETED,2026-01-31 16:41:34,2026-01-31 16:44:01
TXN-00004744,ACC-000284,MER-00074,IDEMP-00004744,SGD,15787,COMPLETED,2026-02-21 17:09:23,2026-02-21 17:12:36
TXN-00004745,ACC-000189,MER-00067,IDEMP-00004745,SGD,39451,COMPLETED,2026-01-11 11:43:36,2026-01-11 11:46:51
TXN-00004746,ACC-000193,MER-00013,IDEMP-00004746,USD,41268,COMPLETED,2026-02-05 16:54:37,2026-02-05 17:03:56
TXN-00004747,ACC-000179,MER-00073,IDEMP-00004747,THB,10896,COMPLETED,2026-01-22 05:14:13,2026-01-22 05:14:27
TXN-00004748,ACC-000401,MER-00045,IDEMP-00004748,THB,2333,COMPLETED,2026-02-13 19:27:34,2026-02-13 19:30:34
TXN-00004749,ACC-000331,MER-00045,IDEMP-00004749,USD,2116,COMPLETED,2026-01-19 20:26:03,2026-01-19 20:31:22
TXN-00004750,ACC-000025,MER-00025,IDEMP-00004750,USD,1732,COMPLETED,2026-02-11 22:15:49,2026-02-11 22:19:05
TXN-00004751,ACC-000156,MER-00024,IDEMP-00004751,USD,25392,COMPLETED,2026-02-06 20:38:59,2026-02-06 20:47:24
TXN-00004752,ACC-000085,MER-00040,IDEMP-00004752,USD,25583,COMPLETED,2026-02-25 08:56:15,2026-02-25 09:02:31
TXN-00004753,ACC-000328,MER-00008,IDEMP-00004753,THB,1169,COMPLETED,2026-02-26 17:01:30,2026-02-26 17:03:48
TXN-00004754,ACC-000289,MER-00014,IDEMP-00004754,SGD,1341,COMPLETED,2026-01-26 21:11:27,2026-01-26 21:14:17
TXN-00004755,ACC-000305,MER-00075,IDEMP-00004755,THB,25616,COMPLETED,2026-01-23 23:00:05,2026-01-23 23:07:57
TXN-00004756,ACC-000320,MER-00027,IDEMP-00004756,USD,2607,COMPLETED,2026-02-07 06:04:36,2026-02-07 06:05:20
TXN-00004757,ACC-000050,MER-00069,IDEMP-00004757,SGD,7478,COMPLETED,2026-01-14 09:38:49,2026-01-14 09:48:26
TXN-00004758,ACC-000253,MER-00016,IDEMP-00004758,SGD,1010,COMPLETED,2026-01-26 00:03:29,2026-01-26 00:11:51
TXN-00004759,ACC-000082,MER-00046,IDEMP-00004759,USD,6358,COMPLETED,2026-02-04 08:33:28,2026-02-04 08:38:22
TXN-00004760,ACC-000347,MER-00014,IDEMP-00004760,USD,303,COMPLETED,2026-01-09 04:49:21,2026-01-09 04:56:08
TXN-00004761,ACC-000190,MER-00005,IDEMP-00004761,USD,4020,COMPLETED,2026-01-09 10:23:25,2026-01-09 10:30:25
TXN-00004762,ACC-000337,MER-00075,IDEMP-00004762,THB,20653,COMPLETED,2026-02-26 14:05:22,2026-02-26 14:05:42
TXN-00004763,ACC-000069,MER-00016,IDEMP-00004763,SGD,25094,CANCELLED,2026-02-06 21:24:59,2026-02-06 21:25:08
TXN-00004764,ACC-000251,MER-00058,IDEMP-00004764,USD,2491,COMPLETED,2026-01-21 03:54:08,2026-01-21 03:58:50
TXN-00004765,ACC-000215,MER-00008,IDEMP-00004765,THB,7061,COMPLETED,2026-02-11 01:17:19,2026-02-11 01:24:15
TXN-00004766,ACC-000292,MER-00025,IDEMP-00004766,THB,5057,COMPLETED,2026-01-23 04:09:06,2026-01-23 04:10:31
TXN-00004767,ACC-000199,MER-00048,IDEMP-00004767,USD,3120,COMPLETED,2026-01-16 22:52:21,2026-01-16 22:56:25
TXN-00004768,ACC-000084,MER-00025,IDEMP-00004768,USD,2206,DECLINED,2026-02-08 09:00:33,2026-02-08 09:03:14
TXN-00004769,ACC-000141,MER-00006,IDEMP-00004769,USD,4456,COMPLETED,2026-01-02 21:51:39,2026-01-02 21:57:49
TXN-00004770,ACC-000313,MER-00002,IDEMP-00004770,THB,1086,COMPLETED,2026-01-16 21:14:03,2026-01-16 21:16:02
TXN-00004771,ACC-000105,MER-00055,IDEMP-00004771,SGD,1856,COMPLETED,2026-01-10 10:09:27,2026-01-10 10:15:59
TXN-00004772,ACC-000105,MER-00068,IDEMP-00004772,SGD,5246,COMPLETED,2026-02-02 16:26:40,2026-02-02 16:31:43
TXN-00004773,ACC-000252,MER-00027,IDEMP-00004773,SGD,7810,COMPLETED,2026-02-19 06:36:48,2026-02-19 06:37:24
TXN-00004774,ACC-000301,MER-00009,IDEMP-00004774,THB,15965,PENDING,2026-01-12 07:33:47,
TXN-00004775,ACC-000091,MER-00052,IDEMP-00004775,THB,1040,COMPLETED,2026-01-23 21:43:00,2026-01-23 21:45:52
TXN-00004776,ACC-000127,MER-00057,IDEMP-00004776,SGD,3940,COMPLETED,2026-02-02 18:58:12,2026-02-02 19:06:53
TXN-00004777,ACC-000093,MER-00014,IDEMP-00004777,SGD,3308,COMPLETED,2026-01-23 22:50:28,2026-01-23 23:00:18
TXN-00004778,ACC-000125,MER-00035,IDEMP-00004778,USD,2148,CANCELLED,2026-01-10 09:37:59,2026-01-10 09:46:05
TXN-00004779,ACC-000073,MER-00037,IDEMP-00004779,THB,4734,PENDING,2026-01-08 23:49:17,
TXN-00004780,ACC-000226,MER-00048,IDEMP-00004780,THB,3321,PENDING,2026-01-25 01:18:52,
TXN-00004781,ACC-000391,MER-00015,IDEMP-00004781,THB,2782,COMPLETED,2026-02-14 06:10:08,2026-02-14 06:13:03
TXN-00004782,ACC-000061,MER-00004,IDEMP-00004782,SGD,22064,COMPLETED,2026-02-27 16:26:18,2026-02-27 16:34:35
TXN-00004783,ACC-000436,MER-00070,IDEMP-00004783,SGD,34817,COMPLETED,2026-02-21 23:55:04,2026-02-21 23:59:28
TXN-00004784,ACC-000160,MER-00009,IDEMP-00004784,USD,2117,PENDING,2026-01-09 05:56:46,
TXN-00004785,ACC-000438,MER-00067,IDEMP-00004785,USD,602,COMPLETED,2026-02-22 11:05:04,2026-02-22 11:09:03
TXN-00004786,ACC-000378,MER-00050,IDEMP-00004786,USD,21099,PENDING,2026-01-08 20:11:07,
TXN-00004787,ACC-000040,MER-00013,IDEMP-00004787,USD,10319,COMPLETED,2026-01-20 16:09:36,2026-01-20 16:13:51
TXN-00004788,ACC-000016,MER-00048,IDEMP-00004788,SGD,9622,COMPLETED,2026-02-02 07:24:43,2026-02-02 07:31:07
TXN-00004789,ACC-000382,MER-00010,IDEMP-00004789,USD,2722,COMPLETED,2026-01-23 13:53:20,2026-01-23 13:54:44
TXN-00004790,ACC-000107,MER-00068,IDEMP-00004790,SGD,3908,PENDING,2026-02-24 01:19:01,
TXN-00004791,ACC-000259,MER-00043,IDEMP-00004791,THB,1299,COMPLETED,2026-01-19 12:03:45,2026-01-19 12:09:05
TXN-00004792,ACC-000262,MER-00080,IDEMP-00004792,THB,1859,COMPLETED,2026-02-21 03:01:04,2026-02-21 03:10:37
TXN-00004793,ACC-000340,MER-00055,IDEMP-00004793,SGD,6972,COMPLETED,2026-01-12 19:31:20,2026-01-12 19:38:44
TXN-00004794,ACC-000188,MER-00003,IDEMP-00004794,SGD,3394,COMPLETED,2026-01-14 06:56:39,2026-01-14 06:57:39
TXN-00004795,ACC-000067,MER-00016,IDEMP-00004795,THB,4824,COMPLETED,2026-02-22 06:56:41,2026-02-22 06:57:42
TXN-00004796,ACC-000104,MER-00073,IDEMP-00004796,THB,3327,PENDING,2026-01-01 22:18:37,
TXN-00004797,ACC-000414,MER-00014,IDEMP-00004797,USD,1664,COMPLETED,2026-02-25 22:27:18,2026-02-25 22:37:12
TXN-00004798,ACC-000338,MER-00068,IDEMP-00004798,THB,13483,COMPLETED,2026-02-20 06:40:33,2026-02-20 06:45:49
TXN-00004799,ACC-000116,MER-00034,IDEMP-00004799,USD,1571,COMPLETED,2026-01-26 04:30:34,2026-01-26 04:36:47
TXN-00004800,ACC-000261,MER-00040,IDEMP-00004800,THB,17073,COMPLETED,2026-02-28 03:00:32,2026-02-28 03:01:42
TXN-00004801,ACC-000435,MER-00037,IDEMP-00004801,SGD,417,COMPLETED,2026-01-01 21:36:55,2026-01-01 21:39:37
TXN-00004802,ACC-000266,MER-00031,IDEMP-00004802,THB,7179,COMPLETED,2026-02-26 18:00:36,2026-02-26 18:04:00
TXN-00004803,ACC-000374,MER-00040,IDEMP-00004803,USD,2677,COMPLETED,2026-02-21 06:46:25,2026-02-21 06:50:17
TXN-00004804,ACC-000156,MER-00037,IDEMP-00004804,USD,1744,COMPLETED,2026-02-08 07:59:04,2026-02-08 08:07:01
TXN-00004805,ACC-000012,MER-00014,IDEMP-00004805,SGD,7334,COMPLETED,2026-02-24 21:15:52,2026-02-24 21:23:39
TXN-00004806,ACC-000137,MER-00004,IDEMP-00004806,SGD,2460,DECLINED,2026-02-09 09:29:50,2026-02-09 09:34:23
TXN-00004807,ACC-000308,MER-00056,IDEMP-00004807,SGD,113824,COMPLETED,2026-02-14 06:14:53,2026-02-14 06:21:50
TXN-00004808,ACC-000095,MER-00065,IDEMP-00004808,USD,1471,DECLINED,2026-01-25 19:10:37,2026-01-25 19:15:36
TXN-00004809,ACC-000134,MER-00063,IDEMP-00004809,THB,768,COMPLETED,2026-02-25 11:49:43,2026-02-25 11:52:12
TXN-00004810,ACC-000016,MER-00057,IDEMP-00004810,SGD,3641,COMPLETED,2026-01-21 16:48:37,2026-01-21 16:58:18
TXN-00004811,ACC-000320,MER-00031,IDEMP-00004811,USD,1340,COMPLETED,2026-02-20 01:14:00,2026-02-20 01:15:38
TXN-00004812,ACC-000433,MER-00050,IDEMP-00004812,SGD,1152,COMPLETED,2026-01-14 06:17:33,2026-01-14 06:24:34
TXN-00004813,ACC-000357,MER-00023,IDEMP-00004813,SGD,1838,COMPLETED,2026-01-21 15:59:56,2026-01-21 16:02:51
TXN-00004814,ACC-000026,MER-00058,IDEMP-00004814,USD,1497,COMPLETED,2026-01-18 04:34:06,2026-01-18 04:39:56
TXN-00004815,ACC-000108,MER-00043,IDEMP-00004815,USD,1916,COMPLETED,2026-01-10 21:08:39,2026-01-10 21:18:34
TXN-00004816,ACC-000047,MER-00078,IDEMP-00004816,THB,7329,COMPLETED,2026-02-07 14:58:25,2026-02-07 15:08:20
TXN-00004817,ACC-000315,MER-00043,IDEMP-00004817,THB,15904,COMPLETED,2026-02-03 02:01:53,2026-02-03 02:05:11
TXN-00004818,ACC-000428,MER-00024,IDEMP-00004818,USD,1590,COMPLETED,2026-02-17 16:44:48,2026-02-17 16:53:20
TXN-00004819,ACC-000052,MER-00017,IDEMP-00004819,SGD,13457,COMPLETED,2026-02-08 03:14:01,2026-02-08 03:17:32
TXN-00004820,ACC-000358,MER-00057,IDEMP-00004820,THB,11173,COMPLETED,2026-01-28 22:48:54,2026-01-28 22:57:58
TXN-00004821,ACC-000274,MER-00050,IDEMP-00004821,USD,7018,COMPLETED,2026-02-20 16:18:18,2026-02-20 16:23:01
TXN-00004822,ACC-000278,MER-00067,IDEMP-00004822,USD,6211,COMPLETED,2026-01-22 16:37:43,2026-01-22 16:43:07
TXN-00004823,ACC-000317,MER-00001,IDEMP-00004823,USD,3043,COMPLETED,2026-02-17 12:08:01,2026-02-17 12:12:58
TXN-00004824,ACC-000124,MER-00075,IDEMP-00004824,USD,1239,COMPLETED,2026-02-13 23:01:17,2026-02-13 23:01:29
TXN-00004825,ACC-000248,MER-00063,IDEMP-00004825,USD,7962,COMPLETED,2026-02-24 12:12:49,2026-02-24 12:18:30
TXN-00004826,ACC-000306,MER-00010,IDEMP-00004826,SGD,21513,COMPLETED,2026-01-17 15:44:49,2026-01-17 15:49:02
TXN-00004827,ACC-000393,MER-00001,IDEMP-00004827,THB,1139,COMPLETED,2026-02-16 01:44:19,2026-02-16 01:44:45
TXN-00004828,ACC-000211,MER-00049,IDEMP-00004828,USD,10420,COMPLETED,2026-02-02 15:01:32,2026-02-02 15:04:28
TXN-00004829,ACC-000392,MER-00001,IDEMP-00004829,SGD,4461,COMPLETED,2026-01-14 05:41:51,2026-01-14 05:43:29
TXN-00004830,ACC-000427,MER-00061,IDEMP-00004830,THB,8330,CANCELLED,2026-01-30 20:36:55,2026-01-30 20:46:38
TXN-00004831,ACC-000158,MER-00068,IDEMP-00004831,USD,3365,COMPLETED,2026-02-09 23:45:12,2026-02-09 23:53:15
TXN-00004832,ACC-000060,MER-00040,IDEMP-00004832,SGD,3938,COMPLETED,2026-01-25 03:36:15,2026-01-25 03:44:52
TXN-00004833,ACC-000165,MER-00029,IDEMP-00004833,THB,731,COMPLETED,2026-02-08 10:47:44,2026-02-08 10:57:15
TXN-00004834,ACC-000025,MER-00013,IDEMP-00004834,USD,1046,COMPLETED,2026-02-20 14:42:09,2026-02-20 14:43:14
TXN-00004835,ACC-000406,MER-00065,IDEMP-00004835,THB,4695,COMPLETED,2026-02-09 03:32:46,2026-02-09 03:32:53
TXN-00004836,ACC-000421,MER-00036,IDEMP-00004836,SGD,2430,COMPLETED,2026-01-03 02:53:04,2026-01-03 02:53:25
TXN-00004837,ACC-000233,MER-00026,IDEMP-00004837,USD,1763,COMPLETED,2026-01-11 06:07:34,2026-01-11 06:11:07
TXN-00004838,ACC-000389,MER-00021,IDEMP-00004838,THB,9137,COMPLETED,2026-02-16 15:31:45,2026-02-16 15:37:35
TXN-00004839,ACC-000106,MER-00071,IDEMP-00004839,SGD,5302,COMPLETED,2026-02-12 15:26:07,2026-02-12 15:34:36
TXN-00004840,ACC-000044,MER-00028,IDEMP-00004840,USD,2025,COMPLETED,2026-02-14 22:14:08,2026-02-14 22:15:33
TXN-00004841,ACC-000204,MER-00003,IDEMP-00004841,THB,16581,COMPLETED,2026-02-16 05:31:08,2026-02-16 05:34:43
TXN-00004842,ACC-000330,MER-00074,IDEMP-00004842,USD,6218,CANCELLED,2026-01-23 13:42:46,2026-01-23 13:44:00
TXN-00004843,ACC-000411,MER-00078,IDEMP-00004843,THB,1082,COMPLETED,2026-01-19 17:53:31,2026-01-19 17:54:57
TXN-00004844,ACC-000257,MER-00071,IDEMP-00004844,USD,1204,COMPLETED,2026-02-16 15:13:57,2026-02-16 15:18:20
TXN-00004845,ACC-000377,MER-00044,IDEMP-00004845,THB,6792,CANCELLED,2026-01-19 11:28:44,2026-01-19 11:35:18
TXN-00004846,ACC-000022,MER-00063,IDEMP-00004846,SGD,6662,COMPLETED,2026-02-12 18:20:08,2026-02-12 18:28:02
TXN-00004847,ACC-000060,MER-00012,IDEMP-00004847,SGD,979,COMPLETED,2026-02-26 07:37:24,2026-02-26 07:40:36
TXN-00004848,ACC-000089,MER-00044,IDEMP-00004848,USD,6240,COMPLETED,2026-01-23 05:21:03,2026-01-23 05:30:19
TXN-00004849,ACC-000278,MER-00037,IDEMP-00004849,USD,5951,COMPLETED,2026-02-26 15:36:53,2026-02-26 15:42:23
TXN-00004850,ACC-000012,MER-00054,IDEMP-00004850,SGD,1194,COMPLETED,2026-02-07 00:26:47,2026-02-07 00:32:53
TXN-00004851,ACC-000266,MER-00059,IDEMP-00004851,THB,594,PENDING,2026-01-21 03:06:55,
TXN-00004852,ACC-000020,MER-00016,IDEMP-00004852,THB,6663,COMPLETED,2026-01-11 16:58:32,2026-01-11 17:04:05
TXN-00004853,ACC-000073,MER-00015,IDEMP-00004853,THB,6959,COMPLETED,2026-02-27 12:51:58,2026-02-27 12:55:44
TXN-00004854,ACC-000286,MER-00009,IDEMP-00004854,THB,29566,COMPLETED,2026-02-06 21:38:08,2026-02-06 21:41:31
TXN-00004855,ACC-000299,MER-00008,IDEMP-00004855,THB,11226,PENDING,2026-01-15 08:59:48,
TXN-00004856,ACC-000255,MER-00020,IDEMP-00004856,SGD,3226,COMPLETED,2026-02-28 17:02:50,2026-02-28 17:10:10
TXN-00004857,ACC-000095,MER-00040,IDEMP-00004857,USD,2696,COMPLETED,2026-01-16 12:25:48,2026-01-16 12:30:17
TXN-00004858,ACC-000294,MER-00021,IDEMP-00004858,SGD,1365,COMPLETED,2026-01-19 05:22:39,2026-01-19 05:27:49
TXN-00004859,ACC-000223,MER-00074,IDEMP-00004859,SGD,3039,COMPLETED,2026-01-03 10:40:20,2026-01-03 10:40:46
TXN-00004860,ACC-000147,MER-00069,IDEMP-00004860,USD,1720,CANCELLED,2026-02-22 02:04:59,2026-02-22 02:14:04
TXN-00004861,ACC-000219,MER-00029,IDEMP-00004861,SGD,7230,COMPLETED,2026-01-31 02:18:15,2026-01-31 02:22:36
TXN-00004862,ACC-000033,MER-00054,IDEMP-00004862,USD,1311,COMPLETED,2026-02-25 18:44:52,2026-02-25 18:49:00
TXN-00004863,ACC-000419,MER-00030,IDEMP-00004863,SGD,8308,COMPLETED,2026-01-26 05:01:39,2026-01-26 05:01:59
TXN-00004864,ACC-000448,MER-00029,IDEMP-00004864,USD,5077,DECLINED,2026-02-19 14:07:41,2026-02-19 14:16:37
TXN-00004865,ACC-000166,MER-00006,IDEMP-00004865,SGD,2919,COMPLETED,2026-01-02 15:00:32,2026-01-02 15:08:08
TXN-00004866,ACC-000304,MER-00074,IDEMP-00004866,SGD,2124,COMPLETED,2026-02-01 09:43:08,2026-02-01 09:47:16
TXN-00004867,ACC-000248,MER-00026,IDEMP-00004867,USD,17040,PENDING,2026-01-10 12:25:22,
TXN-00004868,ACC-000051,MER-00041,IDEMP-00004868,USD,1404,COMPLETED,2026-02-13 06:53:26,2026-02-13 06:54:43
TXN-00004869,ACC-000262,MER-00020,IDEMP-00004869,THB,5447,COMPLETED,2026-02-10 02:02:36,2026-02-10 02:11:48
TXN-00004870,ACC-000260,MER-00002,IDEMP-00004870,USD,7673,COMPLETED,2026-01-08 02:46:52,2026-01-08 02:49:05
TXN-00004871,ACC-000198,MER-00062,IDEMP-00004871,THB,18293,COMPLETED,2026-01-05 04:24:39,2026-01-05 04:33:31
TXN-00004872,ACC-000386,MER-00019,IDEMP-00004872,USD,3543,DECLINED,2026-01-08 03:36:54,2026-01-08 03:42:36
TXN-00004873,ACC-000178,MER-00063,IDEMP-00004873,SGD,3072,COMPLETED,2026-01-09 03:54:16,2026-01-09 03:56:42
TXN-00004874,ACC-000152,MER-00005,IDEMP-00004874,THB,20922,COMPLETED,2026-01-06 03:30:02,2026-01-06 03:31:52
TXN-00004875,ACC-000061,MER-00014,IDEMP-00004875,SGD,13143,COMPLETED,2026-01-27 01:13:36,2026-01-27 01:20:37
TXN-00004876,ACC-000216,MER-00011,IDEMP-00004876,USD,10971,COMPLETED,2026-02-05 04:41:16,2026-02-05 04:44:57
TXN-00004877,ACC-000144,MER-00026,IDEMP-00004877,SGD,353,PENDING,2026-02-21 17:13:06,
TXN-00004878,ACC-000030,MER-00037,IDEMP-00004878,SGD,4504,CANCELLED,2026-02-16 00:35:03,2026-02-16 00:41:49
TXN-00004879,ACC-000020,MER-00006,IDEMP-00004879,THB,15488,CANCELLED,2026-01-12 05:47:13,2026-01-12 05:48:38
TXN-00004880,ACC-000101,MER-00059,IDEMP-00004880,THB,6221,CANCELLED,2026-01-22 16:34:07,2026-01-22 16:43:29
TXN-00004881,ACC-000422,MER-00026,IDEMP-00004881,THB,5320,COMPLETED,2026-02-18 20:36:05,2026-02-18 20:37:52
TXN-00004882,ACC-000253,MER-00077,IDEMP-00004882,SGD,857,COMPLETED,2026-02-03 21:04:10,2026-02-03 21:12:25
TXN-00004883,ACC-000308,MER-00056,IDEMP-00004883,SGD,3749,COMPLETED,2026-02-02 16:21:34,2026-02-02 16:25:07
TXN-00004884,ACC-000085,MER-00057,IDEMP-00004884,USD,34267,COMPLETED,2026-02-20 21:47:04,2026-02-20 21:49:04
TXN-00004885,ACC-000356,MER-00026,IDEMP-00004885,SGD,2034,COMPLETED,2026-01-10 14:23:19,2026-01-10 14:32:03
TXN-00004886,ACC-000026,MER-00017,IDEMP-00004886,USD,2973,COMPLETED,2026-01-30 21:15:43,2026-01-30 21:20:16
TXN-00004887,ACC-000256,MER-00003,IDEMP-00004887,THB,8530,DECLINED,2026-01-27 12:29:12,2026-01-27 12:32:49
TXN-00004888,ACC-000145,MER-00064,IDEMP-00004888,SGD,4965,COMPLETED,2026-02-22 13:03:04,2026-02-22 13:10:23
TXN-00004889,ACC-000118,MER-00037,IDEMP-00004889,THB,6503,COMPLETED,2026-01-30 21:37:02,2026-01-30 21:43:05
TXN-00004890,ACC-000066,MER-00039,IDEMP-00004890,SGD,6269,COMPLETED,2026-02-07 06:40:42,2026-02-07 06:42:50
TXN-00004891,ACC-000194,MER-00008,IDEMP-00004891,SGD,13959,DECLINED,2026-02-14 14:34:23,2026-02-14 14:39:22
TXN-00004892,ACC-000219,MER-00031,IDEMP-00004892,SGD,1913,PENDING,2026-02-13 18:18:46,
TXN-00004893,ACC-000167,MER-00061,IDEMP-00004893,THB,30446,PENDING,2026-03-01 16:57:01,
TXN-00004894,ACC-000430,MER-00034,IDEMP-00004894,THB,5785,COMPLETED,2026-01-15 06:28:39,2026-01-15 06:31:31
TXN-00004895,ACC-000371,MER-00080,IDEMP-00004895,USD,7660,PENDING,2026-02-13 07:35:27,
TXN-00004896,ACC-000090,MER-00050,IDEMP-00004896,THB,4619,COMPLETED,2026-02-14 01:24:30,2026-02-14 01:24:55
TXN-00004897,ACC-000369,MER-00056,IDEMP-00004897,USD,5135,PENDING,2026-01-29 03:18:43,
TXN-00004898,ACC-000309,MER-00077,IDEMP-00004898,SGD,27636,CANCELLED,2026-01-28 00:48:49,2026-01-28 00:52:09
TXN-00004899,ACC-000075,MER-00069,IDEMP-00004899,SGD,2216,PENDING,2026-02-04 11:19:09,
TXN-00004900,ACC-000240,MER-00018,IDEMP-00004900,USD,18436,DECLINED,2026-01-20 14:42:59,2026-01-20 14:48:20
TXN-00004901,ACC-000440,MER-00031,IDEMP-00004901,SGD,2027,DECLINED,2026-02-11 11:11:44,2026-02-11 11:11:53
TXN-00004902,ACC-000034,MER-00030,IDEMP-00004902,SGD,3346,COMPLETED,2026-01-18 11:48:31,2026-01-18 11:55:23
TXN-00004903,ACC-000011,MER-00078,IDEMP-00004903,SGD,20345,COMPLETED,2026-02-25 10:01:24,2026-02-25 10:10:25
TXN-00004904,ACC-000444,MER-00008,IDEMP-00004904,THB,2055,PENDING,2026-02-06 14:41:40,
TXN-00004905,ACC-000333,MER-00002,IDEMP-00004905,USD,3950,CANCELLED,2026-01-03 05:26:48,2026-01-03 05:36:25
TXN-00004906,ACC-000221,MER-00009,IDEMP-00004906,USD,20203,COMPLETED,2026-02-08 16:40:37,2026-02-08 16:45:59
TXN-00004907,ACC-000153,MER-00061,IDEMP-00004907,SGD,3603,COMPLETED,2026-02-05 21:21:58,2026-02-05 21:26:54
TXN-00004908,ACC-000291,MER-00039,IDEMP-00004908,USD,14877,COMPLETED,2026-02-27 20:46:04,2026-02-27 20:47:30
TXN-00004909,ACC-000292,MER-00032,IDEMP-00004909,THB,2638,COMPLETED,2026-02-02 06:33:28,2026-02-02 06:42:22
TXN-00004910,ACC-000110,MER-00001,IDEMP-00004910,USD,2479,COMPLETED,2026-01-31 16:50:40,2026-01-31 16:53:23
TXN-00004911,ACC-000046,MER-00057,IDEMP-00004911,SGD,2824,COMPLETED,2026-01-04 21:02:24,2026-01-04 21:06:38
TXN-00004912,ACC-000009,MER-00016,IDEMP-00004912,SGD,3716,COMPLETED,2026-01-07 21:29:21,2026-01-07 21:36:37
TXN-00004913,ACC-000046,MER-00030,IDEMP-00004913,SGD,1937,COMPLETED,2026-01-19 17:27:57,2026-01-19 17:37:53
TXN-00004914,ACC-000392,MER-00077,IDEMP-00004914,SGD,22062,COMPLETED,2026-02-05 02:01:43,2026-02-05 02:10:53
TXN-00004915,ACC-000059,MER-00046,IDEMP-00004915,SGD,11304,COMPLETED,2026-01-20 22:48:20,2026-01-20 22:54:10
TXN-00004916,ACC-000044,MER-00036,IDEMP-00004916,USD,1781,COMPLETED,2026-01-08 12:00:24,2026-01-08 12:01:01
TXN-00004917,ACC-000352,MER-00008,IDEMP-00004917,SGD,6205,COMPLETED,2026-01-19 22:20:34,2026-01-19 22:28:26
TXN-00004918,ACC-000298,MER-00074,IDEMP-00004918,SGD,7468,COMPLETED,2026-01-06 13:15:03,2026-01-06 13:15:38
TXN-00004919,ACC-000428,MER-00073,IDEMP-00004919,USD,1089,COMPLETED,2026-01-26 04:59:08,2026-01-26 05:08:14
TXN-00004920,ACC-000380,MER-00051,IDEMP-00004920,SGD,6377,COMPLETED,2026-01-24 19:33:31,2026-01-24 19:39:50
TXN-00004921,ACC-000314,MER-00005,IDEMP-00004921,THB,7709,COMPLETED,2026-01-22 02:02:45,2026-01-22 02:04:23
TXN-00004922,ACC-000350,MER-00002,IDEMP-00004922,THB,7245,COMPLETED,2026-02-04 13:31:03,2026-02-04 13:34:22
TXN-00004923,ACC-000150,MER-00055,IDEMP-00004923,SGD,882,COMPLETED,2026-01-09 12:34:33,2026-01-09 12:35:04
TXN-00004924,ACC-000256,MER-00064,IDEMP-00004924,THB,23460,COMPLETED,2026-01-11 20:22:10,2026-01-11 20:30:02
TXN-00004925,ACC-000264,MER-00038,IDEMP-00004925,THB,3174,COMPLETED,2026-01-19 14:18:11,2026-01-19 14:20:51
TXN-00004926,ACC-000240,MER-00027,IDEMP-00004926,USD,3998,COMPLETED,2026-01-31 14:33:15,2026-01-31 14:36:15
TXN-00004927,ACC-000335,MER-00037,IDEMP-00004927,USD,1281,COMPLETED,2026-02-08 04:40:29,2026-02-08 04:43:43
TXN-00004928,ACC-000377,MER-00045,IDEMP-00004928,THB,6689,COMPLETED,2026-02-13 16:44:06,2026-02-13 16:51:56
TXN-00004929,ACC-000255,MER-00002,IDEMP-00004929,SGD,8425,COMPLETED,2026-02-21 09:22:50,2026-02-21 09:23:57
TXN-00004930,ACC-000102,MER-00066,IDEMP-00004930,THB,9072,COMPLETED,2026-01-02 17:32:39,2026-01-02 17:37:48
TXN-00004931,ACC-000425,MER-00006,IDEMP-00004931,THB,1382,COMPLETED,2026-02-04 02:08:41,2026-02-04 02:10:32
TXN-00004932,ACC-000129,MER-00068,IDEMP-00004932,SGD,1195,COMPLETED,2026-01-01 17:03:35,2026-01-01 17:11:40
TXN-00004933,ACC-000296,MER-00018,IDEMP-00004933,USD,7389,COMPLETED,2026-02-26 13:31:26,2026-02-26 13:38:44
TXN-00004934,ACC-000075,MER-00052,IDEMP-00004934,SGD,52741,COMPLETED,2026-01-04 17:36:24,2026-01-04 17:38:05
TXN-00004935,ACC-000194,MER-00045,IDEMP-00004935,SGD,11443,CANCELLED,2026-02-23 12:12:06,2026-02-23 12:20:22
TXN-00004936,ACC-000235,MER-00080,IDEMP-00004936,THB,2754,DECLINED,2026-02-21 16:54:44,2026-02-21 17:01:07
TXN-00004937,ACC-000355,MER-00035,IDEMP-00004937,USD,5071,COMPLETED,2026-01-01 02:30:13,2026-01-01 02:32:59
TXN-00004938,ACC-000024,MER-00030,IDEMP-00004938,SGD,3337,COMPLETED,2026-01-05 11:33:18,2026-01-05 11:41:05
TXN-00004939,ACC-000298,MER-00050,IDEMP-00004939,SGD,4877,COMPLETED,2026-02-19 22:31:24,2026-02-19 22:37:18
TXN-00004940,ACC-000359,MER-00067,IDEMP-00004940,THB,22508,COMPLETED,2026-01-21 23:50:14,2026-01-21 23:56:02
TXN-00004941,ACC-000044,MER-00023,IDEMP-00004941,USD,2456,COMPLETED,2026-01-19 03:56:13,2026-01-19 03:57:41
TXN-00004942,ACC-000234,MER-00052,IDEMP-00004942,SGD,642,PENDING,2026-01-04 11:19:32,
TXN-00004943,ACC-000399,MER-00071,IDEMP-00004943,USD,8998,PENDING,2026-01-14 08:04:31,
TXN-00004944,ACC-000121,MER-00066,IDEMP-00004944,THB,6559,COMPLETED,2026-01-28 23:34:13,2026-01-28 23:38:10
TXN-00004945,ACC-000384,MER-00012,IDEMP-00004945,USD,24371,COMPLETED,2026-02-11 11:22:49,2026-02-11 11:32:35
TXN-00004946,ACC-000079,MER-00025,IDEMP-00004946,SGD,2796,COMPLETED,2026-02-02 11:02:03,2026-02-02 11:03:54
TXN-00004947,ACC-000113,MER-00013,IDEMP-00004947,THB,4900,COMPLETED,2026-01-28 00:50:59,2026-01-28 00:57:37
TXN-00004948,ACC-000110,MER-00059,IDEMP-00004948,USD,10116,COMPLETED,2026-02-10 20:55:35,2026-02-10 21:05:04
TXN-00004949,ACC-000294,MER-00069,IDEMP-00004949,SGD,14816,COMPLETED,2026-02-09 22:02:59,2026-02-09 22:08:04
TXN-00004950,ACC-000118,MER-00022,IDEMP-00004950,THB,1990,COMPLETED,2026-02-09 16:00:29,2026-02-09 16:05:46
TXN-00004951,ACC-000308,MER-00065,IDEMP-00004951,SGD,7811,DECLINED,2026-02-16 09:46:35,2026-02-16 09:53:36
TXN-00004952,ACC-000189,MER-00049,IDEMP-00004952,SGD,2787,COMPLETED,2026-02-06 19:42:21,2026-02-06 19:46:45
TXN-00004953,ACC-000283,MER-00013,IDEMP-00004953,USD,6771,COMPLETED,2026-01-05 08:46:27,2026-01-05 08:48:54
TXN-00004954,ACC-000318,MER-00020,IDEMP-00004954,THB,9231,COMPLETED,2026-02-21 13:19:24,2026-02-21 13:22:03
TXN-00004955,ACC-000387,MER-00052,IDEMP-00004955,USD,4125,COMPLETED,2026-01-14 07:39:48,2026-01-14 07:46:14
TXN-00004956,ACC-000028,MER-00035,IDEMP-00004956,SGD,28969,COMPLETED,2026-02-10 02:44:19,2026-02-10 02:51:37
TXN-00004957,ACC-000053,MER-00022,IDEMP-00004957,THB,3188,COMPLETED,2026-01-21 17:24:48,2026-01-21 17:29:43
TXN-00004958,ACC-000053,MER-00062,IDEMP-00004958,THB,2225,DECLINED,2026-02-24 10:50:57,2026-02-24 10:51:16
TXN-00004959,ACC-000222,MER-00020,IDEMP-00004959,USD,9593,COMPLETED,2026-02-15 16:37:57,2026-02-15 16:44:14
TXN-00004960,ACC-000148,MER-00071,IDEMP-00004960,USD,3210,COMPLETED,2026-02-26 16:44:34,2026-02-26 16:47:29
TXN-00004961,ACC-000328,MER-00010,IDEMP-00004961,THB,22515,COMPLETED,2026-02-15 17:01:05,2026-02-15 17:06:36
TXN-00004962,ACC-000205,MER-00005,IDEMP-00004962,USD,11416,COMPLETED,2026-01-23 05:17:34,2026-01-23 05:27:17
TXN-00004963,ACC-000393,MER-00043,IDEMP-00004963,THB,12226,COMPLETED,2026-02-04 15:51:59,2026-02-04 15:57:05
TXN-00004964,ACC-000431,MER-00032,IDEMP-00004964,SGD,2231,COMPLETED,2026-01-22 18:21:33,2026-01-22 18:22:20
TXN-00004965,ACC-000424,MER-00077,IDEMP-00004965,USD,4364,COMPLETED,2026-02-24 10:20:30,2026-02-24 10:20:59
TXN-00004966,ACC-000157,MER-00061,IDEMP-00004966,THB,886,COMPLETED,2026-02-28 00:27:49,2026-02-28 00:34:07
TXN-00004967,ACC-000191,MER-00029,IDEMP-00004967,THB,5466,COMPLETED,2026-02-10 10:04:20,2026-02-10 10:08:51
TXN-00004968,ACC-000308,MER-00050,IDEMP-00004968,SGD,4509,COMPLETED,2026-02-18 06:12:14,2026-02-18 06:17:22
TXN-00004969,ACC-000401,MER-00069,IDEMP-00004969,THB,3491,COMPLETED,2026-01-24 09:33:14,2026-01-24 09:38:52
TXN-00004970,ACC-000245,MER-00009,IDEMP-00004970,USD,20109,DECLINED,2026-02-08 16:44:08,2026-02-08 16:48:46
TXN-00004971,ACC-000302,MER-00029,IDEMP-00004971,THB,1315,COMPLETED,2026-01-15 00:35:11,2026-01-15 00:39:09
TXN-00004972,ACC-000427,MER-00018,IDEMP-00004972,THB,8259,COMPLETED,2026-01-29 08:27:00,2026-01-29 08:36:23
TXN-00004973,ACC-000153,MER-00058,IDEMP-00004973,SGD,10595,DECLINED,2026-01-20 13:29:46,2026-01-20 13:38:57
TXN-00004974,ACC-000389,MER-00077,IDEMP-00004974,THB,20760,COMPLETED,2026-01-26 22:00:45,2026-01-26 22:08:29
TXN-00004975,ACC-000337,MER-00065,IDEMP-00004975,THB,3778,DECLINED,2026-01-08 10:14:53,2026-01-08 10:17:52
TXN-00004976,ACC-000415,MER-00007,IDEMP-00004976,SGD,15788,COMPLETED,2026-01-06 16:39:16,2026-01-06 16:49:06
TXN-00004977,ACC-000211,MER-00003,IDEMP-00004977,USD,1370,DECLINED,2026-01-27 01:58:20,2026-01-27 01:58:51
TXN-00004978,ACC-000268,MER-00039,IDEMP-00004978,SGD,2354,DECLINED,2026-01-20 18:43:00,2026-01-20 18:47:54
TXN-00004979,ACC-000161,MER-00048,IDEMP-00004979,USD,3022,COMPLETED,2026-02-21 16:44:34,2026-02-21 16:53:22
TXN-00004980,ACC-000278,MER-00016,IDEMP-00004980,USD,3223,CANCELLED,2026-02-20 22:52:20,2026-02-20 23:00:33
TXN-00004981,ACC-000424,MER-00020,IDEMP-00004981,USD,1806,COMPLETED,2026-01-06 15:15:38,2026-01-06 15:25:06
TXN-00004982,ACC-000201,MER-00007,IDEMP-00004982,SGD,1545,COMPLETED,2026-01-08 20:06:31,2026-01-08 20:08:04
TXN-00004983,ACC-000059,MER-00068,IDEMP-00004983,SGD,11308,COMPLETED,2026-02-21 12:40:49,2026-02-21 12:43:36
TXN-00004984,ACC-000050,MER-00035,IDEMP-00004984,SGD,17467,DECLINED,2026-02-04 09:28:17,2026-02-04 09:35:31
TXN-00004985,ACC-000395,MER-00013,IDEMP-00004985,USD,1533,COMPLETED,2026-01-07 23:19:22,2026-01-07 23:22:20
TXN-00004986,ACC-000298,MER-00049,IDEMP-00004986,SGD,14825,COMPLETED,2026-02-23 13:32:40,2026-02-23 13:35:17
TXN-00004987,ACC-000285,MER-00062,IDEMP-00004987,SGD,6437,COMPLETED,2026-01-30 00:02:06,2026-01-30 00:08:15
TXN-00004988,ACC-000142,MER-00045,IDEMP-00004988,THB,12197,COMPLETED,2026-01-11 06:10:10,2026-01-11 06:17:25
TXN-00004989,ACC-000304,MER-00053,IDEMP-00004989,SGD,511,COMPLETED,2026-02-25 01:43:10,2026-02-25 01:50:10
TXN-00004990,ACC-000133,MER-00058,IDEMP-00004990,USD,2632,COMPLETED,2026-01-06 20:11:57,2026-01-06 20:18:59
TXN-00004991,ACC-000433,MER-00054,IDEMP-00004991,SGD,2105,COMPLETED,2026-01-03 10:02:46,2026-01-03 10:10:22
TXN-00004992,ACC-000215,MER-00033,IDEMP-00004992,THB,4673,COMPLETED,2026-02-18 23:30:42,2026-02-18 23:34:33
TXN-00004993,ACC-000013,MER-00024,IDEMP-00004993,THB,692,COMPLETED,2026-02-07 02:47:44,2026-02-07 02:56:57
TXN-00004994,ACC-000133,MER-00059,IDEMP-00004994,USD,852,COMPLETED,2026-02-08 18:52:36,2026-02-08 18:55:51
TXN-00004995,ACC-000187,MER-00066,IDEMP-00004995,SGD,5933,COMPLETED,2026-02-23 19:31:44,2026-02-23 19:37:44
TXN-00004996,ACC-000173,MER-00009,IDEMP-00004996,SGD,5736,COMPLETED,2026-02-17 09:10:04,2026-02-17 09:16:50
TXN-00004997,ACC-000351,MER-00079,IDEMP-00004997,USD,14012,COMPLETED,2026-02-14 17:03:10,2026-02-14 17:05:41
TXN-00004998,ACC-000329,MER-00037,IDEMP-00004998,THB,22951,COMPLETED,2026-02-22 18:47:35,2026-02-22 18:49:15
TXN-00004999,ACC-000036,MER-00011,IDEMP-00004999,SGD,14175,COMPLETED,2026-01-11 15:11:55,2026-01-11 15:18:46
TXN-00005000,ACC-000069,MER-00024,IDEMP-00005000,SGD,2661,COMPLETED,2026-02-11 18:10:27,2026-02-11 18:14:54
